report_date,cut_off_date,coffee_type,origin,location_code,stock_category,quantity,unit
2025-10-03,,Arabica,Brazil,ANT,TOTAL_BAGS_CERTIFIED,31725,bags
2025-10-03,,Arabica,Burundi,ANT,TOTAL_BAGS_CERTIFIED,8000,bags
2025-10-03,,Arabica,Colombia,ANT,TOTAL_BAGS_CERTIFIED,272,bags
2025-10-03,,Arabica,Costa Rica,ANT,TOTAL_BAGS_CERTIFIED,250,bags
2025-10-03,,Arabica,El Salvador,ANT,TOTAL_BAGS_CERTIFIED,10765,bags
2025-10-03,,Arabica,Honduras,ANT,TOTAL_BAGS_CERTIFIED,32407,bags
2025-10-03,,Arabica,India,ANT,TOTAL_BAGS_CERTIFIED,21873,bags
2025-10-03,,Arabica,Kenya,ANT,TOTAL_BAGS_CERTIFIED,15830,bags
2025-10-03,,Arabica,Mexico,ANT,TOTAL_BAGS_CERTIFIED,110773,bags
2025-10-03,,Arabica,Nicaragua,ANT,TOTAL_BAGS_CERTIFIED,68720,bags
2025-10-03,,Arabica,Papua New Guinea,ANT,TOTAL_BAGS_CERTIFIED,3795,bags
2025-10-03,,Arabica,Peru,ANT,TOTAL_BAGS_CERTIFIED,46791,bags
2025-10-03,,Arabica,Rwanda,ANT,TOTAL_BAGS_CERTIFIED,5793,bags
2025-10-03,,Arabica,Tanzania,ANT,TOTAL_BAGS_CERTIFIED,47553,bags
2025-10-03,,Arabica,Uganda,ANT,TOTAL_BAGS_CERTIFIED,27415,bags
2025-10-03,,Arabica,Burundi,HA/BR,TOTAL_BAGS_CERTIFIED,3164,bags
2025-10-03,,Arabica,Honduras,HA/BR,TOTAL_BAGS_CERTIFIED,15550,bags
2025-10-03,,Arabica,India,HA/BR,TOTAL_BAGS_CERTIFIED,5504,bags
2025-10-03,,Arabica,Kenya,HA/BR,TOTAL_BAGS_CERTIFIED,2192,bags
2025-10-03,,Arabica,Papua New Guinea,HA/BR,TOTAL_BAGS_CERTIFIED,10365,bags
2025-10-03,,Arabica,Peru,HA/BR,TOTAL_BAGS_CERTIFIED,1240,bags
2025-10-03,,Arabica,Tanzania,HA/BR,TOTAL_BAGS_CERTIFIED,2760,bags
2025-10-03,,Arabica,Uganda,HA/BR,TOTAL_BAGS_CERTIFIED,320,bags
2025-10-03,,Arabica,Venezuela,HA/BR,TOTAL_BAGS_CERTIFIED,250,bags
2025-10-03,,Arabica,Brazil,HOU,TOTAL_BAGS_CERTIFIED,1548,bags
2025-10-03,,Arabica,Honduras,HOU,TOTAL_BAGS_CERTIFIED,10185,bags
2025-10-03,,Arabica,Mexico,HOU,TOTAL_BAGS_CERTIFIED,1714,bags
2025-10-03,,Arabica,Nicaragua,HOU,TOTAL_BAGS_CERTIFIED,275,bags
2025-10-03,,Arabica,India,MIAMI,TOTAL_BAGS_CERTIFIED,1030,bags
2025-10-03,,Arabica,Kenya,MIAMI,TOTAL_BAGS_CERTIFIED,710,bags
2025-10-03,,Arabica,Venezuela,MIAMI,TOTAL_BAGS_CERTIFIED,250,bags
2025-10-03,,Arabica,Colombia,NOLA,TOTAL_BAGS_CERTIFIED,471,bags
2025-10-03,,Arabica,Mexico,NOLA,TOTAL_BAGS_CERTIFIED,1612,bags
2025-10-03,,Arabica,Brazil,NY,TOTAL_BAGS_CERTIFIED,580,bags
2025-10-03,,Arabica,Honduras,NY,TOTAL_BAGS_CERTIFIED,537,bags
2025-10-03,,Arabica,Mexico,NY,TOTAL_BAGS_CERTIFIED,36292,bags
2025-10-03,,Arabica,Papua New Guinea,NY,TOTAL_BAGS_CERTIFIED,995,bags
2025-10-03,,Arabica,Peru,NY,TOTAL_BAGS_CERTIFIED,1100,bags
2025-10-03,,Arabica,Venezuela,NY,TOTAL_BAGS_CERTIFIED,8000,bags
2025-10-03,2025-10-02,Robusta,,ANT,NON_TENDERABLE,25,lots
2025-10-03,2025-10-02,Robusta,,ANT,VALID_CERTIFICATE,2765,lots
2025-10-03,2025-10-02,Robusta,,BAR,NON_TENDERABLE,1,lots
2025-10-03,2025-10-02,Robusta,,BAR,VALID_CERTIFICATE,19,lots
2025-10-03,2025-10-02,Robusta,,FEL,VALID_CERTIFICATE,452,lots
2025-10-03,2025-10-02,Robusta,,GEN,VALID_CERTIFICATE,5,lots
2025-10-03,2025-10-02,Robusta,,LON,NON_TENDERABLE,2,lots
2025-10-03,2025-10-02,Robusta,,LON,VALID_CERTIFICATE,3095,lots
2025-10-03,2025-10-02,Robusta,,NOR,VALID_CERTIFICATE,8,lots
2025-10-03,2025-10-02,Robusta,,TRI,VALID_CERTIFICATE,1,lots
2025-10-06,,Arabica,Brazil,ANT,TOTAL_BAGS_CERTIFIED,31607,bags
2025-10-06,,Arabica,Burundi,ANT,TOTAL_BAGS_CERTIFIED,8000,bags
2025-10-06,,Arabica,Colombia,ANT,TOTAL_BAGS_CERTIFIED,272,bags
2025-10-06,,Arabica,Costa Rica,ANT,TOTAL_BAGS_CERTIFIED,250,bags
2025-10-06,,Arabica,El Salvador,ANT,TOTAL_BAGS_CERTIFIED,10765,bags
2025-10-06,,Arabica,Honduras,ANT,TOTAL_BAGS_CERTIFIED,32407,bags
2025-10-06,,Arabica,India,ANT,TOTAL_BAGS_CERTIFIED,21873,bags
2025-10-06,,Arabica,Kenya,ANT,TOTAL_BAGS_CERTIFIED,15830,bags
2025-10-06,,Arabica,Mexico,ANT,TOTAL_BAGS_CERTIFIED,105618,bags
2025-10-06,,Arabica,Nicaragua,ANT,TOTAL_BAGS_CERTIFIED,68620,bags
2025-10-06,,Arabica,Papua New Guinea,ANT,TOTAL_BAGS_CERTIFIED,3795,bags
2025-10-06,,Arabica,Peru,ANT,TOTAL_BAGS_CERTIFIED,46616,bags
2025-10-06,,Arabica,Rwanda,ANT,TOTAL_BAGS_CERTIFIED,8763,bags
2025-10-06,,Arabica,Tanzania,ANT,TOTAL_BAGS_CERTIFIED,47233,bags
2025-10-06,,Arabica,Uganda,ANT,TOTAL_BAGS_CERTIFIED,27415,bags
2025-10-06,,Arabica,Burundi,HA/BR,TOTAL_BAGS_CERTIFIED,3164,bags
2025-10-06,,Arabica,Honduras,HA/BR,TOTAL_BAGS_CERTIFIED,15550,bags
2025-10-06,,Arabica,India,HA/BR,TOTAL_BAGS_CERTIFIED,5504,bags
2025-10-06,,Arabica,Kenya,HA/BR,TOTAL_BAGS_CERTIFIED,2192,bags
2025-10-06,,Arabica,Papua New Guinea,HA/BR,TOTAL_BAGS_CERTIFIED,10365,bags
2025-10-06,,Arabica,Peru,HA/BR,TOTAL_BAGS_CERTIFIED,1240,bags
2025-10-06,,Arabica,Tanzania,HA/BR,TOTAL_BAGS_CERTIFIED,2760,bags
2025-10-06,,Arabica,Uganda,HA/BR,TOTAL_BAGS_CERTIFIED,320,bags
2025-10-06,,Arabica,Venezuela,HA/BR,TOTAL_BAGS_CERTIFIED,250,bags
2025-10-06,,Arabica,Brazil,HOU,TOTAL_BAGS_CERTIFIED,1548,bags
2025-10-06,,Arabica,Honduras,HOU,TOTAL_BAGS_CERTIFIED,10185,bags
2025-10-06,,Arabica,Mexico,HOU,TOTAL_BAGS_CERTIFIED,1714,bags
2025-10-06,,Arabica,Nicaragua,HOU,TOTAL_BAGS_CERTIFIED,275,bags
2025-10-06,,Arabica,India,MIAMI,TOTAL_BAGS_CERTIFIED,1030,bags
2025-10-06,,Arabica,Kenya,MIAMI,TOTAL_BAGS_CERTIFIED,710,bags
2025-10-06,,Arabica,Venezuela,MIAMI,TOTAL_BAGS_CERTIFIED,250,bags
2025-10-06,,Arabica,Colombia,NOLA,TOTAL_BAGS_CERTIFIED,471,bags
2025-10-06,,Arabica,Mexico,NOLA,TOTAL_BAGS_CERTIFIED,1612,bags
2025-10-06,,Arabica,Brazil,NY,TOTAL_BAGS_CERTIFIED,580,bags
2025-10-06,,Arabica,Honduras,NY,TOTAL_BAGS_CERTIFIED,537,bags
2025-10-06,,Arabica,Mexico,NY,TOTAL_BAGS_CERTIFIED,35720,bags
2025-10-06,,Arabica,Papua New Guinea,NY,TOTAL_BAGS_CERTIFIED,995,bags
2025-10-06,,Arabica,Peru,NY,TOTAL_BAGS_CERTIFIED,1100,bags
2025-10-06,,Arabica,Venezuela,NY,TOTAL_BAGS_CERTIFIED,8000,bags
2025-10-06,2025-10-05,Robusta,,ANT,NON_TENDERABLE,25,lots
2025-10-06,2025-10-05,Robusta,,ANT,VALID_CERTIFICATE,2753,lots
2025-10-06,2025-10-05,Robusta,,BAR,NON_TENDERABLE,1,lots
2025-10-06,2025-10-05,Robusta,,BAR,VALID_CERTIFICATE,19,lots
2025-10-06,2025-10-05,Robusta,,FEL,VALID_CERTIFICATE,452,lots
2025-10-06,2025-10-05,Robusta,,GEN,VALID_CERTIFICATE,5,lots
2025-10-06,2025-10-05,Robusta,,LON,NON_TENDERABLE,2,lots
2025-10-06,2025-10-05,Robusta,,LON,VALID_CERTIFICATE,3095,lots
2025-10-06,2025-10-05,Robusta,,NOR,VALID_CERTIFICATE,8,lots
2025-10-06,2025-10-05,Robusta,,TRI,VALID_CERTIFICATE,1,lots
2025-10-07,,Arabica,Brazil,ANT,TOTAL_BAGS_CERTIFIED,31607,bags
2025-10-07,,Arabica,Burundi,ANT,TOTAL_BAGS_CERTIFIED,8000,bags
2025-10-07,,Arabica,Colombia,ANT,TOTAL_BAGS_CERTIFIED,272,bags
2025-10-07,,Arabica,Costa Rica,ANT,TOTAL_BAGS_CERTIFIED,250,bags
2025-10-07,,Arabica,El Salvador,ANT,TOTAL_BAGS_CERTIFIED,10765,bags
2025-10-07,,Arabica,Honduras,ANT,TOTAL_BAGS_CERTIFIED,32407,bags
2025-10-07,,Arabica,India,ANT,TOTAL_BAGS_CERTIFIED,21873,bags
2025-10-07,,Arabica,Kenya,ANT,TOTAL_BAGS_CERTIFIED,15830,bags
2025-10-07,,Arabica,Mexico,ANT,TOTAL_BAGS_CERTIFIED,105618,bags
2025-10-07,,Arabica,Nicaragua,ANT,TOTAL_BAGS_CERTIFIED,68470,bags
2025-10-07,,Arabica,Papua New Guinea,ANT,TOTAL_BAGS_CERTIFIED,3795,bags
2025-10-07,,Arabica,Peru,ANT,TOTAL_BAGS_CERTIFIED,46581,bags
2025-10-07,,Arabica,Rwanda,ANT,TOTAL_BAGS_CERTIFIED,8763,bags
2025-10-07,,Arabica,Tanzania,ANT,TOTAL_BAGS_CERTIFIED,47233,bags
2025-10-07,,Arabica,Uganda,ANT,TOTAL_BAGS_CERTIFIED,27415,bags
2025-10-07,,Arabica,Burundi,HA/BR,TOTAL_BAGS_CERTIFIED,3164,bags
2025-10-07,,Arabica,Honduras,HA/BR,TOTAL_BAGS_CERTIFIED,15550,bags
2025-10-07,,Arabica,India,HA/BR,TOTAL_BAGS_CERTIFIED,5504,bags
2025-10-07,,Arabica,Kenya,HA/BR,TOTAL_BAGS_CERTIFIED,2192,bags
2025-10-07,,Arabica,Papua New Guinea,HA/BR,TOTAL_BAGS_CERTIFIED,10365,bags
2025-10-07,,Arabica,Peru,HA/BR,TOTAL_BAGS_CERTIFIED,1240,bags
2025-10-07,,Arabica,Tanzania,HA/BR,TOTAL_BAGS_CERTIFIED,2760,bags
2025-10-07,,Arabica,Uganda,HA/BR,TOTAL_BAGS_CERTIFIED,320,bags
2025-10-07,,Arabica,Venezuela,HA/BR,TOTAL_BAGS_CERTIFIED,250,bags
2025-10-07,,Arabica,Brazil,HOU,TOTAL_BAGS_CERTIFIED,1548,bags
2025-10-07,,Arabica,Honduras,HOU,TOTAL_BAGS_CERTIFIED,10185,bags
2025-10-07,,Arabica,Mexico,HOU,TOTAL_BAGS_CERTIFIED,1714,bags
2025-10-07,,Arabica,Nicaragua,HOU,TOTAL_BAGS_CERTIFIED,275,bags
2025-10-07,,Arabica,India,MIAMI,TOTAL_BAGS_CERTIFIED,1030,bags
2025-10-07,,Arabica,Kenya,MIAMI,TOTAL_BAGS_CERTIFIED,710,bags
2025-10-07,,Arabica,Venezuela,MIAMI,TOTAL_BAGS_CERTIFIED,250,bags
2025-10-07,,Arabica,Colombia,NOLA,TOTAL_BAGS_CERTIFIED,471,bags
2025-10-07,,Arabica,Mexico,NOLA,TOTAL_BAGS_CERTIFIED,1612,bags
2025-10-07,,Arabica,Brazil,NY,TOTAL_BAGS_CERTIFIED,580,bags
2025-10-07,,Arabica,Honduras,NY,TOTAL_BAGS_CERTIFIED,537,bags
2025-10-07,,Arabica,Mexico,NY,TOTAL_BAGS_CERTIFIED,35434,bags
2025-10-07,,Arabica,Papua New Guinea,NY,TOTAL_BAGS_CERTIFIED,995,bags
2025-10-07,,Arabica,Peru,NY,TOTAL_BAGS_CERTIFIED,1100,bags
2025-10-07,,Arabica,Venezuela,NY,TOTAL_BAGS_CERTIFIED,8000,bags
2025-10-07,2025-10-06,Robusta,,ANT,NON_TENDERABLE,25,lots
2025-10-07,2025-10-06,Robusta,,ANT,VALID_CERTIFICATE,2713,lots
2025-10-07,2025-10-06,Robusta,,BAR,NON_TENDERABLE,1,lots
2025-10-07,2025-10-06,Robusta,,BAR,VALID_CERTIFICATE,19,lots
2025-10-07,2025-10-06,Robusta,,FEL,VALID_CERTIFICATE,452,lots
2025-10-07,2025-10-06,Robusta,,GEN,VALID_CERTIFICATE,5,lots
2025-10-07,2025-10-06,Robusta,,LON,NON_TENDERABLE,2,lots
2025-10-07,2025-10-06,Robusta,,LON,VALID_CERTIFICATE,3095,lots
2025-10-07,2025-10-06,Robusta,,NOR,VALID_CERTIFICATE,8,lots
2025-10-07,2025-10-06,Robusta,,TRI,VALID_CERTIFICATE,1,lots
2025-10-08,,Arabica,Brazil,ANT,TOTAL_BAGS_CERTIFIED,31607,bags
2025-10-08,,Arabica,Burundi,ANT,TOTAL_BAGS_CERTIFIED,8000,bags
2025-10-08,,Arabica,Colombia,ANT,TOTAL_BAGS_CERTIFIED,272,bags
2025-10-08,,Arabica,Costa Rica,ANT,TOTAL_BAGS_CERTIFIED,250,bags
2025-10-08,,Arabica,El Salvador,ANT,TOTAL_BAGS_CERTIFIED,10490,bags
2025-10-08,,Arabica,Honduras,ANT,TOTAL_BAGS_CERTIFIED,32407,bags
2025-10-08,,Arabica,India,ANT,TOTAL_BAGS_CERTIFIED,21873,bags
2025-10-08,,Arabica,Kenya,ANT,TOTAL_BAGS_CERTIFIED,15830,bags
2025-10-08,,Arabica,Mexico,ANT,TOTAL_BAGS_CERTIFIED,100935,bags
2025-10-08,,Arabica,Nicaragua,ANT,TOTAL_BAGS_CERTIFIED,68470,bags
2025-10-08,,Arabica,Papua New Guinea,ANT,TOTAL_BAGS_CERTIFIED,3795,bags
2025-10-08,,Arabica,Peru,ANT,TOTAL_BAGS_CERTIFIED,46581,bags
2025-10-08,,Arabica,Rwanda,ANT,TOTAL_BAGS_CERTIFIED,8763,bags
2025-10-08,,Arabica,Tanzania,ANT,TOTAL_BAGS_CERTIFIED,47233,bags
2025-10-08,,Arabica,Uganda,ANT,TOTAL_BAGS_CERTIFIED,27415,bags
2025-10-08,,Arabica,Burundi,HA/BR,TOTAL_BAGS_CERTIFIED,3164,bags
2025-10-08,,Arabica,Honduras,HA/BR,TOTAL_BAGS_CERTIFIED,15550,bags
2025-10-08,,Arabica,India,HA/BR,TOTAL_BAGS_CERTIFIED,5504,bags
2025-10-08,,Arabica,Kenya,HA/BR,TOTAL_BAGS_CERTIFIED,2192,bags
2025-10-08,,Arabica,Papua New Guinea,HA/BR,TOTAL_BAGS_CERTIFIED,10365,bags
2025-10-08,,Arabica,Peru,HA/BR,TOTAL_BAGS_CERTIFIED,1240,bags
2025-10-08,,Arabica,Tanzania,HA/BR,TOTAL_BAGS_CERTIFIED,2760,bags
2025-10-08,,Arabica,Uganda,HA/BR,TOTAL_BAGS_CERTIFIED,320,bags
2025-10-08,,Arabica,Venezuela,HA/BR,TOTAL_BAGS_CERTIFIED,250,bags
2025-10-08,,Arabica,Brazil,HOU,TOTAL_BAGS_CERTIFIED,1548,bags
2025-10-08,,Arabica,Honduras,HOU,TOTAL_BAGS_CERTIFIED,10185,bags
2025-10-08,,Arabica,Mexico,HOU,TOTAL_BAGS_CERTIFIED,1714,bags
2025-10-08,,Arabica,Nicaragua,HOU,TOTAL_BAGS_CERTIFIED,275,bags
2025-10-08,,Arabica,India,MIAMI,TOTAL_BAGS_CERTIFIED,1030,bags
2025-10-08,,Arabica,Kenya,MIAMI,TOTAL_BAGS_CERTIFIED,710,bags
2025-10-08,,Arabica,Venezuela,MIAMI,TOTAL_BAGS_CERTIFIED,250,bags
2025-10-08,,Arabica,Colombia,NOLA,TOTAL_BAGS_CERTIFIED,471,bags
2025-10-08,,Arabica,Mexico,NOLA,TOTAL_BAGS_CERTIFIED,1612,bags
2025-10-08,,Arabica,Brazil,NY,TOTAL_BAGS_CERTIFIED,580,bags
2025-10-08,,Arabica,Honduras,NY,TOTAL_BAGS_CERTIFIED,537,bags
2025-10-08,,Arabica,Mexico,NY,TOTAL_BAGS_CERTIFIED,31716,bags
2025-10-08,,Arabica,Papua New Guinea,NY,TOTAL_BAGS_CERTIFIED,995,bags
2025-10-08,,Arabica,Peru,NY,TOTAL_BAGS_CERTIFIED,1100,bags
2025-10-08,,Arabica,Venezuela,NY,TOTAL_BAGS_CERTIFIED,8000,bags
2025-10-08,2025-10-07,Robusta,,ANT,NON_TENDERABLE,25,lots
2025-10-08,2025-10-07,Robusta,,ANT,VALID_CERTIFICATE,2707,lots
2025-10-08,2025-10-07,Robusta,,BAR,NON_TENDERABLE,1,lots
2025-10-08,2025-10-07,Robusta,,BAR,VALID_CERTIFICATE,19,lots
2025-10-08,2025-10-07,Robusta,,FEL,VALID_CERTIFICATE,402,lots
2025-10-08,2025-10-07,Robusta,,GEN,VALID_CERTIFICATE,5,lots
2025-10-08,2025-10-07,Robusta,,LON,NON_TENDERABLE,2,lots
2025-10-08,2025-10-07,Robusta,,LON,VALID_CERTIFICATE,3095,lots
2025-10-08,2025-10-07,Robusta,,NOR,VALID_CERTIFICATE,8,lots
2025-10-08,2025-10-07,Robusta,,TRI,VALID_CERTIFICATE,1,lots
2025-10-09,,Arabica,Brazil,ANT,TOTAL_BAGS_CERTIFIED,31607,bags
2025-10-09,,Arabica,Burundi,ANT,TOTAL_BAGS_CERTIFIED,8000,bags
2025-10-09,,Arabica,Colombia,ANT,TOTAL_BAGS_CERTIFIED,272,bags
2025-10-09,,Arabica,Costa Rica,ANT,TOTAL_BAGS_CERTIFIED,250,bags
2025-10-09,,Arabica,El Salvador,ANT,TOTAL_BAGS_CERTIFIED,10490,bags
2025-10-09,,Arabica,Honduras,ANT,TOTAL_BAGS_CERTIFIED,31183,bags
2025-10-09,,Arabica,India,ANT,TOTAL_BAGS_CERTIFIED,21018,bags
2025-10-09,,Arabica,Kenya,ANT,TOTAL_BAGS_CERTIFIED,15830,bags
2025-10-09,,Arabica,Mexico,ANT,TOTAL_BAGS_CERTIFIED,100935,bags
2025-10-09,,Arabica,Nicaragua,ANT,TOTAL_BAGS_CERTIFIED,67774,bags
2025-10-09,,Arabica,Papua New Guinea,ANT,TOTAL_BAGS_CERTIFIED,3795,bags
2025-10-09,,Arabica,Peru,ANT,TOTAL_BAGS_CERTIFIED,44011,bags
2025-10-09,,Arabica,Rwanda,ANT,TOTAL_BAGS_CERTIFIED,9083,bags
2025-10-09,,Arabica,Tanzania,ANT,TOTAL_BAGS_CERTIFIED,47233,bags
2025-10-09,,Arabica,Uganda,ANT,TOTAL_BAGS_CERTIFIED,27415,bags
2025-10-09,,Arabica,Burundi,HA/BR,TOTAL_BAGS_CERTIFIED,3164,bags
2025-10-09,,Arabica,Honduras,HA/BR,TOTAL_BAGS_CERTIFIED,15550,bags
2025-10-09,,Arabica,India,HA/BR,TOTAL_BAGS_CERTIFIED,5504,bags
2025-10-09,,Arabica,Kenya,HA/BR,TOTAL_BAGS_CERTIFIED,2192,bags
2025-10-09,,Arabica,Papua New Guinea,HA/BR,TOTAL_BAGS_CERTIFIED,10365,bags
2025-10-09,,Arabica,Peru,HA/BR,TOTAL_BAGS_CERTIFIED,1240,bags
2025-10-09,,Arabica,Tanzania,HA/BR,TOTAL_BAGS_CERTIFIED,2760,bags
2025-10-09,,Arabica,Uganda,HA/BR,TOTAL_BAGS_CERTIFIED,320,bags
2025-10-09,,Arabica,Venezuela,HA/BR,TOTAL_BAGS_CERTIFIED,250,bags
2025-10-09,,Arabica,Brazil,HOU,TOTAL_BAGS_CERTIFIED,1548,bags
2025-10-09,,Arabica,Honduras,HOU,TOTAL_BAGS_CERTIFIED,10185,bags
2025-10-09,,Arabica,Mexico,HOU,TOTAL_BAGS_CERTIFIED,1714,bags
2025-10-09,,Arabica,Nicaragua,HOU,TOTAL_BAGS_CERTIFIED,275,bags
2025-10-09,,Arabica,India,MIAMI,TOTAL_BAGS_CERTIFIED,1030,bags
2025-10-09,,Arabica,Kenya,MIAMI,TOTAL_BAGS_CERTIFIED,710,bags
2025-10-09,,Arabica,Venezuela,MIAMI,TOTAL_BAGS_CERTIFIED,250,bags
2025-10-09,,Arabica,Colombia,NOLA,TOTAL_BAGS_CERTIFIED,471,bags
2025-10-09,,Arabica,Mexico,NOLA,TOTAL_BAGS_CERTIFIED,1612,bags
2025-10-09,,Arabica,Brazil,NY,TOTAL_BAGS_CERTIFIED,580,bags
2025-10-09,,Arabica,Honduras,NY,TOTAL_BAGS_CERTIFIED,537,bags
2025-10-09,,Arabica,Mexico,NY,TOTAL_BAGS_CERTIFIED,30286,bags
2025-10-09,,Arabica,Papua New Guinea,NY,TOTAL_BAGS_CERTIFIED,995,bags
2025-10-09,,Arabica,Peru,NY,TOTAL_BAGS_CERTIFIED,1100,bags
2025-10-09,,Arabica,Venezuela,NY,TOTAL_BAGS_CERTIFIED,8000,bags
2025-10-09,2025-10-08,Robusta,,ANT,NON_TENDERABLE,25,lots
2025-10-09,2025-10-08,Robusta,,ANT,VALID_CERTIFICATE,2707,lots
2025-10-09,2025-10-08,Robusta,,BAR,NON_TENDERABLE,1,lots
2025-10-09,2025-10-08,Robusta,,BAR,VALID_CERTIFICATE,19,lots
2025-10-09,2025-10-08,Robusta,,FEL,VALID_CERTIFICATE,402,lots
2025-10-09,2025-10-08,Robusta,,GEN,VALID_CERTIFICATE,5,lots
2025-10-09,2025-10-08,Robusta,,LON,NON_TENDERABLE,2,lots
2025-10-09,2025-10-08,Robusta,,LON,VALID_CERTIFICATE,3095,lots
2025-10-09,2025-10-08,Robusta,,NOR,VALID_CERTIFICATE,8,lots
2025-10-09,2025-10-08,Robusta,,TRI,VALID_CERTIFICATE,1,lots
2025-10-10,,Arabica,Brazil,ANT,TOTAL_BAGS_CERTIFIED,31607,bags
2025-10-10,,Arabica,Burundi,ANT,TOTAL_BAGS_CERTIFIED,8000,bags
2025-10-10,,Arabica,Colombia,ANT,TOTAL_BAGS_CERTIFIED,272,bags
2025-10-10,,Arabica,Costa Rica,ANT,TOTAL_BAGS_CERTIFIED,250,bags
2025-10-10,,Arabica,El Salvador,ANT,TOTAL_BAGS_CERTIFIED,10490,bags
2025-10-10,,Arabica,Honduras,ANT,TOTAL_BAGS_CERTIFIED,28433,bags
2025-10-10,,Arabica,India,ANT,TOTAL_BAGS_CERTIFIED,21018,bags
2025-10-10,,Arabica,Kenya,ANT,TOTAL_BAGS_CERTIFIED,15830,bags
2025-10-10,,Arabica,Mexico,ANT,TOTAL_BAGS_CERTIFIED,97910,bags
2025-10-10,,Arabica,Nicaragua,ANT,TOTAL_BAGS_CERTIFIED,67774,bags
2025-10-10,,Arabica,Papua New Guinea,ANT,TOTAL_BAGS_CERTIFIED,3795,bags
2025-10-10,,Arabica,Peru,ANT,TOTAL_BAGS_CERTIFIED,42275,bags
2025-10-10,,Arabica,Rwanda,ANT,TOTAL_BAGS_CERTIFIED,9083,bags
2025-10-10,,Arabica,Tanzania,ANT,TOTAL_BAGS_CERTIFIED,47233,bags
2025-10-10,,Arabica,Uganda,ANT,TOTAL_BAGS_CERTIFIED,24775,bags
2025-10-10,,Arabica,Burundi,HA/BR,TOTAL_BAGS_CERTIFIED,3164,bags
2025-10-10,,Arabica,Honduras,HA/BR,TOTAL_BAGS_CERTIFIED,15550,bags
2025-10-10,,Arabica,India,HA/BR,TOTAL_BAGS_CERTIFIED,5504,bags
2025-10-10,,Arabica,Kenya,HA/BR,TOTAL_BAGS_CERTIFIED,2192,bags
2025-10-10,,Arabica,Papua New Guinea,HA/BR,TOTAL_BAGS_CERTIFIED,10365,bags
2025-10-10,,Arabica,Peru,HA/BR,TOTAL_BAGS_CERTIFIED,1240,bags
2025-10-10,,Arabica,Tanzania,HA/BR,TOTAL_BAGS_CERTIFIED,2760,bags
2025-10-10,,Arabica,Uganda,HA/BR,TOTAL_BAGS_CERTIFIED,320,bags
2025-10-10,,Arabica,Venezuela,HA/BR,TOTAL_BAGS_CERTIFIED,250,bags
2025-10-10,,Arabica,Brazil,HOU,TOTAL_BAGS_CERTIFIED,1548,bags
2025-10-10,,Arabica,Honduras,HOU,TOTAL_BAGS_CERTIFIED,10185,bags
2025-10-10,,Arabica,Mexico,HOU,TOTAL_BAGS_CERTIFIED,1714,bags
2025-10-10,,Arabica,Nicaragua,HOU,TOTAL_BAGS_CERTIFIED,275,bags
2025-10-10,,Arabica,India,MIAMI,TOTAL_BAGS_CERTIFIED,1030,bags
2025-10-10,,Arabica,Kenya,MIAMI,TOTAL_BAGS_CERTIFIED,710,bags
2025-10-10,,Arabica,Venezuela,MIAMI,TOTAL_BAGS_CERTIFIED,250,bags
2025-10-10,,Arabica,Colombia,NOLA,TOTAL_BAGS_CERTIFIED,471,bags
2025-10-10,,Arabica,Mexico,NOLA,TOTAL_BAGS_CERTIFIED,1612,bags
2025-10-10,,Arabica,Brazil,NY,TOTAL_BAGS_CERTIFIED,580,bags
2025-10-10,,Arabica,Honduras,NY,TOTAL_BAGS_CERTIFIED,537,bags
2025-10-10,,Arabica,Mexico,NY,TOTAL_BAGS_CERTIFIED,30286,bags
2025-10-10,,Arabica,Papua New Guinea,NY,TOTAL_BAGS_CERTIFIED,995,bags
2025-10-10,,Arabica,Peru,NY,TOTAL_BAGS_CERTIFIED,1100,bags
2025-10-10,,Arabica,Venezuela,NY,TOTAL_BAGS_CERTIFIED,8000,bags
2025-10-10,2025-10-09,Robusta,,ANT,NON_TENDERABLE,25,lots
2025-10-10,2025-10-09,Robusta,,ANT,VALID_CERTIFICATE,2707,lots
2025-10-10,2025-10-09,Robusta,,BAR,NON_TENDERABLE,1,lots
2025-10-10,2025-10-09,Robusta,,BAR,VALID_CERTIFICATE,19,lots
2025-10-10,2025-10-09,Robusta,,FEL,VALID_CERTIFICATE,402,lots
2025-10-10,2025-10-09,Robusta,,GEN,VALID_CERTIFICATE,5,lots
2025-10-10,2025-10-09,Robusta,,LON,NON_TENDERABLE,2,lots
2025-10-10,2025-10-09,Robusta,,LON,VALID_CERTIFICATE,3095,lots
2025-10-10,2025-10-09,Robusta,,NOR,VALID_CERTIFICATE,8,lots
2025-10-10,2025-10-09,Robusta,,TRI,VALID_CERTIFICATE,1,lots
2025-10-13,,Arabica,Brazil,ANT,TOTAL_BAGS_CERTIFIED,31607,bags
2025-10-13,,Arabica,Burundi,ANT,TOTAL_BAGS_CERTIFIED,5440,bags
2025-10-13,,Arabica,Colombia,ANT,TOTAL_BAGS_CERTIFIED,272,bags
2025-10-13,,Arabica,Costa Rica,ANT,TOTAL_BAGS_CERTIFIED,250,bags
2025-10-13,,Arabica,El Salvador,ANT,TOTAL_BAGS_CERTIFIED,10490,bags
2025-10-13,,Arabica,Honduras,ANT,TOTAL_BAGS_CERTIFIED,28433,bags
2025-10-13,,Arabica,India,ANT,TOTAL_BAGS_CERTIFIED,15033,bags
2025-10-13,,Arabica,Kenya,ANT,TOTAL_BAGS_CERTIFIED,15830,bags
2025-10-13,,Arabica,Mexico,ANT,TOTAL_BAGS_CERTIFIED,97910,bags
2025-10-13,,Arabica,Nicaragua,ANT,TOTAL_BAGS_CERTIFIED,67524,bags
2025-10-13,,Arabica,Papua New Guinea,ANT,TOTAL_BAGS_CERTIFIED,3795,bags
2025-10-13,,Arabica,Peru,ANT,TOTAL_BAGS_CERTIFIED,42275,bags
2025-10-13,,Arabica,Rwanda,ANT,TOTAL_BAGS_CERTIFIED,9083,bags
2025-10-13,,Arabica,Tanzania,ANT,TOTAL_BAGS_CERTIFIED,47233,bags
2025-10-13,,Arabica,Uganda,ANT,TOTAL_BAGS_CERTIFIED,24775,bags
2025-10-13,,Arabica,Burundi,HA/BR,TOTAL_BAGS_CERTIFIED,3164,bags
2025-10-13,,Arabica,Honduras,HA/BR,TOTAL_BAGS_CERTIFIED,15550,bags
2025-10-13,,Arabica,India,HA/BR,TOTAL_BAGS_CERTIFIED,5504,bags
2025-10-13,,Arabica,Kenya,HA/BR,TOTAL_BAGS_CERTIFIED,2192,bags
2025-10-13,,Arabica,Papua New Guinea,HA/BR,TOTAL_BAGS_CERTIFIED,10365,bags
2025-10-13,,Arabica,Peru,HA/BR,TOTAL_BAGS_CERTIFIED,1240,bags
2025-10-13,,Arabica,Tanzania,HA/BR,TOTAL_BAGS_CERTIFIED,2760,bags
2025-10-13,,Arabica,Uganda,HA/BR,TOTAL_BAGS_CERTIFIED,320,bags
2025-10-13,,Arabica,Venezuela,HA/BR,TOTAL_BAGS_CERTIFIED,250,bags
2025-10-13,,Arabica,Brazil,HOU,TOTAL_BAGS_CERTIFIED,1548,bags
2025-10-13,,Arabica,Honduras,HOU,TOTAL_BAGS_CERTIFIED,10185,bags
2025-10-13,,Arabica,Mexico,HOU,TOTAL_BAGS_CERTIFIED,1714,bags
2025-10-13,,Arabica,Nicaragua,HOU,TOTAL_BAGS_CERTIFIED,275,bags
2025-10-13,,Arabica,India,MIAMI,TOTAL_BAGS_CERTIFIED,1030,bags
2025-10-13,,Arabica,Kenya,MIAMI,TOTAL_BAGS_CERTIFIED,710,bags
2025-10-13,,Arabica,Venezuela,MIAMI,TOTAL_BAGS_CERTIFIED,250,bags
2025-10-13,,Arabica,Colombia,NOLA,TOTAL_BAGS_CERTIFIED,471,bags
2025-10-13,,Arabica,Mexico,NOLA,TOTAL_BAGS_CERTIFIED,1612,bags
2025-10-13,,Arabica,Brazil,NY,TOTAL_BAGS_CERTIFIED,580,bags
2025-10-13,,Arabica,Honduras,NY,TOTAL_BAGS_CERTIFIED,537,bags
2025-10-13,,Arabica,Mexico,NY,TOTAL_BAGS_CERTIFIED,30286,bags
2025-10-13,,Arabica,Papua New Guinea,NY,TOTAL_BAGS_CERTIFIED,995,bags
2025-10-13,,Arabica,Peru,NY,TOTAL_BAGS_CERTIFIED,1100,bags
2025-10-13,,Arabica,Venezuela,NY,TOTAL_BAGS_CERTIFIED,5500,bags
2025-10-13,2025-10-12,Robusta,,ANT,NON_TENDERABLE,25,lots
2025-10-13,2025-10-12,Robusta,,ANT,VALID_CERTIFICATE,2706,lots
2025-10-13,2025-10-12,Robusta,,BAR,NON_TENDERABLE,1,lots
2025-10-13,2025-10-12,Robusta,,BAR,VALID_CERTIFICATE,19,lots
2025-10-13,2025-10-12,Robusta,,FEL,VALID_CERTIFICATE,402,lots
2025-10-13,2025-10-12,Robusta,,GEN,VALID_CERTIFICATE,5,lots
2025-10-13,2025-10-12,Robusta,,LON,NON_TENDERABLE,2,lots
2025-10-13,2025-10-12,Robusta,,LON,VALID_CERTIFICATE,3095,lots
2025-10-13,2025-10-12,Robusta,,NOR,VALID_CERTIFICATE,2,lots
2025-10-13,2025-10-12,Robusta,,TRI,VALID_CERTIFICATE,1,lots
2025-10-14,,Arabica,Brazil,ANT,TOTAL_BAGS_CERTIFIED,31607,bags
2025-10-14,,Arabica,Burundi,ANT,TOTAL_BAGS_CERTIFIED,4160,bags
2025-10-14,,Arabica,Colombia,ANT,TOTAL_BAGS_CERTIFIED,272,bags
2025-10-14,,Arabica,Costa Rica,ANT,TOTAL_BAGS_CERTIFIED,250,bags
2025-10-14,,Arabica,El Salvador,ANT,TOTAL_BAGS_CERTIFIED,10490,bags
2025-10-14,,Arabica,Honduras,ANT,TOTAL_BAGS_CERTIFIED,28433,bags
2025-10-14,,Arabica,India,ANT,TOTAL_BAGS_CERTIFIED,15033,bags
2025-10-14,,Arabica,Kenya,ANT,TOTAL_BAGS_CERTIFIED,15830,bags
2025-10-14,,Arabica,Mexico,ANT,TOTAL_BAGS_CERTIFIED,97910,bags
2025-10-14,,Arabica,Nicaragua,ANT,TOTAL_BAGS_CERTIFIED,67524,bags
2025-10-14,,Arabica,Papua New Guinea,ANT,TOTAL_BAGS_CERTIFIED,3795,bags
2025-10-14,,Arabica,Peru,ANT,TOTAL_BAGS_CERTIFIED,42275,bags
2025-10-14,,Arabica,Rwanda,ANT,TOTAL_BAGS_CERTIFIED,9083,bags
2025-10-14,,Arabica,Tanzania,ANT,TOTAL_BAGS_CERTIFIED,47233,bags
2025-10-14,,Arabica,Uganda,ANT,TOTAL_BAGS_CERTIFIED,24775,bags
2025-10-14,,Arabica,Burundi,HA/BR,TOTAL_BAGS_CERTIFIED,3164,bags
2025-10-14,,Arabica,Honduras,HA/BR,TOTAL_BAGS_CERTIFIED,15550,bags
2025-10-14,,Arabica,India,HA/BR,TOTAL_BAGS_CERTIFIED,5504,bags
2025-10-14,,Arabica,Kenya,HA/BR,TOTAL_BAGS_CERTIFIED,2192,bags
2025-10-14,,Arabica,Papua New Guinea,HA/BR,TOTAL_BAGS_CERTIFIED,10365,bags
2025-10-14,,Arabica,Peru,HA/BR,TOTAL_BAGS_CERTIFIED,1240,bags
2025-10-14,,Arabica,Tanzania,HA/BR,TOTAL_BAGS_CERTIFIED,2760,bags
2025-10-14,,Arabica,Uganda,HA/BR,TOTAL_BAGS_CERTIFIED,320,bags
2025-10-14,,Arabica,Venezuela,HA/BR,TOTAL_BAGS_CERTIFIED,250,bags
2025-10-14,,Arabica,Brazil,HOU,TOTAL_BAGS_CERTIFIED,1548,bags
2025-10-14,,Arabica,Honduras,HOU,TOTAL_BAGS_CERTIFIED,10185,bags
2025-10-14,,Arabica,Mexico,HOU,TOTAL_BAGS_CERTIFIED,1714,bags
2025-10-14,,Arabica,Nicaragua,HOU,TOTAL_BAGS_CERTIFIED,275,bags
2025-10-14,,Arabica,India,MIAMI,TOTAL_BAGS_CERTIFIED,1030,bags
2025-10-14,,Arabica,Kenya,MIAMI,TOTAL_BAGS_CERTIFIED,710,bags
2025-10-14,,Arabica,Venezuela,MIAMI,TOTAL_BAGS_CERTIFIED,250,bags
2025-10-14,,Arabica,Colombia,NOLA,TOTAL_BAGS_CERTIFIED,471,bags
2025-10-14,,Arabica,Mexico,NOLA,TOTAL_BAGS_CERTIFIED,1612,bags
2025-10-14,,Arabica,Brazil,NY,TOTAL_BAGS_CERTIFIED,580,bags
2025-10-14,,Arabica,Honduras,NY,TOTAL_BAGS_CERTIFIED,537,bags
2025-10-14,,Arabica,Mexico,NY,TOTAL_BAGS_CERTIFIED,30286,bags
2025-10-14,,Arabica,Papua New Guinea,NY,TOTAL_BAGS_CERTIFIED,995,bags
2025-10-14,,Arabica,Peru,NY,TOTAL_BAGS_CERTIFIED,1100,bags
2025-10-14,,Arabica,Venezuela,NY,TOTAL_BAGS_CERTIFIED,5500,bags
2025-10-14,2025-10-13,Robusta,,ANT,NON_TENDERABLE,25,lots
2025-10-14,2025-10-13,Robusta,,ANT,VALID_CERTIFICATE,2704,lots
2025-10-14,2025-10-13,Robusta,,BAR,NON_TENDERABLE,1,lots
2025-10-14,2025-10-13,Robusta,,BAR,VALID_CERTIFICATE,19,lots
2025-10-14,2025-10-13,Robusta,,FEL,VALID_CERTIFICATE,402,lots
2025-10-14,2025-10-13,Robusta,,GEN,VALID_CERTIFICATE,5,lots
2025-10-14,2025-10-13,Robusta,,LON,NON_TENDERABLE,2,lots
2025-10-14,2025-10-13,Robusta,,LON,VALID_CERTIFICATE,3095,lots
2025-10-14,2025-10-13,Robusta,,NOR,VALID_CERTIFICATE,2,lots
2025-10-14,2025-10-13,Robusta,,TRI,VALID_CERTIFICATE,1,lots
2025-10-15,,Arabica,Brazil,ANT,TOTAL_BAGS_CERTIFIED,31607,bags
2025-10-15,,Arabica,Burundi,ANT,TOTAL_BAGS_CERTIFIED,4160,bags
2025-10-15,,Arabica,Colombia,ANT,TOTAL_BAGS_CERTIFIED,272,bags
2025-10-15,,Arabica,Costa Rica,ANT,TOTAL_BAGS_CERTIFIED,250,bags
2025-10-15,,Arabica,El Salvador,ANT,TOTAL_BAGS_CERTIFIED,10490,bags
2025-10-15,,Arabica,Honduras,ANT,TOTAL_BAGS_CERTIFIED,28433,bags
2025-10-15,,Arabica,India,ANT,TOTAL_BAGS_CERTIFIED,15033,bags
2025-10-15,,Arabica,Kenya,ANT,TOTAL_BAGS_CERTIFIED,15830,bags
2025-10-15,,Arabica,Mexico,ANT,TOTAL_BAGS_CERTIFIED,97910,bags
2025-10-15,,Arabica,Nicaragua,ANT,TOTAL_BAGS_CERTIFIED,67524,bags
2025-10-15,,Arabica,Papua New Guinea,ANT,TOTAL_BAGS_CERTIFIED,3795,bags
2025-10-15,,Arabica,Peru,ANT,TOTAL_BAGS_CERTIFIED,40025,bags
2025-10-15,,Arabica,Rwanda,ANT,TOTAL_BAGS_CERTIFIED,9083,bags
2025-10-15,,Arabica,Tanzania,ANT,TOTAL_BAGS_CERTIFIED,47233,bags
2025-10-15,,Arabica,Uganda,ANT,TOTAL_BAGS_CERTIFIED,24775,bags
2025-10-15,,Arabica,Burundi,HA/BR,TOTAL_BAGS_CERTIFIED,3164,bags
2025-10-15,,Arabica,Honduras,HA/BR,TOTAL_BAGS_CERTIFIED,15550,bags
2025-10-15,,Arabica,India,HA/BR,TOTAL_BAGS_CERTIFIED,5504,bags
2025-10-15,,Arabica,Kenya,HA/BR,TOTAL_BAGS_CERTIFIED,2192,bags
2025-10-15,,Arabica,Papua New Guinea,HA/BR,TOTAL_BAGS_CERTIFIED,10365,bags
2025-10-15,,Arabica,Peru,HA/BR,TOTAL_BAGS_CERTIFIED,1240,bags
2025-10-15,,Arabica,Tanzania,HA/BR,TOTAL_BAGS_CERTIFIED,2760,bags
2025-10-15,,Arabica,Uganda,HA/BR,TOTAL_BAGS_CERTIFIED,320,bags
2025-10-15,,Arabica,Venezuela,HA/BR,TOTAL_BAGS_CERTIFIED,250,bags
2025-10-15,,Arabica,Brazil,HOU,TOTAL_BAGS_CERTIFIED,1548,bags
2025-10-15,,Arabica,Honduras,HOU,TOTAL_BAGS_CERTIFIED,10185,bags
2025-10-15,,Arabica,Mexico,HOU,TOTAL_BAGS_CERTIFIED,1714,bags
2025-10-15,,Arabica,Nicaragua,HOU,TOTAL_BAGS_CERTIFIED,275,bags
2025-10-15,,Arabica,India,MIAMI,TOTAL_BAGS_CERTIFIED,1030,bags
2025-10-15,,Arabica,Kenya,MIAMI,TOTAL_BAGS_CERTIFIED,710,bags
2025-10-15,,Arabica,Venezuela,MIAMI,TOTAL_BAGS_CERTIFIED,250,bags
2025-10-15,,Arabica,Colombia,NOLA,TOTAL_BAGS_CERTIFIED,471,bags
2025-10-15,,Arabica,Mexico,NOLA,TOTAL_BAGS_CERTIFIED,1612,bags
2025-10-15,,Arabica,Brazil,NY,TOTAL_BAGS_CERTIFIED,580,bags
2025-10-15,,Arabica,Honduras,NY,TOTAL_BAGS_CERTIFIED,537,bags
2025-10-15,,Arabica,Mexico,NY,TOTAL_BAGS_CERTIFIED,30286,bags
2025-10-15,,Arabica,Papua New Guinea,NY,TOTAL_BAGS_CERTIFIED,995,bags
2025-10-15,,Arabica,Peru,NY,TOTAL_BAGS_CERTIFIED,1100,bags
2025-10-15,,Arabica,Venezuela,NY,TOTAL_BAGS_CERTIFIED,5500,bags
2025-10-15,2025-10-14,Robusta,,ANT,NON_TENDERABLE,25,lots
2025-10-15,2025-10-14,Robusta,,ANT,VALID_CERTIFICATE,2699,lots
2025-10-15,2025-10-14,Robusta,,BAR,NON_TENDERABLE,1,lots
2025-10-15,2025-10-14,Robusta,,BAR,VALID_CERTIFICATE,19,lots
2025-10-15,2025-10-14,Robusta,,FEL,VALID_CERTIFICATE,402,lots
2025-10-15,2025-10-14,Robusta,,GEN,VALID_CERTIFICATE,5,lots
2025-10-15,2025-10-14,Robusta,,LON,NON_TENDERABLE,2,lots
2025-10-15,2025-10-14,Robusta,,LON,VALID_CERTIFICATE,3072,lots
2025-10-15,2025-10-14,Robusta,,NOR,VALID_CERTIFICATE,2,lots
2025-10-15,2025-10-14,Robusta,,TRI,VALID_CERTIFICATE,1,lots
2025-10-16,,Arabica,Brazil,ANT,TOTAL_BAGS_CERTIFIED,31607,bags
2025-10-16,,Arabica,Burundi,ANT,TOTAL_BAGS_CERTIFIED,4160,bags
2025-10-16,,Arabica,Colombia,ANT,TOTAL_BAGS_CERTIFIED,272,bags
2025-10-16,,Arabica,Costa Rica,ANT,TOTAL_BAGS_CERTIFIED,250,bags
2025-10-16,,Arabica,El Salvador,ANT,TOTAL_BAGS_CERTIFIED,10215,bags
2025-10-16,,Arabica,Honduras,ANT,TOTAL_BAGS_CERTIFIED,28433,bags
2025-10-16,,Arabica,India,ANT,TOTAL_BAGS_CERTIFIED,15033,bags
2025-10-16,,Arabica,Kenya,ANT,TOTAL_BAGS_CERTIFIED,15830,bags
2025-10-16,,Arabica,Mexico,ANT,TOTAL_BAGS_CERTIFIED,97910,bags
2025-10-16,,Arabica,Nicaragua,ANT,TOTAL_BAGS_CERTIFIED,67524,bags
2025-10-16,,Arabica,Papua New Guinea,ANT,TOTAL_BAGS_CERTIFIED,3795,bags
2025-10-16,,Arabica,Peru,ANT,TOTAL_BAGS_CERTIFIED,40025,bags
2025-10-16,,Arabica,Rwanda,ANT,TOTAL_BAGS_CERTIFIED,9083,bags
2025-10-16,,Arabica,Tanzania,ANT,TOTAL_BAGS_CERTIFIED,47233,bags
2025-10-16,,Arabica,Uganda,ANT,TOTAL_BAGS_CERTIFIED,24775,bags
2025-10-16,,Arabica,Burundi,HA/BR,TOTAL_BAGS_CERTIFIED,3164,bags
2025-10-16,,Arabica,Honduras,HA/BR,TOTAL_BAGS_CERTIFIED,15550,bags
2025-10-16,,Arabica,India,HA/BR,TOTAL_BAGS_CERTIFIED,5504,bags
2025-10-16,,Arabica,Kenya,HA/BR,TOTAL_BAGS_CERTIFIED,2192,bags
2025-10-16,,Arabica,Papua New Guinea,HA/BR,TOTAL_BAGS_CERTIFIED,10365,bags
2025-10-16,,Arabica,Peru,HA/BR,TOTAL_BAGS_CERTIFIED,1240,bags
2025-10-16,,Arabica,Tanzania,HA/BR,TOTAL_BAGS_CERTIFIED,2760,bags
2025-10-16,,Arabica,Uganda,HA/BR,TOTAL_BAGS_CERTIFIED,320,bags
2025-10-16,,Arabica,Venezuela,HA/BR,TOTAL_BAGS_CERTIFIED,250,bags
2025-10-16,,Arabica,Brazil,HOU,TOTAL_BAGS_CERTIFIED,1548,bags
2025-10-16,,Arabica,Honduras,HOU,TOTAL_BAGS_CERTIFIED,10185,bags
2025-10-16,,Arabica,Mexico,HOU,TOTAL_BAGS_CERTIFIED,1714,bags
2025-10-16,,Arabica,Nicaragua,HOU,TOTAL_BAGS_CERTIFIED,275,bags
2025-10-16,,Arabica,India,MIAMI,TOTAL_BAGS_CERTIFIED,1030,bags
2025-10-16,,Arabica,Kenya,MIAMI,TOTAL_BAGS_CERTIFIED,710,bags
2025-10-16,,Arabica,Venezuela,MIAMI,TOTAL_BAGS_CERTIFIED,250,bags
2025-10-16,,Arabica,Colombia,NOLA,TOTAL_BAGS_CERTIFIED,471,bags
2025-10-16,,Arabica,Mexico,NOLA,TOTAL_BAGS_CERTIFIED,1612,bags
2025-10-16,,Arabica,Brazil,NY,TOTAL_BAGS_CERTIFIED,580,bags
2025-10-16,,Arabica,Honduras,NY,TOTAL_BAGS_CERTIFIED,537,bags
2025-10-16,,Arabica,Mexico,NY,TOTAL_BAGS_CERTIFIED,30286,bags
2025-10-16,,Arabica,Papua New Guinea,NY,TOTAL_BAGS_CERTIFIED,995,bags
2025-10-16,,Arabica,Peru,NY,TOTAL_BAGS_CERTIFIED,1100,bags
2025-10-16,,Arabica,Venezuela,NY,TOTAL_BAGS_CERTIFIED,5000,bags
2025-10-16,2025-10-15,Robusta,,ANT,NON_TENDERABLE,23,lots
2025-10-16,2025-10-15,Robusta,,ANT,VALID_CERTIFICATE,2698,lots
2025-10-16,2025-10-15,Robusta,,BAR,NON_TENDERABLE,1,lots
2025-10-16,2025-10-15,Robusta,,BAR,VALID_CERTIFICATE,19,lots
2025-10-16,2025-10-15,Robusta,,FEL,VALID_CERTIFICATE,400,lots
2025-10-16,2025-10-15,Robusta,,GEN,VALID_CERTIFICATE,5,lots
2025-10-16,2025-10-15,Robusta,,LON,NON_TENDERABLE,2,lots
2025-10-16,2025-10-15,Robusta,,LON,VALID_CERTIFICATE,3052,lots
2025-10-16,2025-10-15,Robusta,,NOR,VALID_CERTIFICATE,2,lots
2025-10-16,2025-10-15,Robusta,,TRI,VALID_CERTIFICATE,1,lots
2025-10-17,,Arabica,Brazil,ANT,TOTAL_BAGS_CERTIFIED,24768,bags
2025-10-17,,Arabica,Burundi,ANT,TOTAL_BAGS_CERTIFIED,4160,bags
2025-10-17,,Arabica,Colombia,ANT,TOTAL_BAGS_CERTIFIED,272,bags
2025-10-17,,Arabica,Costa Rica,ANT,TOTAL_BAGS_CERTIFIED,250,bags
2025-10-17,,Arabica,El Salvador,ANT,TOTAL_BAGS_CERTIFIED,10215,bags
2025-10-17,,Arabica,Honduras,ANT,TOTAL_BAGS_CERTIFIED,28433,bags
2025-10-17,,Arabica,India,ANT,TOTAL_BAGS_CERTIFIED,15033,bags
2025-10-17,,Arabica,Kenya,ANT,TOTAL_BAGS_CERTIFIED,15830,bags
2025-10-17,,Arabica,Mexico,ANT,TOTAL_BAGS_CERTIFIED,94658,bags
2025-10-17,,Arabica,Nicaragua,ANT,TOTAL_BAGS_CERTIFIED,54954,bags
2025-10-17,,Arabica,Papua New Guinea,ANT,TOTAL_BAGS_CERTIFIED,3795,bags
2025-10-17,,Arabica,Peru,ANT,TOTAL_BAGS_CERTIFIED,40025,bags
2025-10-17,,Arabica,Rwanda,ANT,TOTAL_BAGS_CERTIFIED,9083,bags
2025-10-17,,Arabica,Tanzania,ANT,TOTAL_BAGS_CERTIFIED,47233,bags
2025-10-17,,Arabica,Uganda,ANT,TOTAL_BAGS_CERTIFIED,21048,bags
2025-10-17,,Arabica,Burundi,HA/BR,TOTAL_BAGS_CERTIFIED,3164,bags
2025-10-17,,Arabica,Honduras,HA/BR,TOTAL_BAGS_CERTIFIED,15550,bags
2025-10-17,,Arabica,India,HA/BR,TOTAL_BAGS_CERTIFIED,5504,bags
2025-10-17,,Arabica,Kenya,HA/BR,TOTAL_BAGS_CERTIFIED,2192,bags
2025-10-17,,Arabica,Papua New Guinea,HA/BR,TOTAL_BAGS_CERTIFIED,10365,bags
2025-10-17,,Arabica,Peru,HA/BR,TOTAL_BAGS_CERTIFIED,1240,bags
2025-10-17,,Arabica,Tanzania,HA/BR,TOTAL_BAGS_CERTIFIED,2760,bags
2025-10-17,,Arabica,Uganda,HA/BR,TOTAL_BAGS_CERTIFIED,320,bags
2025-10-17,,Arabica,Venezuela,HA/BR,TOTAL_BAGS_CERTIFIED,250,bags
2025-10-17,,Arabica,Brazil,HOU,TOTAL_BAGS_CERTIFIED,1548,bags
2025-10-17,,Arabica,Honduras,HOU,TOTAL_BAGS_CERTIFIED,9900,bags
2025-10-17,,Arabica,Mexico,HOU,TOTAL_BAGS_CERTIFIED,1714,bags
2025-10-17,,Arabica,Nicaragua,HOU,TOTAL_BAGS_CERTIFIED,275,bags
2025-10-17,,Arabica,India,MIAMI,TOTAL_BAGS_CERTIFIED,1030,bags
2025-10-17,,Arabica,Kenya,MIAMI,TOTAL_BAGS_CERTIFIED,710,bags
2025-10-17,,Arabica,Venezuela,MIAMI,TOTAL_BAGS_CERTIFIED,250,bags
2025-10-17,,Arabica,Colombia,NOLA,TOTAL_BAGS_CERTIFIED,471,bags
2025-10-17,,Arabica,Mexico,NOLA,TOTAL_BAGS_CERTIFIED,1612,bags
2025-10-17,,Arabica,Brazil,NY,TOTAL_BAGS_CERTIFIED,580,bags
2025-10-17,,Arabica,Honduras,NY,TOTAL_BAGS_CERTIFIED,537,bags
2025-10-17,,Arabica,Mexico,NY,TOTAL_BAGS_CERTIFIED,30286,bags
2025-10-17,,Arabica,Papua New Guinea,NY,TOTAL_BAGS_CERTIFIED,995,bags
2025-10-17,,Arabica,Peru,NY,TOTAL_BAGS_CERTIFIED,1100,bags
2025-10-17,,Arabica,Venezuela,NY,TOTAL_BAGS_CERTIFIED,5000,bags
2025-10-17,2025-10-16,Robusta,,ANT,NON_TENDERABLE,23,lots
2025-10-17,2025-10-16,Robusta,,ANT,VALID_CERTIFICATE,2697,lots
2025-10-17,2025-10-16,Robusta,,BAR,NON_TENDERABLE,1,lots
2025-10-17,2025-10-16,Robusta,,BAR,VALID_CERTIFICATE,19,lots
2025-10-17,2025-10-16,Robusta,,FEL,VALID_CERTIFICATE,400,lots
2025-10-17,2025-10-16,Robusta,,GEN,VALID_CERTIFICATE,5,lots
2025-10-17,2025-10-16,Robusta,,LON,NON_TENDERABLE,2,lots
2025-10-17,2025-10-16,Robusta,,LON,VALID_CERTIFICATE,3052,lots
2025-10-17,2025-10-16,Robusta,,NOR,VALID_CERTIFICATE,2,lots
2025-10-17,2025-10-16,Robusta,,TRI,VALID_CERTIFICATE,1,lots
2025-10-20,,Arabica,Brazil,ANT,TOTAL_BAGS_CERTIFIED,24768,bags
2025-10-20,,Arabica,Burundi,ANT,TOTAL_BAGS_CERTIFIED,4160,bags
2025-10-20,,Arabica,Colombia,ANT,TOTAL_BAGS_CERTIFIED,272,bags
2025-10-20,,Arabica,Costa Rica,ANT,TOTAL_BAGS_CERTIFIED,250,bags
2025-10-20,,Arabica,El Salvador,ANT,TOTAL_BAGS_CERTIFIED,10215,bags
2025-10-20,,Arabica,Honduras,ANT,TOTAL_BAGS_CERTIFIED,28433,bags
2025-10-20,,Arabica,India,ANT,TOTAL_BAGS_CERTIFIED,15033,bags
2025-10-20,,Arabica,Kenya,ANT,TOTAL_BAGS_CERTIFIED,15830,bags
2025-10-20,,Arabica,Mexico,ANT,TOTAL_BAGS_CERTIFIED,94658,bags
2025-10-20,,Arabica,Nicaragua,ANT,TOTAL_BAGS_CERTIFIED,54954,bags
2025-10-20,,Arabica,Papua New Guinea,ANT,TOTAL_BAGS_CERTIFIED,3795,bags
2025-10-20,,Arabica,Peru,ANT,TOTAL_BAGS_CERTIFIED,40025,bags
2025-10-20,,Arabica,Rwanda,ANT,TOTAL_BAGS_CERTIFIED,10383,bags
2025-10-20,,Arabica,Tanzania,ANT,TOTAL_BAGS_CERTIFIED,47233,bags
2025-10-20,,Arabica,Uganda,ANT,TOTAL_BAGS_CERTIFIED,21048,bags
2025-10-20,,Arabica,Burundi,HA/BR,TOTAL_BAGS_CERTIFIED,3164,bags
2025-10-20,,Arabica,Honduras,HA/BR,TOTAL_BAGS_CERTIFIED,15550,bags
2025-10-20,,Arabica,India,HA/BR,TOTAL_BAGS_CERTIFIED,5504,bags
2025-10-20,,Arabica,Kenya,HA/BR,TOTAL_BAGS_CERTIFIED,2192,bags
2025-10-20,,Arabica,Papua New Guinea,HA/BR,TOTAL_BAGS_CERTIFIED,10365,bags
2025-10-20,,Arabica,Peru,HA/BR,TOTAL_BAGS_CERTIFIED,1240,bags
2025-10-20,,Arabica,Tanzania,HA/BR,TOTAL_BAGS_CERTIFIED,2760,bags
2025-10-20,,Arabica,Uganda,HA/BR,TOTAL_BAGS_CERTIFIED,320,bags
2025-10-20,,Arabica,Venezuela,HA/BR,TOTAL_BAGS_CERTIFIED,250,bags
2025-10-20,,Arabica,Brazil,HOU,TOTAL_BAGS_CERTIFIED,1548,bags
2025-10-20,,Arabica,Honduras,HOU,TOTAL_BAGS_CERTIFIED,9900,bags
2025-10-20,,Arabica,Mexico,HOU,TOTAL_BAGS_CERTIFIED,1714,bags
2025-10-20,,Arabica,Nicaragua,HOU,TOTAL_BAGS_CERTIFIED,275,bags
2025-10-20,,Arabica,India,MIAMI,TOTAL_BAGS_CERTIFIED,1030,bags
2025-10-20,,Arabica,Kenya,MIAMI,TOTAL_BAGS_CERTIFIED,710,bags
2025-10-20,,Arabica,Venezuela,MIAMI,TOTAL_BAGS_CERTIFIED,250,bags
2025-10-20,,Arabica,Colombia,NOLA,TOTAL_BAGS_CERTIFIED,471,bags
2025-10-20,,Arabica,Mexico,NOLA,TOTAL_BAGS_CERTIFIED,1612,bags
2025-10-20,,Arabica,Brazil,NY,TOTAL_BAGS_CERTIFIED,580,bags
2025-10-20,,Arabica,Honduras,NY,TOTAL_BAGS_CERTIFIED,537,bags
2025-10-20,,Arabica,Mexico,NY,TOTAL_BAGS_CERTIFIED,30286,bags
2025-10-20,,Arabica,Papua New Guinea,NY,TOTAL_BAGS_CERTIFIED,995,bags
2025-10-20,,Arabica,Peru,NY,TOTAL_BAGS_CERTIFIED,1100,bags
2025-10-20,,Arabica,Venezuela,NY,TOTAL_BAGS_CERTIFIED,5000,bags
2025-10-20,2025-10-19,Robusta,,ANT,NON_TENDERABLE,20,lots
2025-10-20,2025-10-19,Robusta,,ANT,VALID_CERTIFICATE,2681,lots
2025-10-20,2025-10-19,Robusta,,BAR,NON_TENDERABLE,1,lots
2025-10-20,2025-10-19,Robusta,,BAR,VALID_CERTIFICATE,19,lots
2025-10-20,2025-10-19,Robusta,,FEL,VALID_CERTIFICATE,400,lots
2025-10-20,2025-10-19,Robusta,,GEN,VALID_CERTIFICATE,5,lots
2025-10-20,2025-10-19,Robusta,,LON,NON_TENDERABLE,2,lots
2025-10-20,2025-10-19,Robusta,,LON,VALID_CERTIFICATE,3052,lots
2025-10-20,2025-10-19,Robusta,,NOR,VALID_CERTIFICATE,2,lots
2025-10-20,2025-10-19,Robusta,,TRI,VALID_CERTIFICATE,1,lots
2025-10-21,,Arabica,Brazil,ANT,TOTAL_BAGS_CERTIFIED,24768,bags
2025-10-21,,Arabica,Burundi,ANT,TOTAL_BAGS_CERTIFIED,4160,bags
2025-10-21,,Arabica,Colombia,ANT,TOTAL_BAGS_CERTIFIED,272,bags
2025-10-21,,Arabica,Costa Rica,ANT,TOTAL_BAGS_CERTIFIED,250,bags
2025-10-21,,Arabica,El Salvador,ANT,TOTAL_BAGS_CERTIFIED,10215,bags
2025-10-21,,Arabica,Honduras,ANT,TOTAL_BAGS_CERTIFIED,28433,bags
2025-10-21,,Arabica,India,ANT,TOTAL_BAGS_CERTIFIED,15033,bags
2025-10-21,,Arabica,Kenya,ANT,TOTAL_BAGS_CERTIFIED,15830,bags
2025-10-21,,Arabica,Mexico,ANT,TOTAL_BAGS_CERTIFIED,94658,bags
2025-10-21,,Arabica,Nicaragua,ANT,TOTAL_BAGS_CERTIFIED,54954,bags
2025-10-21,,Arabica,Papua New Guinea,ANT,TOTAL_BAGS_CERTIFIED,3795,bags
2025-10-21,,Arabica,Peru,ANT,TOTAL_BAGS_CERTIFIED,40025,bags
2025-10-21,,Arabica,Rwanda,ANT,TOTAL_BAGS_CERTIFIED,10383,bags
2025-10-21,,Arabica,Tanzania,ANT,TOTAL_BAGS_CERTIFIED,47233,bags
2025-10-21,,Arabica,Uganda,ANT,TOTAL_BAGS_CERTIFIED,21048,bags
2025-10-21,,Arabica,Burundi,HA/BR,TOTAL_BAGS_CERTIFIED,3164,bags
2025-10-21,,Arabica,Honduras,HA/BR,TOTAL_BAGS_CERTIFIED,15550,bags
2025-10-21,,Arabica,India,HA/BR,TOTAL_BAGS_CERTIFIED,5504,bags
2025-10-21,,Arabica,Kenya,HA/BR,TOTAL_BAGS_CERTIFIED,2192,bags
2025-10-21,,Arabica,Papua New Guinea,HA/BR,TOTAL_BAGS_CERTIFIED,10365,bags
2025-10-21,,Arabica,Peru,HA/BR,TOTAL_BAGS_CERTIFIED,1240,bags
2025-10-21,,Arabica,Tanzania,HA/BR,TOTAL_BAGS_CERTIFIED,2760,bags
2025-10-21,,Arabica,Uganda,HA/BR,TOTAL_BAGS_CERTIFIED,320,bags
2025-10-21,,Arabica,Venezuela,HA/BR,TOTAL_BAGS_CERTIFIED,250,bags
2025-10-21,,Arabica,Brazil,HOU,TOTAL_BAGS_CERTIFIED,1548,bags
2025-10-21,,Arabica,Honduras,HOU,TOTAL_BAGS_CERTIFIED,9900,bags
2025-10-21,,Arabica,Mexico,HOU,TOTAL_BAGS_CERTIFIED,1714,bags
2025-10-21,,Arabica,Nicaragua,HOU,TOTAL_BAGS_CERTIFIED,275,bags
2025-10-21,,Arabica,India,MIAMI,TOTAL_BAGS_CERTIFIED,1030,bags
2025-10-21,,Arabica,Kenya,MIAMI,TOTAL_BAGS_CERTIFIED,710,bags
2025-10-21,,Arabica,Venezuela,MIAMI,TOTAL_BAGS_CERTIFIED,250,bags
2025-10-21,,Arabica,Colombia,NOLA,TOTAL_BAGS_CERTIFIED,471,bags
2025-10-21,,Arabica,Mexico,NOLA,TOTAL_BAGS_CERTIFIED,1612,bags
2025-10-21,,Arabica,Brazil,NY,TOTAL_BAGS_CERTIFIED,580,bags
2025-10-21,,Arabica,Honduras,NY,TOTAL_BAGS_CERTIFIED,537,bags
2025-10-21,,Arabica,Mexico,NY,TOTAL_BAGS_CERTIFIED,30286,bags
2025-10-21,,Arabica,Papua New Guinea,NY,TOTAL_BAGS_CERTIFIED,995,bags
2025-10-21,,Arabica,Peru,NY,TOTAL_BAGS_CERTIFIED,1100,bags
2025-10-21,,Arabica,Venezuela,NY,TOTAL_BAGS_CERTIFIED,5000,bags
2025-10-21,2025-10-20,Robusta,,ANT,NON_TENDERABLE,20,lots
2025-10-21,2025-10-20,Robusta,,ANT,VALID_CERTIFICATE,2673,lots
2025-10-21,2025-10-20,Robusta,,BAR,NON_TENDERABLE,1,lots
2025-10-21,2025-10-20,Robusta,,BAR,VALID_CERTIFICATE,19,lots
2025-10-21,2025-10-20,Robusta,,FEL,VALID_CERTIFICATE,400,lots
2025-10-21,2025-10-20,Robusta,,GEN,VALID_CERTIFICATE,5,lots
2025-10-21,2025-10-20,Robusta,,LON,NON_TENDERABLE,2,lots
2025-10-21,2025-10-20,Robusta,,LON,VALID_CERTIFICATE,3052,lots
2025-10-21,2025-10-20,Robusta,,NOR,VALID_CERTIFICATE,2,lots
2025-10-21,2025-10-20,Robusta,,TRI,VALID_CERTIFICATE,1,lots
2025-10-22,,Arabica,Brazil,ANT,TOTAL_BAGS_CERTIFIED,24768,bags
2025-10-22,,Arabica,Burundi,ANT,TOTAL_BAGS_CERTIFIED,4160,bags
2025-10-22,,Arabica,Colombia,ANT,TOTAL_BAGS_CERTIFIED,272,bags
2025-10-22,,Arabica,Costa Rica,ANT,TOTAL_BAGS_CERTIFIED,250,bags
2025-10-22,,Arabica,El Salvador,ANT,TOTAL_BAGS_CERTIFIED,10215,bags
2025-10-22,,Arabica,Honduras,ANT,TOTAL_BAGS_CERTIFIED,28433,bags
2025-10-22,,Arabica,India,ANT,TOTAL_BAGS_CERTIFIED,15033,bags
2025-10-22,,Arabica,Kenya,ANT,TOTAL_BAGS_CERTIFIED,15830,bags
2025-10-22,,Arabica,Mexico,ANT,TOTAL_BAGS_CERTIFIED,94658,bags
2025-10-22,,Arabica,Nicaragua,ANT,TOTAL_BAGS_CERTIFIED,54954,bags
2025-10-22,,Arabica,Papua New Guinea,ANT,TOTAL_BAGS_CERTIFIED,3795,bags
2025-10-22,,Arabica,Peru,ANT,TOTAL_BAGS_CERTIFIED,40025,bags
2025-10-22,,Arabica,Rwanda,ANT,TOTAL_BAGS_CERTIFIED,10383,bags
2025-10-22,,Arabica,Tanzania,ANT,TOTAL_BAGS_CERTIFIED,47233,bags
2025-10-22,,Arabica,Uganda,ANT,TOTAL_BAGS_CERTIFIED,21048,bags
2025-10-22,,Arabica,Burundi,HA/BR,TOTAL_BAGS_CERTIFIED,3164,bags
2025-10-22,,Arabica,Honduras,HA/BR,TOTAL_BAGS_CERTIFIED,15550,bags
2025-10-22,,Arabica,India,HA/BR,TOTAL_BAGS_CERTIFIED,5504,bags
2025-10-22,,Arabica,Kenya,HA/BR,TOTAL_BAGS_CERTIFIED,2192,bags
2025-10-22,,Arabica,Papua New Guinea,HA/BR,TOTAL_BAGS_CERTIFIED,10365,bags
2025-10-22,,Arabica,Peru,HA/BR,TOTAL_BAGS_CERTIFIED,1240,bags
2025-10-22,,Arabica,Tanzania,HA/BR,TOTAL_BAGS_CERTIFIED,2760,bags
2025-10-22,,Arabica,Uganda,HA/BR,TOTAL_BAGS_CERTIFIED,320,bags
2025-10-22,,Arabica,Venezuela,HA/BR,TOTAL_BAGS_CERTIFIED,250,bags
2025-10-22,,Arabica,Brazil,HOU,TOTAL_BAGS_CERTIFIED,1548,bags
2025-10-22,,Arabica,Honduras,HOU,TOTAL_BAGS_CERTIFIED,9900,bags
2025-10-22,,Arabica,Mexico,HOU,TOTAL_BAGS_CERTIFIED,1714,bags
2025-10-22,,Arabica,Nicaragua,HOU,TOTAL_BAGS_CERTIFIED,275,bags
2025-10-22,,Arabica,India,MIAMI,TOTAL_BAGS_CERTIFIED,1030,bags
2025-10-22,,Arabica,Kenya,MIAMI,TOTAL_BAGS_CERTIFIED,710,bags
2025-10-22,,Arabica,Venezuela,MIAMI,TOTAL_BAGS_CERTIFIED,250,bags
2025-10-22,,Arabica,Colombia,NOLA,TOTAL_BAGS_CERTIFIED,471,bags
2025-10-22,,Arabica,Mexico,NOLA,TOTAL_BAGS_CERTIFIED,1612,bags
2025-10-22,,Arabica,Brazil,NY,TOTAL_BAGS_CERTIFIED,580,bags
2025-10-22,,Arabica,Honduras,NY,TOTAL_BAGS_CERTIFIED,537,bags
2025-10-22,,Arabica,Mexico,NY,TOTAL_BAGS_CERTIFIED,30286,bags
2025-10-22,,Arabica,Papua New Guinea,NY,TOTAL_BAGS_CERTIFIED,995,bags
2025-10-22,,Arabica,Peru,NY,TOTAL_BAGS_CERTIFIED,1100,bags
2025-10-22,,Arabica,Venezuela,NY,TOTAL_BAGS_CERTIFIED,2500,bags
2025-10-22,2025-10-21,Robusta,,ANT,NON_TENDERABLE,20,lots
2025-10-22,2025-10-21,Robusta,,ANT,VALID_CERTIFICATE,2662,lots
2025-10-22,2025-10-21,Robusta,,BAR,NON_TENDERABLE,1,lots
2025-10-22,2025-10-21,Robusta,,BAR,VALID_CERTIFICATE,19,lots
2025-10-22,2025-10-21,Robusta,,FEL,VALID_CERTIFICATE,400,lots
2025-10-22,2025-10-21,Robusta,,GEN,VALID_CERTIFICATE,5,lots
2025-10-22,2025-10-21,Robusta,,LON,NON_TENDERABLE,2,lots
2025-10-22,2025-10-21,Robusta,,LON,VALID_CERTIFICATE,3052,lots
2025-10-22,2025-10-21,Robusta,,NOR,VALID_CERTIFICATE,2,lots
2025-10-22,2025-10-21,Robusta,,TRI,VALID_CERTIFICATE,1,lots
2025-10-23,,Arabica,Brazil,ANT,TOTAL_BAGS_CERTIFIED,24177,bags
2025-10-23,,Arabica,Burundi,ANT,TOTAL_BAGS_CERTIFIED,4160,bags
2025-10-23,,Arabica,Colombia,ANT,TOTAL_BAGS_CERTIFIED,272,bags
2025-10-23,,Arabica,Costa Rica,ANT,TOTAL_BAGS_CERTIFIED,250,bags
2025-10-23,,Arabica,El Salvador,ANT,TOTAL_BAGS_CERTIFIED,10215,bags
2025-10-23,,Arabica,Honduras,ANT,TOTAL_BAGS_CERTIFIED,28433,bags
2025-10-23,,Arabica,India,ANT,TOTAL_BAGS_CERTIFIED,14658,bags
2025-10-23,,Arabica,Kenya,ANT,TOTAL_BAGS_CERTIFIED,14550,bags
2025-10-23,,Arabica,Mexico,ANT,TOTAL_BAGS_CERTIFIED,94658,bags
2025-10-23,,Arabica,Nicaragua,ANT,TOTAL_BAGS_CERTIFIED,54954,bags
2025-10-23,,Arabica,Papua New Guinea,ANT,TOTAL_BAGS_CERTIFIED,3795,bags
2025-10-23,,Arabica,Peru,ANT,TOTAL_BAGS_CERTIFIED,40025,bags
2025-10-23,,Arabica,Rwanda,ANT,TOTAL_BAGS_CERTIFIED,10383,bags
2025-10-23,,Arabica,Tanzania,ANT,TOTAL_BAGS_CERTIFIED,47233,bags
2025-10-23,,Arabica,Uganda,ANT,TOTAL_BAGS_CERTIFIED,21048,bags
2025-10-23,,Arabica,Burundi,HA/BR,TOTAL_BAGS_CERTIFIED,3164,bags
2025-10-23,,Arabica,Honduras,HA/BR,TOTAL_BAGS_CERTIFIED,15550,bags
2025-10-23,,Arabica,India,HA/BR,TOTAL_BAGS_CERTIFIED,5504,bags
2025-10-23,,Arabica,Kenya,HA/BR,TOTAL_BAGS_CERTIFIED,2192,bags
2025-10-23,,Arabica,Papua New Guinea,HA/BR,TOTAL_BAGS_CERTIFIED,10365,bags
2025-10-23,,Arabica,Peru,HA/BR,TOTAL_BAGS_CERTIFIED,1240,bags
2025-10-23,,Arabica,Tanzania,HA/BR,TOTAL_BAGS_CERTIFIED,2760,bags
2025-10-23,,Arabica,Uganda,HA/BR,TOTAL_BAGS_CERTIFIED,320,bags
2025-10-23,,Arabica,Venezuela,HA/BR,TOTAL_BAGS_CERTIFIED,250,bags
2025-10-23,,Arabica,Brazil,HOU,TOTAL_BAGS_CERTIFIED,1548,bags
2025-10-23,,Arabica,Honduras,HOU,TOTAL_BAGS_CERTIFIED,9900,bags
2025-10-23,,Arabica,Mexico,HOU,TOTAL_BAGS_CERTIFIED,856,bags
2025-10-23,,Arabica,Nicaragua,HOU,TOTAL_BAGS_CERTIFIED,275,bags
2025-10-23,,Arabica,India,MIAMI,TOTAL_BAGS_CERTIFIED,1030,bags
2025-10-23,,Arabica,Kenya,MIAMI,TOTAL_BAGS_CERTIFIED,710,bags
2025-10-23,,Arabica,Venezuela,MIAMI,TOTAL_BAGS_CERTIFIED,250,bags
2025-10-23,,Arabica,Colombia,NOLA,TOTAL_BAGS_CERTIFIED,471,bags
2025-10-23,,Arabica,Mexico,NOLA,TOTAL_BAGS_CERTIFIED,1612,bags
2025-10-23,,Arabica,Brazil,NY,TOTAL_BAGS_CERTIFIED,580,bags
2025-10-23,,Arabica,Honduras,NY,TOTAL_BAGS_CERTIFIED,537,bags
2025-10-23,,Arabica,Mexico,NY,TOTAL_BAGS_CERTIFIED,30286,bags
2025-10-23,,Arabica,Papua New Guinea,NY,TOTAL_BAGS_CERTIFIED,995,bags
2025-10-23,,Arabica,Peru,NY,TOTAL_BAGS_CERTIFIED,1100,bags
2025-10-23,,Arabica,Venezuela,NY,TOTAL_BAGS_CERTIFIED,2500,bags
2025-10-23,2025-10-22,Robusta,,ANT,NON_TENDERABLE,20,lots
2025-10-23,2025-10-22,Robusta,,ANT,VALID_CERTIFICATE,2662,lots
2025-10-23,2025-10-22,Robusta,,BAR,NON_TENDERABLE,1,lots
2025-10-23,2025-10-22,Robusta,,BAR,VALID_CERTIFICATE,19,lots
2025-10-23,2025-10-22,Robusta,,FEL,VALID_CERTIFICATE,400,lots
2025-10-23,2025-10-22,Robusta,,GEN,VALID_CERTIFICATE,5,lots
2025-10-23,2025-10-22,Robusta,,LON,NON_TENDERABLE,2,lots
2025-10-23,2025-10-22,Robusta,,LON,VALID_CERTIFICATE,3052,lots
2025-10-23,2025-10-22,Robusta,,NOR,VALID_CERTIFICATE,2,lots
2025-10-23,2025-10-22,Robusta,,TRI,VALID_CERTIFICATE,1,lots
2025-10-24,,Arabica,Brazil,ANT,TOTAL_BAGS_CERTIFIED,24005,bags
2025-10-24,,Arabica,Burundi,ANT,TOTAL_BAGS_CERTIFIED,4160,bags
2025-10-24,,Arabica,Colombia,ANT,TOTAL_BAGS_CERTIFIED,272,bags
2025-10-24,,Arabica,Costa Rica,ANT,TOTAL_BAGS_CERTIFIED,250,bags
2025-10-24,,Arabica,El Salvador,ANT,TOTAL_BAGS_CERTIFIED,10215,bags
2025-10-24,,Arabica,Honduras,ANT,TOTAL_BAGS_CERTIFIED,28433,bags
2025-10-24,,Arabica,India,ANT,TOTAL_BAGS_CERTIFIED,13520,bags
2025-10-24,,Arabica,Kenya,ANT,TOTAL_BAGS_CERTIFIED,14550,bags
2025-10-24,,Arabica,Mexico,ANT,TOTAL_BAGS_CERTIFIED,85152,bags
2025-10-24,,Arabica,Nicaragua,ANT,TOTAL_BAGS_CERTIFIED,54829,bags
2025-10-24,,Arabica,Papua New Guinea,ANT,TOTAL_BAGS_CERTIFIED,3795,bags
2025-10-24,,Arabica,Peru,ANT,TOTAL_BAGS_CERTIFIED,36788,bags
2025-10-24,,Arabica,Rwanda,ANT,TOTAL_BAGS_CERTIFIED,10383,bags
2025-10-24,,Arabica,Tanzania,ANT,TOTAL_BAGS_CERTIFIED,47233,bags
2025-10-24,,Arabica,Uganda,ANT,TOTAL_BAGS_CERTIFIED,21048,bags
2025-10-24,,Arabica,Burundi,HA/BR,TOTAL_BAGS_CERTIFIED,3164,bags
2025-10-24,,Arabica,Honduras,HA/BR,TOTAL_BAGS_CERTIFIED,15550,bags
2025-10-24,,Arabica,India,HA/BR,TOTAL_BAGS_CERTIFIED,4649,bags
2025-10-24,,Arabica,Kenya,HA/BR,TOTAL_BAGS_CERTIFIED,2192,bags
2025-10-24,,Arabica,Papua New Guinea,HA/BR,TOTAL_BAGS_CERTIFIED,10365,bags
2025-10-24,,Arabica,Peru,HA/BR,TOTAL_BAGS_CERTIFIED,1240,bags
2025-10-24,,Arabica,Tanzania,HA/BR,TOTAL_BAGS_CERTIFIED,2760,bags
2025-10-24,,Arabica,Uganda,HA/BR,TOTAL_BAGS_CERTIFIED,320,bags
2025-10-24,,Arabica,Venezuela,HA/BR,TOTAL_BAGS_CERTIFIED,250,bags
2025-10-24,,Arabica,Brazil,HOU,TOTAL_BAGS_CERTIFIED,1548,bags
2025-10-24,,Arabica,Honduras,HOU,TOTAL_BAGS_CERTIFIED,9900,bags
2025-10-24,,Arabica,Mexico,HOU,TOTAL_BAGS_CERTIFIED,856,bags
2025-10-24,,Arabica,Nicaragua,HOU,TOTAL_BAGS_CERTIFIED,275,bags
2025-10-24,,Arabica,India,MIAMI,TOTAL_BAGS_CERTIFIED,1030,bags
2025-10-24,,Arabica,Kenya,MIAMI,TOTAL_BAGS_CERTIFIED,710,bags
2025-10-24,,Arabica,Venezuela,MIAMI,TOTAL_BAGS_CERTIFIED,250,bags
2025-10-24,,Arabica,Colombia,NOLA,TOTAL_BAGS_CERTIFIED,471,bags
2025-10-24,,Arabica,Mexico,NOLA,TOTAL_BAGS_CERTIFIED,1612,bags
2025-10-24,,Arabica,Brazil,NY,TOTAL_BAGS_CERTIFIED,580,bags
2025-10-24,,Arabica,Honduras,NY,TOTAL_BAGS_CERTIFIED,537,bags
2025-10-24,,Arabica,Mexico,NY,TOTAL_BAGS_CERTIFIED,30286,bags
2025-10-24,,Arabica,Papua New Guinea,NY,TOTAL_BAGS_CERTIFIED,995,bags
2025-10-24,,Arabica,Peru,NY,TOTAL_BAGS_CERTIFIED,1100,bags
2025-10-24,,Arabica,Venezuela,NY,TOTAL_BAGS_CERTIFIED,2500,bags
2025-10-24,2025-10-23,Robusta,,ANT,NON_TENDERABLE,20,lots
2025-10-24,2025-10-23,Robusta,,ANT,VALID_CERTIFICATE,2651,lots
2025-10-24,2025-10-23,Robusta,,BAR,NON_TENDERABLE,1,lots
2025-10-24,2025-10-23,Robusta,,BAR,VALID_CERTIFICATE,19,lots
2025-10-24,2025-10-23,Robusta,,FEL,VALID_CERTIFICATE,400,lots
2025-10-24,2025-10-23,Robusta,,GEN,VALID_CERTIFICATE,5,lots
2025-10-24,2025-10-23,Robusta,,LON,NON_TENDERABLE,2,lots
2025-10-24,2025-10-23,Robusta,,LON,VALID_CERTIFICATE,3052,lots
2025-10-24,2025-10-23,Robusta,,NOR,VALID_CERTIFICATE,2,lots
2025-10-24,2025-10-23,Robusta,,TRI,VALID_CERTIFICATE,1,lots
2025-10-27,,Arabica,Brazil,ANT,TOTAL_BAGS_CERTIFIED,24005,bags
2025-10-27,,Arabica,Burundi,ANT,TOTAL_BAGS_CERTIFIED,4160,bags
2025-10-27,,Arabica,Colombia,ANT,TOTAL_BAGS_CERTIFIED,272,bags
2025-10-27,,Arabica,Costa Rica,ANT,TOTAL_BAGS_CERTIFIED,250,bags
2025-10-27,,Arabica,El Salvador,ANT,TOTAL_BAGS_CERTIFIED,10215,bags
2025-10-27,,Arabica,Honduras,ANT,TOTAL_BAGS_CERTIFIED,28433,bags
2025-10-27,,Arabica,India,ANT,TOTAL_BAGS_CERTIFIED,13520,bags
2025-10-27,,Arabica,Kenya,ANT,TOTAL_BAGS_CERTIFIED,14550,bags
2025-10-27,,Arabica,Mexico,ANT,TOTAL_BAGS_CERTIFIED,85152,bags
2025-10-27,,Arabica,Nicaragua,ANT,TOTAL_BAGS_CERTIFIED,54829,bags
2025-10-27,,Arabica,Papua New Guinea,ANT,TOTAL_BAGS_CERTIFIED,3795,bags
2025-10-27,,Arabica,Peru,ANT,TOTAL_BAGS_CERTIFIED,36788,bags
2025-10-27,,Arabica,Rwanda,ANT,TOTAL_BAGS_CERTIFIED,13353,bags
2025-10-27,,Arabica,Tanzania,ANT,TOTAL_BAGS_CERTIFIED,47233,bags
2025-10-27,,Arabica,Uganda,ANT,TOTAL_BAGS_CERTIFIED,21048,bags
2025-10-27,,Arabica,Burundi,HA/BR,TOTAL_BAGS_CERTIFIED,3164,bags
2025-10-27,,Arabica,Honduras,HA/BR,TOTAL_BAGS_CERTIFIED,15550,bags
2025-10-27,,Arabica,India,HA/BR,TOTAL_BAGS_CERTIFIED,4649,bags
2025-10-27,,Arabica,Kenya,HA/BR,TOTAL_BAGS_CERTIFIED,2192,bags
2025-10-27,,Arabica,Papua New Guinea,HA/BR,TOTAL_BAGS_CERTIFIED,10365,bags
2025-10-27,,Arabica,Peru,HA/BR,TOTAL_BAGS_CERTIFIED,1240,bags
2025-10-27,,Arabica,Tanzania,HA/BR,TOTAL_BAGS_CERTIFIED,2760,bags
2025-10-27,,Arabica,Uganda,HA/BR,TOTAL_BAGS_CERTIFIED,320,bags
2025-10-27,,Arabica,Venezuela,HA/BR,TOTAL_BAGS_CERTIFIED,250,bags
2025-10-27,,Arabica,Brazil,HOU,TOTAL_BAGS_CERTIFIED,1548,bags
2025-10-27,,Arabica,Honduras,HOU,TOTAL_BAGS_CERTIFIED,9900,bags
2025-10-27,,Arabica,Mexico,HOU,TOTAL_BAGS_CERTIFIED,856,bags
2025-10-27,,Arabica,Nicaragua,HOU,TOTAL_BAGS_CERTIFIED,275,bags
2025-10-27,,Arabica,India,MIAMI,TOTAL_BAGS_CERTIFIED,1030,bags
2025-10-27,,Arabica,Kenya,MIAMI,TOTAL_BAGS_CERTIFIED,710,bags
2025-10-27,,Arabica,Venezuela,MIAMI,TOTAL_BAGS_CERTIFIED,250,bags
2025-10-27,,Arabica,Colombia,NOLA,TOTAL_BAGS_CERTIFIED,471,bags
2025-10-27,,Arabica,Mexico,NOLA,TOTAL_BAGS_CERTIFIED,1612,bags
2025-10-27,,Arabica,Brazil,NY,TOTAL_BAGS_CERTIFIED,580,bags
2025-10-27,,Arabica,Honduras,NY,TOTAL_BAGS_CERTIFIED,537,bags
2025-10-27,,Arabica,Mexico,NY,TOTAL_BAGS_CERTIFIED,30286,bags
2025-10-27,,Arabica,Papua New Guinea,NY,TOTAL_BAGS_CERTIFIED,995,bags
2025-10-27,,Arabica,Peru,NY,TOTAL_BAGS_CERTIFIED,1100,bags
2025-10-27,,Arabica,Venezuela,NY,TOTAL_BAGS_CERTIFIED,2500,bags
2025-10-27,2025-10-26,Robusta,,ANT,NON_TENDERABLE,20,lots
2025-10-27,2025-10-26,Robusta,,ANT,VALID_CERTIFICATE,2643,lots
2025-10-27,2025-10-26,Robusta,,BAR,NON_TENDERABLE,1,lots
2025-10-27,2025-10-26,Robusta,,BAR,VALID_CERTIFICATE,19,lots
2025-10-27,2025-10-26,Robusta,,FEL,VALID_CERTIFICATE,400,lots
2025-10-27,2025-10-26,Robusta,,GEN,VALID_CERTIFICATE,5,lots
2025-10-27,2025-10-26,Robusta,,LON,NON_TENDERABLE,2,lots
2025-10-27,2025-10-26,Robusta,,LON,VALID_CERTIFICATE,3052,lots
2025-10-27,2025-10-26,Robusta,,NOR,VALID_CERTIFICATE,2,lots
2025-10-27,2025-10-26,Robusta,,TRI,VALID_CERTIFICATE,1,lots
2025-10-28,,Arabica,Brazil,ANT,TOTAL_BAGS_CERTIFIED,24005,bags
2025-10-28,,Arabica,Burundi,ANT,TOTAL_BAGS_CERTIFIED,4132,bags
2025-10-28,,Arabica,Colombia,ANT,TOTAL_BAGS_CERTIFIED,272,bags
2025-10-28,,Arabica,Costa Rica,ANT,TOTAL_BAGS_CERTIFIED,250,bags
2025-10-28,,Arabica,El Salvador,ANT,TOTAL_BAGS_CERTIFIED,10215,bags
2025-10-28,,Arabica,Honduras,ANT,TOTAL_BAGS_CERTIFIED,28433,bags
2025-10-28,,Arabica,India,ANT,TOTAL_BAGS_CERTIFIED,13520,bags
2025-10-28,,Arabica,Kenya,ANT,TOTAL_BAGS_CERTIFIED,14550,bags
2025-10-28,,Arabica,Mexico,ANT,TOTAL_BAGS_CERTIFIED,85152,bags
2025-10-28,,Arabica,Nicaragua,ANT,TOTAL_BAGS_CERTIFIED,53729,bags
2025-10-28,,Arabica,Papua New Guinea,ANT,TOTAL_BAGS_CERTIFIED,3795,bags
2025-10-28,,Arabica,Peru,ANT,TOTAL_BAGS_CERTIFIED,36788,bags
2025-10-28,,Arabica,Rwanda,ANT,TOTAL_BAGS_CERTIFIED,13353,bags
2025-10-28,,Arabica,Tanzania,ANT,TOTAL_BAGS_CERTIFIED,47233,bags
2025-10-28,,Arabica,Uganda,ANT,TOTAL_BAGS_CERTIFIED,21048,bags
2025-10-28,,Arabica,Burundi,HA/BR,TOTAL_BAGS_CERTIFIED,3164,bags
2025-10-28,,Arabica,Honduras,HA/BR,TOTAL_BAGS_CERTIFIED,15550,bags
2025-10-28,,Arabica,India,HA/BR,TOTAL_BAGS_CERTIFIED,4649,bags
2025-10-28,,Arabica,Kenya,HA/BR,TOTAL_BAGS_CERTIFIED,2192,bags
2025-10-28,,Arabica,Papua New Guinea,HA/BR,TOTAL_BAGS_CERTIFIED,10365,bags
2025-10-28,,Arabica,Peru,HA/BR,TOTAL_BAGS_CERTIFIED,1240,bags
2025-10-28,,Arabica,Tanzania,HA/BR,TOTAL_BAGS_CERTIFIED,2760,bags
2025-10-28,,Arabica,Uganda,HA/BR,TOTAL_BAGS_CERTIFIED,320,bags
2025-10-28,,Arabica,Venezuela,HA/BR,TOTAL_BAGS_CERTIFIED,250,bags
2025-10-28,,Arabica,Brazil,HOU,TOTAL_BAGS_CERTIFIED,1548,bags
2025-10-28,,Arabica,Honduras,HOU,TOTAL_BAGS_CERTIFIED,9900,bags
2025-10-28,,Arabica,Mexico,HOU,TOTAL_BAGS_CERTIFIED,856,bags
2025-10-28,,Arabica,Nicaragua,HOU,TOTAL_BAGS_CERTIFIED,275,bags
2025-10-28,,Arabica,India,MIAMI,TOTAL_BAGS_CERTIFIED,1030,bags
2025-10-28,,Arabica,Kenya,MIAMI,TOTAL_BAGS_CERTIFIED,710,bags
2025-10-28,,Arabica,Venezuela,MIAMI,TOTAL_BAGS_CERTIFIED,250,bags
2025-10-28,,Arabica,Colombia,NOLA,TOTAL_BAGS_CERTIFIED,471,bags
2025-10-28,,Arabica,Mexico,NOLA,TOTAL_BAGS_CERTIFIED,1612,bags
2025-10-28,,Arabica,Brazil,NY,TOTAL_BAGS_CERTIFIED,580,bags
2025-10-28,,Arabica,Honduras,NY,TOTAL_BAGS_CERTIFIED,537,bags
2025-10-28,,Arabica,Mexico,NY,TOTAL_BAGS_CERTIFIED,30286,bags
2025-10-28,,Arabica,Papua New Guinea,NY,TOTAL_BAGS_CERTIFIED,995,bags
2025-10-28,,Arabica,Peru,NY,TOTAL_BAGS_CERTIFIED,1100,bags
2025-10-28,,Arabica,Venezuela,NY,TOTAL_BAGS_CERTIFIED,2500,bags
2025-10-28,2025-10-27,Robusta,,ANT,NON_TENDERABLE,20,lots
2025-10-28,2025-10-27,Robusta,,ANT,VALID_CERTIFICATE,2641,lots
2025-10-28,2025-10-27,Robusta,,BAR,NON_TENDERABLE,1,lots
2025-10-28,2025-10-27,Robusta,,BAR,VALID_CERTIFICATE,19,lots
2025-10-28,2025-10-27,Robusta,,FEL,VALID_CERTIFICATE,400,lots
2025-10-28,2025-10-27,Robusta,,LON,NON_TENDERABLE,2,lots
2025-10-28,2025-10-27,Robusta,,LON,VALID_CERTIFICATE,3052,lots
2025-10-28,2025-10-27,Robusta,,NOR,VALID_CERTIFICATE,2,lots
2025-10-28,2025-10-27,Robusta,,TRI,VALID_CERTIFICATE,1,lots
2025-10-29,,Arabica,Brazil,ANT,TOTAL_BAGS_CERTIFIED,24005,bags
2025-10-29,,Arabica,Burundi,ANT,TOTAL_BAGS_CERTIFIED,4132,bags
2025-10-29,,Arabica,Colombia,ANT,TOTAL_BAGS_CERTIFIED,272,bags
2025-10-29,,Arabica,Costa Rica,ANT,TOTAL_BAGS_CERTIFIED,250,bags
2025-10-29,,Arabica,El Salvador,ANT,TOTAL_BAGS_CERTIFIED,10215,bags
2025-10-29,,Arabica,Honduras,ANT,TOTAL_BAGS_CERTIFIED,28433,bags
2025-10-29,,Arabica,India,ANT,TOTAL_BAGS_CERTIFIED,13520,bags
2025-10-29,,Arabica,Kenya,ANT,TOTAL_BAGS_CERTIFIED,14550,bags
2025-10-29,,Arabica,Mexico,ANT,TOTAL_BAGS_CERTIFIED,82047,bags
2025-10-29,,Arabica,Nicaragua,ANT,TOTAL_BAGS_CERTIFIED,53729,bags
2025-10-29,,Arabica,Papua New Guinea,ANT,TOTAL_BAGS_CERTIFIED,3795,bags
2025-10-29,,Arabica,Peru,ANT,TOTAL_BAGS_CERTIFIED,36788,bags
2025-10-29,,Arabica,Rwanda,ANT,TOTAL_BAGS_CERTIFIED,13353,bags
2025-10-29,,Arabica,Tanzania,ANT,TOTAL_BAGS_CERTIFIED,47233,bags
2025-10-29,,Arabica,Uganda,ANT,TOTAL_BAGS_CERTIFIED,21048,bags
2025-10-29,,Arabica,Burundi,HA/BR,TOTAL_BAGS_CERTIFIED,3164,bags
2025-10-29,,Arabica,Honduras,HA/BR,TOTAL_BAGS_CERTIFIED,15550,bags
2025-10-29,,Arabica,India,HA/BR,TOTAL_BAGS_CERTIFIED,4649,bags
2025-10-29,,Arabica,Kenya,HA/BR,TOTAL_BAGS_CERTIFIED,2157,bags
2025-10-29,,Arabica,Papua New Guinea,HA/BR,TOTAL_BAGS_CERTIFIED,10365,bags
2025-10-29,,Arabica,Peru,HA/BR,TOTAL_BAGS_CERTIFIED,1240,bags
2025-10-29,,Arabica,Tanzania,HA/BR,TOTAL_BAGS_CERTIFIED,2760,bags
2025-10-29,,Arabica,Uganda,HA/BR,TOTAL_BAGS_CERTIFIED,320,bags
2025-10-29,,Arabica,Venezuela,HA/BR,TOTAL_BAGS_CERTIFIED,250,bags
2025-10-29,,Arabica,Brazil,HOU,TOTAL_BAGS_CERTIFIED,1548,bags
2025-10-29,,Arabica,Honduras,HOU,TOTAL_BAGS_CERTIFIED,9900,bags
2025-10-29,,Arabica,Mexico,HOU,TOTAL_BAGS_CERTIFIED,856,bags
2025-10-29,,Arabica,Nicaragua,HOU,TOTAL_BAGS_CERTIFIED,275,bags
2025-10-29,,Arabica,India,MIAMI,TOTAL_BAGS_CERTIFIED,1030,bags
2025-10-29,,Arabica,Kenya,MIAMI,TOTAL_BAGS_CERTIFIED,710,bags
2025-10-29,,Arabica,Venezuela,MIAMI,TOTAL_BAGS_CERTIFIED,250,bags
2025-10-29,,Arabica,Colombia,NOLA,TOTAL_BAGS_CERTIFIED,471,bags
2025-10-29,,Arabica,Mexico,NOLA,TOTAL_BAGS_CERTIFIED,1612,bags
2025-10-29,,Arabica,Brazil,NY,TOTAL_BAGS_CERTIFIED,580,bags
2025-10-29,,Arabica,Honduras,NY,TOTAL_BAGS_CERTIFIED,537,bags
2025-10-29,,Arabica,Mexico,NY,TOTAL_BAGS_CERTIFIED,30286,bags
2025-10-29,,Arabica,Papua New Guinea,NY,TOTAL_BAGS_CERTIFIED,995,bags
2025-10-29,,Arabica,Peru,NY,TOTAL_BAGS_CERTIFIED,1100,bags
2025-10-29,,Arabica,Venezuela,NY,TOTAL_BAGS_CERTIFIED,2500,bags
2025-10-29,2025-10-28,Robusta,,ANT,NON_TENDERABLE,20,lots
2025-10-29,2025-10-28,Robusta,,ANT,VALID_CERTIFICATE,2637,lots
2025-10-29,2025-10-28,Robusta,,BAR,NON_TENDERABLE,1,lots
2025-10-29,2025-10-28,Robusta,,BAR,VALID_CERTIFICATE,19,lots
2025-10-29,2025-10-28,Robusta,,FEL,VALID_CERTIFICATE,400,lots
2025-10-29,2025-10-28,Robusta,,LON,NON_TENDERABLE,2,lots
2025-10-29,2025-10-28,Robusta,,LON,VALID_CERTIFICATE,3052,lots
2025-10-29,2025-10-28,Robusta,,NOR,VALID_CERTIFICATE,2,lots
2025-10-29,2025-10-28,Robusta,,TRI,VALID_CERTIFICATE,1,lots
2025-10-30,,Arabica,Brazil,ANT,TOTAL_BAGS_CERTIFIED,24005,bags
2025-10-30,,Arabica,Burundi,ANT,TOTAL_BAGS_CERTIFIED,4132,bags
2025-10-30,,Arabica,Colombia,ANT,TOTAL_BAGS_CERTIFIED,272,bags
2025-10-30,,Arabica,Costa Rica,ANT,TOTAL_BAGS_CERTIFIED,250,bags
2025-10-30,,Arabica,El Salvador,ANT,TOTAL_BAGS_CERTIFIED,10215,bags
2025-10-30,,Arabica,Honduras,ANT,TOTAL_BAGS_CERTIFIED,28433,bags
2025-10-30,,Arabica,India,ANT,TOTAL_BAGS_CERTIFIED,13520,bags
2025-10-30,,Arabica,Kenya,ANT,TOTAL_BAGS_CERTIFIED,14550,bags
2025-10-30,,Arabica,Mexico,ANT,TOTAL_BAGS_CERTIFIED,82047,bags
2025-10-30,,Arabica,Nicaragua,ANT,TOTAL_BAGS_CERTIFIED,53729,bags
2025-10-30,,Arabica,Papua New Guinea,ANT,TOTAL_BAGS_CERTIFIED,3795,bags
2025-10-30,,Arabica,Peru,ANT,TOTAL_BAGS_CERTIFIED,36788,bags
2025-10-30,,Arabica,Rwanda,ANT,TOTAL_BAGS_CERTIFIED,13353,bags
2025-10-30,,Arabica,Tanzania,ANT,TOTAL_BAGS_CERTIFIED,47233,bags
2025-10-30,,Arabica,Uganda,ANT,TOTAL_BAGS_CERTIFIED,21048,bags
2025-10-30,,Arabica,Burundi,HA/BR,TOTAL_BAGS_CERTIFIED,3164,bags
2025-10-30,,Arabica,Honduras,HA/BR,TOTAL_BAGS_CERTIFIED,15550,bags
2025-10-30,,Arabica,India,HA/BR,TOTAL_BAGS_CERTIFIED,4649,bags
2025-10-30,,Arabica,Kenya,HA/BR,TOTAL_BAGS_CERTIFIED,2157,bags
2025-10-30,,Arabica,Papua New Guinea,HA/BR,TOTAL_BAGS_CERTIFIED,10365,bags
2025-10-30,,Arabica,Peru,HA/BR,TOTAL_BAGS_CERTIFIED,1240,bags
2025-10-30,,Arabica,Tanzania,HA/BR,TOTAL_BAGS_CERTIFIED,2760,bags
2025-10-30,,Arabica,Uganda,HA/BR,TOTAL_BAGS_CERTIFIED,320,bags
2025-10-30,,Arabica,Venezuela,HA/BR,TOTAL_BAGS_CERTIFIED,250,bags
2025-10-30,,Arabica,Brazil,HOU,TOTAL_BAGS_CERTIFIED,1548,bags
2025-10-30,,Arabica,Honduras,HOU,TOTAL_BAGS_CERTIFIED,9900,bags
2025-10-30,,Arabica,Mexico,HOU,TOTAL_BAGS_CERTIFIED,856,bags
2025-10-30,,Arabica,Nicaragua,HOU,TOTAL_BAGS_CERTIFIED,275,bags
2025-10-30,,Arabica,India,MIAMI,TOTAL_BAGS_CERTIFIED,1030,bags
2025-10-30,,Arabica,Kenya,MIAMI,TOTAL_BAGS_CERTIFIED,710,bags
2025-10-30,,Arabica,Venezuela,MIAMI,TOTAL_BAGS_CERTIFIED,250,bags
2025-10-30,,Arabica,Colombia,NOLA,TOTAL_BAGS_CERTIFIED,471,bags
2025-10-30,,Arabica,Mexico,NOLA,TOTAL_BAGS_CERTIFIED,1612,bags
2025-10-30,,Arabica,Brazil,NY,TOTAL_BAGS_CERTIFIED,580,bags
2025-10-30,,Arabica,Honduras,NY,TOTAL_BAGS_CERTIFIED,537,bags
2025-10-30,,Arabica,Mexico,NY,TOTAL_BAGS_CERTIFIED,30286,bags
2025-10-30,,Arabica,Papua New Guinea,NY,TOTAL_BAGS_CERTIFIED,995,bags
2025-10-30,,Arabica,Peru,NY,TOTAL_BAGS_CERTIFIED,1100,bags
2025-10-30,,Arabica,Venezuela,NY,TOTAL_BAGS_CERTIFIED,2500,bags
2025-10-30,2025-10-29,Robusta,,ANT,NON_TENDERABLE,20,lots
2025-10-30,2025-10-29,Robusta,,ANT,VALID_CERTIFICATE,2637,lots
2025-10-30,2025-10-29,Robusta,,BAR,NON_TENDERABLE,1,lots
2025-10-30,2025-10-29,Robusta,,BAR,VALID_CERTIFICATE,19,lots
2025-10-30,2025-10-29,Robusta,,FEL,VALID_CERTIFICATE,400,lots
2025-10-30,2025-10-29,Robusta,,LON,NON_TENDERABLE,2,lots
2025-10-30,2025-10-29,Robusta,,LON,VALID_CERTIFICATE,3052,lots
2025-10-30,2025-10-29,Robusta,,NOR,VALID_CERTIFICATE,2,lots
2025-10-30,2025-10-29,Robusta,,TRI,VALID_CERTIFICATE,1,lots
2025-10-31,,Arabica,Brazil,ANT,TOTAL_BAGS_CERTIFIED,19705,bags
2025-10-31,,Arabica,Burundi,ANT,TOTAL_BAGS_CERTIFIED,4132,bags
2025-10-31,,Arabica,Colombia,ANT,TOTAL_BAGS_CERTIFIED,272,bags
2025-10-31,,Arabica,Costa Rica,ANT,TOTAL_BAGS_CERTIFIED,250,bags
2025-10-31,,Arabica,El Salvador,ANT,TOTAL_BAGS_CERTIFIED,10215,bags
2025-10-31,,Arabica,Honduras,ANT,TOTAL_BAGS_CERTIFIED,28183,bags
2025-10-31,,Arabica,India,ANT,TOTAL_BAGS_CERTIFIED,13520,bags
2025-10-31,,Arabica,Kenya,ANT,TOTAL_BAGS_CERTIFIED,14550,bags
2025-10-31,,Arabica,Mexico,ANT,TOTAL_BAGS_CERTIFIED,75441,bags
2025-10-31,,Arabica,Nicaragua,ANT,TOTAL_BAGS_CERTIFIED,53629,bags
2025-10-31,,Arabica,Papua New Guinea,ANT,TOTAL_BAGS_CERTIFIED,3795,bags
2025-10-31,,Arabica,Peru,ANT,TOTAL_BAGS_CERTIFIED,36713,bags
2025-10-31,,Arabica,Rwanda,ANT,TOTAL_BAGS_CERTIFIED,13353,bags
2025-10-31,,Arabica,Tanzania,ANT,TOTAL_BAGS_CERTIFIED,43817,bags
2025-10-31,,Arabica,Uganda,ANT,TOTAL_BAGS_CERTIFIED,21048,bags
2025-10-31,,Arabica,Burundi,HA/BR,TOTAL_BAGS_CERTIFIED,3164,bags
2025-10-31,,Arabica,Honduras,HA/BR,TOTAL_BAGS_CERTIFIED,15550,bags
2025-10-31,,Arabica,India,HA/BR,TOTAL_BAGS_CERTIFIED,4649,bags
2025-10-31,,Arabica,Kenya,HA/BR,TOTAL_BAGS_CERTIFIED,2157,bags
2025-10-31,,Arabica,Papua New Guinea,HA/BR,TOTAL_BAGS_CERTIFIED,10365,bags
2025-10-31,,Arabica,Peru,HA/BR,TOTAL_BAGS_CERTIFIED,1240,bags
2025-10-31,,Arabica,Tanzania,HA/BR,TOTAL_BAGS_CERTIFIED,2760,bags
2025-10-31,,Arabica,Uganda,HA/BR,TOTAL_BAGS_CERTIFIED,320,bags
2025-10-31,,Arabica,Venezuela,HA/BR,TOTAL_BAGS_CERTIFIED,250,bags
2025-10-31,,Arabica,Brazil,HOU,TOTAL_BAGS_CERTIFIED,1548,bags
2025-10-31,,Arabica,Honduras,HOU,TOTAL_BAGS_CERTIFIED,9900,bags
2025-10-31,,Arabica,Mexico,HOU,TOTAL_BAGS_CERTIFIED,856,bags
2025-10-31,,Arabica,Nicaragua,HOU,TOTAL_BAGS_CERTIFIED,275,bags
2025-10-31,,Arabica,India,MIAMI,TOTAL_BAGS_CERTIFIED,1030,bags
2025-10-31,,Arabica,Kenya,MIAMI,TOTAL_BAGS_CERTIFIED,710,bags
2025-10-31,,Arabica,Venezuela,MIAMI,TOTAL_BAGS_CERTIFIED,250,bags
2025-10-31,,Arabica,Colombia,NOLA,TOTAL_BAGS_CERTIFIED,471,bags
2025-10-31,,Arabica,Mexico,NOLA,TOTAL_BAGS_CERTIFIED,1612,bags
2025-10-31,,Arabica,Brazil,NY,TOTAL_BAGS_CERTIFIED,580,bags
2025-10-31,,Arabica,Honduras,NY,TOTAL_BAGS_CERTIFIED,537,bags
2025-10-31,,Arabica,Mexico,NY,TOTAL_BAGS_CERTIFIED,30286,bags
2025-10-31,,Arabica,Papua New Guinea,NY,TOTAL_BAGS_CERTIFIED,995,bags
2025-10-31,,Arabica,Peru,NY,TOTAL_BAGS_CERTIFIED,1100,bags
2025-10-31,,Arabica,Venezuela,NY,TOTAL_BAGS_CERTIFIED,2500,bags
2025-10-31,2025-10-30,Robusta,,ANT,NON_TENDERABLE,20,lots
2025-10-31,2025-10-30,Robusta,,ANT,VALID_CERTIFICATE,2603,lots
2025-10-31,2025-10-30,Robusta,,BAR,NON_TENDERABLE,1,lots
2025-10-31,2025-10-30,Robusta,,BAR,VALID_CERTIFICATE,19,lots
2025-10-31,2025-10-30,Robusta,,FEL,VALID_CERTIFICATE,400,lots
2025-10-31,2025-10-30,Robusta,,LON,NON_TENDERABLE,2,lots
2025-10-31,2025-10-30,Robusta,,LON,VALID_CERTIFICATE,3052,lots
2025-10-31,2025-10-30,Robusta,,NOR,VALID_CERTIFICATE,2,lots
2025-10-31,2025-10-30,Robusta,,TRI,VALID_CERTIFICATE,1,lots
2025-11-03,,Arabica,Brazil,ANT,TOTAL_BAGS_CERTIFIED,19705,bags
2025-11-03,,Arabica,Burundi,ANT,TOTAL_BAGS_CERTIFIED,4132,bags
2025-11-03,,Arabica,Colombia,ANT,TOTAL_BAGS_CERTIFIED,25,bags
2025-11-03,,Arabica,Costa Rica,ANT,TOTAL_BAGS_CERTIFIED,250,bags
2025-11-03,,Arabica,El Salvador,ANT,TOTAL_BAGS_CERTIFIED,10215,bags
2025-11-03,,Arabica,Honduras,ANT,TOTAL_BAGS_CERTIFIED,28183,bags
2025-11-03,,Arabica,India,ANT,TOTAL_BAGS_CERTIFIED,13520,bags
2025-11-03,,Arabica,Kenya,ANT,TOTAL_BAGS_CERTIFIED,14550,bags
2025-11-03,,Arabica,Mexico,ANT,TOTAL_BAGS_CERTIFIED,75441,bags
2025-11-03,,Arabica,Nicaragua,ANT,TOTAL_BAGS_CERTIFIED,53629,bags
2025-11-03,,Arabica,Papua New Guinea,ANT,TOTAL_BAGS_CERTIFIED,3795,bags
2025-11-03,,Arabica,Peru,ANT,TOTAL_BAGS_CERTIFIED,36713,bags
2025-11-03,,Arabica,Rwanda,ANT,TOTAL_BAGS_CERTIFIED,13353,bags
2025-11-03,,Arabica,Tanzania,ANT,TOTAL_BAGS_CERTIFIED,43817,bags
2025-11-03,,Arabica,Uganda,ANT,TOTAL_BAGS_CERTIFIED,21048,bags
2025-11-03,,Arabica,Burundi,HA/BR,TOTAL_BAGS_CERTIFIED,3164,bags
2025-11-03,,Arabica,Honduras,HA/BR,TOTAL_BAGS_CERTIFIED,15550,bags
2025-11-03,,Arabica,India,HA/BR,TOTAL_BAGS_CERTIFIED,4649,bags
2025-11-03,,Arabica,Kenya,HA/BR,TOTAL_BAGS_CERTIFIED,2157,bags
2025-11-03,,Arabica,Papua New Guinea,HA/BR,TOTAL_BAGS_CERTIFIED,10365,bags
2025-11-03,,Arabica,Peru,HA/BR,TOTAL_BAGS_CERTIFIED,1240,bags
2025-11-03,,Arabica,Tanzania,HA/BR,TOTAL_BAGS_CERTIFIED,2760,bags
2025-11-03,,Arabica,Uganda,HA/BR,TOTAL_BAGS_CERTIFIED,320,bags
2025-11-03,,Arabica,Venezuela,HA/BR,TOTAL_BAGS_CERTIFIED,250,bags
2025-11-03,,Arabica,Brazil,HOU,TOTAL_BAGS_CERTIFIED,1548,bags
2025-11-03,,Arabica,Honduras,HOU,TOTAL_BAGS_CERTIFIED,9900,bags
2025-11-03,,Arabica,Mexico,HOU,TOTAL_BAGS_CERTIFIED,856,bags
2025-11-03,,Arabica,Nicaragua,HOU,TOTAL_BAGS_CERTIFIED,275,bags
2025-11-03,,Arabica,India,MIAMI,TOTAL_BAGS_CERTIFIED,1030,bags
2025-11-03,,Arabica,Kenya,MIAMI,TOTAL_BAGS_CERTIFIED,710,bags
2025-11-03,,Arabica,Venezuela,MIAMI,TOTAL_BAGS_CERTIFIED,250,bags
2025-11-03,,Arabica,Colombia,NOLA,TOTAL_BAGS_CERTIFIED,471,bags
2025-11-03,,Arabica,Mexico,NOLA,TOTAL_BAGS_CERTIFIED,1612,bags
2025-11-03,,Arabica,Brazil,NY,TOTAL_BAGS_CERTIFIED,580,bags
2025-11-03,,Arabica,Honduras,NY,TOTAL_BAGS_CERTIFIED,537,bags
2025-11-03,,Arabica,Mexico,NY,TOTAL_BAGS_CERTIFIED,30286,bags
2025-11-03,,Arabica,Papua New Guinea,NY,TOTAL_BAGS_CERTIFIED,995,bags
2025-11-03,,Arabica,Peru,NY,TOTAL_BAGS_CERTIFIED,1100,bags
2025-11-03,,Arabica,Venezuela,NY,TOTAL_BAGS_CERTIFIED,2500,bags
2025-11-03,2025-11-02,Robusta,,ANT,NON_TENDERABLE,20,lots
2025-11-03,2025-11-02,Robusta,,ANT,VALID_CERTIFICATE,2579,lots
2025-11-03,2025-11-02,Robusta,,BAR,NON_TENDERABLE,1,lots
2025-11-03,2025-11-02,Robusta,,BAR,VALID_CERTIFICATE,19,lots
2025-11-03,2025-11-02,Robusta,,FEL,VALID_CERTIFICATE,400,lots
2025-11-03,2025-11-02,Robusta,,LON,NON_TENDERABLE,2,lots
2025-11-03,2025-11-02,Robusta,,LON,VALID_CERTIFICATE,3052,lots
2025-11-03,2025-11-02,Robusta,,NOR,VALID_CERTIFICATE,2,lots
2025-11-03,2025-11-02,Robusta,,TRI,VALID_CERTIFICATE,1,lots
2025-11-04,,Arabica,Brazil,ANT,TOTAL_BAGS_CERTIFIED,19705,bags
2025-11-04,,Arabica,Burundi,ANT,TOTAL_BAGS_CERTIFIED,4122,bags
2025-11-04,,Arabica,Colombia,ANT,TOTAL_BAGS_CERTIFIED,25,bags
2025-11-04,,Arabica,Costa Rica,ANT,TOTAL_BAGS_CERTIFIED,250,bags
2025-11-04,,Arabica,El Salvador,ANT,TOTAL_BAGS_CERTIFIED,10215,bags
2025-11-04,,Arabica,Honduras,ANT,TOTAL_BAGS_CERTIFIED,28183,bags
2025-11-04,,Arabica,India,ANT,TOTAL_BAGS_CERTIFIED,12935,bags
2025-11-04,,Arabica,Kenya,ANT,TOTAL_BAGS_CERTIFIED,14550,bags
2025-11-04,,Arabica,Mexico,ANT,TOTAL_BAGS_CERTIFIED,75441,bags
2025-11-04,,Arabica,Nicaragua,ANT,TOTAL_BAGS_CERTIFIED,53629,bags
2025-11-04,,Arabica,Papua New Guinea,ANT,TOTAL_BAGS_CERTIFIED,3795,bags
2025-11-04,,Arabica,Peru,ANT,TOTAL_BAGS_CERTIFIED,36713,bags
2025-11-04,,Arabica,Rwanda,ANT,TOTAL_BAGS_CERTIFIED,13353,bags
2025-11-04,,Arabica,Tanzania,ANT,TOTAL_BAGS_CERTIFIED,43817,bags
2025-11-04,,Arabica,Uganda,ANT,TOTAL_BAGS_CERTIFIED,21048,bags
2025-11-04,,Arabica,Burundi,HA/BR,TOTAL_BAGS_CERTIFIED,3164,bags
2025-11-04,,Arabica,Honduras,HA/BR,TOTAL_BAGS_CERTIFIED,15550,bags
2025-11-04,,Arabica,India,HA/BR,TOTAL_BAGS_CERTIFIED,4319,bags
2025-11-04,,Arabica,Kenya,HA/BR,TOTAL_BAGS_CERTIFIED,2157,bags
2025-11-04,,Arabica,Papua New Guinea,HA/BR,TOTAL_BAGS_CERTIFIED,10365,bags
2025-11-04,,Arabica,Peru,HA/BR,TOTAL_BAGS_CERTIFIED,1240,bags
2025-11-04,,Arabica,Tanzania,HA/BR,TOTAL_BAGS_CERTIFIED,2760,bags
2025-11-04,,Arabica,Uganda,HA/BR,TOTAL_BAGS_CERTIFIED,320,bags
2025-11-04,,Arabica,Venezuela,HA/BR,TOTAL_BAGS_CERTIFIED,250,bags
2025-11-04,,Arabica,Brazil,HOU,TOTAL_BAGS_CERTIFIED,1548,bags
2025-11-04,,Arabica,Honduras,HOU,TOTAL_BAGS_CERTIFIED,9900,bags
2025-11-04,,Arabica,Mexico,HOU,TOTAL_BAGS_CERTIFIED,856,bags
2025-11-04,,Arabica,Nicaragua,HOU,TOTAL_BAGS_CERTIFIED,275,bags
2025-11-04,,Arabica,India,MIAMI,TOTAL_BAGS_CERTIFIED,1030,bags
2025-11-04,,Arabica,Kenya,MIAMI,TOTAL_BAGS_CERTIFIED,710,bags
2025-11-04,,Arabica,Venezuela,MIAMI,TOTAL_BAGS_CERTIFIED,250,bags
2025-11-04,,Arabica,Colombia,NOLA,TOTAL_BAGS_CERTIFIED,471,bags
2025-11-04,,Arabica,Mexico,NOLA,TOTAL_BAGS_CERTIFIED,1612,bags
2025-11-04,,Arabica,Brazil,NY,TOTAL_BAGS_CERTIFIED,580,bags
2025-11-04,,Arabica,Honduras,NY,TOTAL_BAGS_CERTIFIED,537,bags
2025-11-04,,Arabica,Mexico,NY,TOTAL_BAGS_CERTIFIED,30000,bags
2025-11-04,,Arabica,Papua New Guinea,NY,TOTAL_BAGS_CERTIFIED,995,bags
2025-11-04,,Arabica,Peru,NY,TOTAL_BAGS_CERTIFIED,1100,bags
2025-11-04,,Arabica,Venezuela,NY,TOTAL_BAGS_CERTIFIED,2500,bags
2025-11-04,2025-11-03,Robusta,,ANT,NON_TENDERABLE,20,lots
2025-11-04,2025-11-03,Robusta,,ANT,VALID_CERTIFICATE,2579,lots
2025-11-04,2025-11-03,Robusta,,BAR,NON_TENDERABLE,1,lots
2025-11-04,2025-11-03,Robusta,,BAR,VALID_CERTIFICATE,19,lots
2025-11-04,2025-11-03,Robusta,,FEL,VALID_CERTIFICATE,400,lots
2025-11-04,2025-11-03,Robusta,,LON,NON_TENDERABLE,2,lots
2025-11-04,2025-11-03,Robusta,,LON,VALID_CERTIFICATE,3052,lots
2025-11-04,2025-11-03,Robusta,,NOR,VALID_CERTIFICATE,2,lots
2025-11-04,2025-11-03,Robusta,,TRI,VALID_CERTIFICATE,1,lots
2025-11-05,,Arabica,Brazil,ANT,TOTAL_BAGS_CERTIFIED,19705,bags
2025-11-05,,Arabica,Burundi,ANT,TOTAL_BAGS_CERTIFIED,4122,bags
2025-11-05,,Arabica,Colombia,ANT,TOTAL_BAGS_CERTIFIED,25,bags
2025-11-05,,Arabica,Costa Rica,ANT,TOTAL_BAGS_CERTIFIED,250,bags
2025-11-05,,Arabica,El Salvador,ANT,TOTAL_BAGS_CERTIFIED,9715,bags
2025-11-05,,Arabica,Honduras,ANT,TOTAL_BAGS_CERTIFIED,28183,bags
2025-11-05,,Arabica,India,ANT,TOTAL_BAGS_CERTIFIED,12935,bags
2025-11-05,,Arabica,Kenya,ANT,TOTAL_BAGS_CERTIFIED,14550,bags
2025-11-05,,Arabica,Mexico,ANT,TOTAL_BAGS_CERTIFIED,75441,bags
2025-11-05,,Arabica,Nicaragua,ANT,TOTAL_BAGS_CERTIFIED,53629,bags
2025-11-05,,Arabica,Papua New Guinea,ANT,TOTAL_BAGS_CERTIFIED,3795,bags
2025-11-05,,Arabica,Peru,ANT,TOTAL_BAGS_CERTIFIED,36713,bags
2025-11-05,,Arabica,Rwanda,ANT,TOTAL_BAGS_CERTIFIED,13353,bags
2025-11-05,,Arabica,Tanzania,ANT,TOTAL_BAGS_CERTIFIED,43817,bags
2025-11-05,,Arabica,Uganda,ANT,TOTAL_BAGS_CERTIFIED,21048,bags
2025-11-05,,Arabica,Burundi,HA/BR,TOTAL_BAGS_CERTIFIED,3164,bags
2025-11-05,,Arabica,Honduras,HA/BR,TOTAL_BAGS_CERTIFIED,15550,bags
2025-11-05,,Arabica,India,HA/BR,TOTAL_BAGS_CERTIFIED,4319,bags
2025-11-05,,Arabica,Kenya,HA/BR,TOTAL_BAGS_CERTIFIED,2157,bags
2025-11-05,,Arabica,Papua New Guinea,HA/BR,TOTAL_BAGS_CERTIFIED,10365,bags
2025-11-05,,Arabica,Peru,HA/BR,TOTAL_BAGS_CERTIFIED,1240,bags
2025-11-05,,Arabica,Tanzania,HA/BR,TOTAL_BAGS_CERTIFIED,2760,bags
2025-11-05,,Arabica,Uganda,HA/BR,TOTAL_BAGS_CERTIFIED,320,bags
2025-11-05,,Arabica,Venezuela,HA/BR,TOTAL_BAGS_CERTIFIED,250,bags
2025-11-05,,Arabica,Brazil,HOU,TOTAL_BAGS_CERTIFIED,1548,bags
2025-11-05,,Arabica,Honduras,HOU,TOTAL_BAGS_CERTIFIED,9900,bags
2025-11-05,,Arabica,Mexico,HOU,TOTAL_BAGS_CERTIFIED,856,bags
2025-11-05,,Arabica,Nicaragua,HOU,TOTAL_BAGS_CERTIFIED,275,bags
2025-11-05,,Arabica,India,MIAMI,TOTAL_BAGS_CERTIFIED,1030,bags
2025-11-05,,Arabica,Kenya,MIAMI,TOTAL_BAGS_CERTIFIED,710,bags
2025-11-05,,Arabica,Venezuela,MIAMI,TOTAL_BAGS_CERTIFIED,250,bags
2025-11-05,,Arabica,Colombia,NOLA,TOTAL_BAGS_CERTIFIED,471,bags
2025-11-05,,Arabica,Mexico,NOLA,TOTAL_BAGS_CERTIFIED,1612,bags
2025-11-05,,Arabica,Brazil,NY,TOTAL_BAGS_CERTIFIED,580,bags
2025-11-05,,Arabica,Honduras,NY,TOTAL_BAGS_CERTIFIED,537,bags
2025-11-05,,Arabica,Mexico,NY,TOTAL_BAGS_CERTIFIED,30000,bags
2025-11-05,,Arabica,Papua New Guinea,NY,TOTAL_BAGS_CERTIFIED,995,bags
2025-11-05,,Arabica,Peru,NY,TOTAL_BAGS_CERTIFIED,1100,bags
2025-11-05,,Arabica,Venezuela,NY,TOTAL_BAGS_CERTIFIED,2500,bags
2025-11-05,2025-11-04,Robusta,,ANT,NON_TENDERABLE,20,lots
2025-11-05,2025-11-04,Robusta,,ANT,VALID_CERTIFICATE,2562,lots
2025-11-05,2025-11-04,Robusta,,BAR,NON_TENDERABLE,1,lots
2025-11-05,2025-11-04,Robusta,,BAR,VALID_CERTIFICATE,19,lots
2025-11-05,2025-11-04,Robusta,,FEL,VALID_CERTIFICATE,400,lots
2025-11-05,2025-11-04,Robusta,,LON,NON_TENDERABLE,2,lots
2025-11-05,2025-11-04,Robusta,,LON,VALID_CERTIFICATE,3052,lots
2025-11-05,2025-11-04,Robusta,,NOR,VALID_CERTIFICATE,2,lots
2025-11-05,2025-11-04,Robusta,,TRI,VALID_CERTIFICATE,1,lots
2025-11-06,,Arabica,Brazil,ANT,TOTAL_BAGS_CERTIFIED,11848,bags
2025-11-06,,Arabica,Burundi,ANT,TOTAL_BAGS_CERTIFIED,4122,bags
2025-11-06,,Arabica,Colombia,ANT,TOTAL_BAGS_CERTIFIED,25,bags
2025-11-06,,Arabica,Costa Rica,ANT,TOTAL_BAGS_CERTIFIED,250,bags
2025-11-06,,Arabica,El Salvador,ANT,TOTAL_BAGS_CERTIFIED,9715,bags
2025-11-06,,Arabica,Honduras,ANT,TOTAL_BAGS_CERTIFIED,28183,bags
2025-11-06,,Arabica,India,ANT,TOTAL_BAGS_CERTIFIED,12935,bags
2025-11-06,,Arabica,Kenya,ANT,TOTAL_BAGS_CERTIFIED,14550,bags
2025-11-06,,Arabica,Mexico,ANT,TOTAL_BAGS_CERTIFIED,73447,bags
2025-11-06,,Arabica,Nicaragua,ANT,TOTAL_BAGS_CERTIFIED,53629,bags
2025-11-06,,Arabica,Papua New Guinea,ANT,TOTAL_BAGS_CERTIFIED,3795,bags
2025-11-06,,Arabica,Peru,ANT,TOTAL_BAGS_CERTIFIED,36713,bags
2025-11-06,,Arabica,Rwanda,ANT,TOTAL_BAGS_CERTIFIED,13353,bags
2025-11-06,,Arabica,Tanzania,ANT,TOTAL_BAGS_CERTIFIED,43817,bags
2025-11-06,,Arabica,Uganda,ANT,TOTAL_BAGS_CERTIFIED,21048,bags
2025-11-06,,Arabica,Burundi,HA/BR,TOTAL_BAGS_CERTIFIED,3164,bags
2025-11-06,,Arabica,Honduras,HA/BR,TOTAL_BAGS_CERTIFIED,15550,bags
2025-11-06,,Arabica,India,HA/BR,TOTAL_BAGS_CERTIFIED,4319,bags
2025-11-06,,Arabica,Kenya,HA/BR,TOTAL_BAGS_CERTIFIED,2157,bags
2025-11-06,,Arabica,Papua New Guinea,HA/BR,TOTAL_BAGS_CERTIFIED,10365,bags
2025-11-06,,Arabica,Peru,HA/BR,TOTAL_BAGS_CERTIFIED,1240,bags
2025-11-06,,Arabica,Tanzania,HA/BR,TOTAL_BAGS_CERTIFIED,2760,bags
2025-11-06,,Arabica,Uganda,HA/BR,TOTAL_BAGS_CERTIFIED,320,bags
2025-11-06,,Arabica,Venezuela,HA/BR,TOTAL_BAGS_CERTIFIED,250,bags
2025-11-06,,Arabica,Brazil,HOU,TOTAL_BAGS_CERTIFIED,1548,bags
2025-11-06,,Arabica,Honduras,HOU,TOTAL_BAGS_CERTIFIED,9900,bags
2025-11-06,,Arabica,Mexico,HOU,TOTAL_BAGS_CERTIFIED,856,bags
2025-11-06,,Arabica,Nicaragua,HOU,TOTAL_BAGS_CERTIFIED,275,bags
2025-11-06,,Arabica,India,MIAMI,TOTAL_BAGS_CERTIFIED,1030,bags
2025-11-06,,Arabica,Kenya,MIAMI,TOTAL_BAGS_CERTIFIED,710,bags
2025-11-06,,Arabica,Venezuela,MIAMI,TOTAL_BAGS_CERTIFIED,250,bags
2025-11-06,,Arabica,Colombia,NOLA,TOTAL_BAGS_CERTIFIED,471,bags
2025-11-06,,Arabica,Mexico,NOLA,TOTAL_BAGS_CERTIFIED,1612,bags
2025-11-06,,Arabica,Brazil,NY,TOTAL_BAGS_CERTIFIED,580,bags
2025-11-06,,Arabica,Honduras,NY,TOTAL_BAGS_CERTIFIED,537,bags
2025-11-06,,Arabica,Mexico,NY,TOTAL_BAGS_CERTIFIED,28284,bags
2025-11-06,,Arabica,Papua New Guinea,NY,TOTAL_BAGS_CERTIFIED,995,bags
2025-11-06,,Arabica,Peru,NY,TOTAL_BAGS_CERTIFIED,1100,bags
2025-11-06,,Arabica,Venezuela,NY,TOTAL_BAGS_CERTIFIED,2500,bags
2025-11-06,2025-11-05,Robusta,,ANT,NON_TENDERABLE,20,lots
2025-11-06,2025-11-05,Robusta,,ANT,VALID_CERTIFICATE,2556,lots
2025-11-06,2025-11-05,Robusta,,BAR,VALID_CERTIFICATE,19,lots
2025-11-06,2025-11-05,Robusta,,FEL,VALID_CERTIFICATE,400,lots
2025-11-06,2025-11-05,Robusta,,LON,NON_TENDERABLE,2,lots
2025-11-06,2025-11-05,Robusta,,LON,VALID_CERTIFICATE,3052,lots
2025-11-06,2025-11-05,Robusta,,NOR,VALID_CERTIFICATE,2,lots
2025-11-06,2025-11-05,Robusta,,TRI,VALID_CERTIFICATE,1,lots
2025-11-07,,Arabica,Brazil,ANT,TOTAL_BAGS_CERTIFIED,11848,bags
2025-11-07,,Arabica,Burundi,ANT,TOTAL_BAGS_CERTIFIED,4122,bags
2025-11-07,,Arabica,Colombia,ANT,TOTAL_BAGS_CERTIFIED,25,bags
2025-11-07,,Arabica,Costa Rica,ANT,TOTAL_BAGS_CERTIFIED,250,bags
2025-11-07,,Arabica,El Salvador,ANT,TOTAL_BAGS_CERTIFIED,9715,bags
2025-11-07,,Arabica,Honduras,ANT,TOTAL_BAGS_CERTIFIED,27808,bags
2025-11-07,,Arabica,India,ANT,TOTAL_BAGS_CERTIFIED,12935,bags
2025-11-07,,Arabica,Kenya,ANT,TOTAL_BAGS_CERTIFIED,14550,bags
2025-11-07,,Arabica,Mexico,ANT,TOTAL_BAGS_CERTIFIED,73097,bags
2025-11-07,,Arabica,Nicaragua,ANT,TOTAL_BAGS_CERTIFIED,53629,bags
2025-11-07,,Arabica,Papua New Guinea,ANT,TOTAL_BAGS_CERTIFIED,3795,bags
2025-11-07,,Arabica,Peru,ANT,TOTAL_BAGS_CERTIFIED,36713,bags
2025-11-07,,Arabica,Rwanda,ANT,TOTAL_BAGS_CERTIFIED,13353,bags
2025-11-07,,Arabica,Tanzania,ANT,TOTAL_BAGS_CERTIFIED,43817,bags
2025-11-07,,Arabica,Uganda,ANT,TOTAL_BAGS_CERTIFIED,21048,bags
2025-11-07,,Arabica,Burundi,HA/BR,TOTAL_BAGS_CERTIFIED,3164,bags
2025-11-07,,Arabica,Honduras,HA/BR,TOTAL_BAGS_CERTIFIED,15550,bags
2025-11-07,,Arabica,India,HA/BR,TOTAL_BAGS_CERTIFIED,4319,bags
2025-11-07,,Arabica,Kenya,HA/BR,TOTAL_BAGS_CERTIFIED,2157,bags
2025-11-07,,Arabica,Papua New Guinea,HA/BR,TOTAL_BAGS_CERTIFIED,10365,bags
2025-11-07,,Arabica,Peru,HA/BR,TOTAL_BAGS_CERTIFIED,1240,bags
2025-11-07,,Arabica,Tanzania,HA/BR,TOTAL_BAGS_CERTIFIED,2760,bags
2025-11-07,,Arabica,Uganda,HA/BR,TOTAL_BAGS_CERTIFIED,320,bags
2025-11-07,,Arabica,Venezuela,HA/BR,TOTAL_BAGS_CERTIFIED,250,bags
2025-11-07,,Arabica,Brazil,HOU,TOTAL_BAGS_CERTIFIED,1548,bags
2025-11-07,,Arabica,Honduras,HOU,TOTAL_BAGS_CERTIFIED,9900,bags
2025-11-07,,Arabica,Mexico,HOU,TOTAL_BAGS_CERTIFIED,856,bags
2025-11-07,,Arabica,Nicaragua,HOU,TOTAL_BAGS_CERTIFIED,275,bags
2025-11-07,,Arabica,India,MIAMI,TOTAL_BAGS_CERTIFIED,1030,bags
2025-11-07,,Arabica,Kenya,MIAMI,TOTAL_BAGS_CERTIFIED,710,bags
2025-11-07,,Arabica,Venezuela,MIAMI,TOTAL_BAGS_CERTIFIED,250,bags
2025-11-07,,Arabica,Colombia,NOLA,TOTAL_BAGS_CERTIFIED,471,bags
2025-11-07,,Arabica,Mexico,NOLA,TOTAL_BAGS_CERTIFIED,1612,bags
2025-11-07,,Arabica,Brazil,NY,TOTAL_BAGS_CERTIFIED,580,bags
2025-11-07,,Arabica,Honduras,NY,TOTAL_BAGS_CERTIFIED,537,bags
2025-11-07,,Arabica,Mexico,NY,TOTAL_BAGS_CERTIFIED,28284,bags
2025-11-07,,Arabica,Papua New Guinea,NY,TOTAL_BAGS_CERTIFIED,995,bags
2025-11-07,,Arabica,Peru,NY,TOTAL_BAGS_CERTIFIED,1100,bags
2025-11-07,,Arabica,Venezuela,NY,TOTAL_BAGS_CERTIFIED,2500,bags
2025-11-07,2025-11-06,Robusta,,ANT,NON_TENDERABLE,20,lots
2025-11-07,2025-11-06,Robusta,,ANT,VALID_CERTIFICATE,2532,lots
2025-11-07,2025-11-06,Robusta,,BAR,VALID_CERTIFICATE,19,lots
2025-11-07,2025-11-06,Robusta,,FEL,VALID_CERTIFICATE,400,lots
2025-11-07,2025-11-06,Robusta,,LON,NON_TENDERABLE,2,lots
2025-11-07,2025-11-06,Robusta,,LON,VALID_CERTIFICATE,2972,lots
2025-11-07,2025-11-06,Robusta,,NOR,VALID_CERTIFICATE,2,lots
2025-11-07,2025-11-06,Robusta,,TRI,VALID_CERTIFICATE,1,lots
2025-11-10,,Arabica,Brazil,ANT,TOTAL_BAGS_CERTIFIED,11848,bags
2025-11-10,,Arabica,Burundi,ANT,TOTAL_BAGS_CERTIFIED,4122,bags
2025-11-10,,Arabica,Colombia,ANT,TOTAL_BAGS_CERTIFIED,25,bags
2025-11-10,,Arabica,Costa Rica,ANT,TOTAL_BAGS_CERTIFIED,250,bags
2025-11-10,,Arabica,El Salvador,ANT,TOTAL_BAGS_CERTIFIED,9715,bags
2025-11-10,,Arabica,Honduras,ANT,TOTAL_BAGS_CERTIFIED,27808,bags
2025-11-10,,Arabica,India,ANT,TOTAL_BAGS_CERTIFIED,12530,bags
2025-11-10,,Arabica,Kenya,ANT,TOTAL_BAGS_CERTIFIED,14550,bags
2025-11-10,,Arabica,Mexico,ANT,TOTAL_BAGS_CERTIFIED,73097,bags
2025-11-10,,Arabica,Nicaragua,ANT,TOTAL_BAGS_CERTIFIED,53629,bags
2025-11-10,,Arabica,Papua New Guinea,ANT,TOTAL_BAGS_CERTIFIED,3795,bags
2025-11-10,,Arabica,Peru,ANT,TOTAL_BAGS_CERTIFIED,36413,bags
2025-11-10,,Arabica,Rwanda,ANT,TOTAL_BAGS_CERTIFIED,13353,bags
2025-11-10,,Arabica,Tanzania,ANT,TOTAL_BAGS_CERTIFIED,43817,bags
2025-11-10,,Arabica,Uganda,ANT,TOTAL_BAGS_CERTIFIED,21048,bags
2025-11-10,,Arabica,Burundi,HA/BR,TOTAL_BAGS_CERTIFIED,3164,bags
2025-11-10,,Arabica,Honduras,HA/BR,TOTAL_BAGS_CERTIFIED,15550,bags
2025-11-10,,Arabica,India,HA/BR,TOTAL_BAGS_CERTIFIED,4319,bags
2025-11-10,,Arabica,Kenya,HA/BR,TOTAL_BAGS_CERTIFIED,2157,bags
2025-11-10,,Arabica,Papua New Guinea,HA/BR,TOTAL_BAGS_CERTIFIED,10365,bags
2025-11-10,,Arabica,Peru,HA/BR,TOTAL_BAGS_CERTIFIED,1240,bags
2025-11-10,,Arabica,Tanzania,HA/BR,TOTAL_BAGS_CERTIFIED,2690,bags
2025-11-10,,Arabica,Uganda,HA/BR,TOTAL_BAGS_CERTIFIED,320,bags
2025-11-10,,Arabica,Venezuela,HA/BR,TOTAL_BAGS_CERTIFIED,250,bags
2025-11-10,,Arabica,Brazil,HOU,TOTAL_BAGS_CERTIFIED,1548,bags
2025-11-10,,Arabica,Honduras,HOU,TOTAL_BAGS_CERTIFIED,9900,bags
2025-11-10,,Arabica,Mexico,HOU,TOTAL_BAGS_CERTIFIED,856,bags
2025-11-10,,Arabica,Nicaragua,HOU,TOTAL_BAGS_CERTIFIED,275,bags
2025-11-10,,Arabica,India,MIAMI,TOTAL_BAGS_CERTIFIED,1030,bags
2025-11-10,,Arabica,Kenya,MIAMI,TOTAL_BAGS_CERTIFIED,710,bags
2025-11-10,,Arabica,Venezuela,MIAMI,TOTAL_BAGS_CERTIFIED,250,bags
2025-11-10,,Arabica,Colombia,NOLA,TOTAL_BAGS_CERTIFIED,471,bags
2025-11-10,,Arabica,Mexico,NOLA,TOTAL_BAGS_CERTIFIED,1612,bags
2025-11-10,,Arabica,Brazil,NY,TOTAL_BAGS_CERTIFIED,580,bags
2025-11-10,,Arabica,Honduras,NY,TOTAL_BAGS_CERTIFIED,537,bags
2025-11-10,,Arabica,Mexico,NY,TOTAL_BAGS_CERTIFIED,28284,bags
2025-11-10,,Arabica,Papua New Guinea,NY,TOTAL_BAGS_CERTIFIED,995,bags
2025-11-10,,Arabica,Peru,NY,TOTAL_BAGS_CERTIFIED,1100,bags
2025-11-10,,Arabica,Venezuela,NY,TOTAL_BAGS_CERTIFIED,2500,bags
2025-11-10,2025-11-09,Robusta,,ANT,NON_TENDERABLE,19,lots
2025-11-10,2025-11-09,Robusta,,ANT,VALID_CERTIFICATE,2499,lots
2025-11-10,2025-11-09,Robusta,,BAR,VALID_CERTIFICATE,19,lots
2025-11-10,2025-11-09,Robusta,,FEL,VALID_CERTIFICATE,400,lots
2025-11-10,2025-11-09,Robusta,,LON,NON_TENDERABLE,2,lots
2025-11-10,2025-11-09,Robusta,,LON,VALID_CERTIFICATE,2952,lots
2025-11-10,2025-11-09,Robusta,,NOR,VALID_CERTIFICATE,2,lots
2025-11-10,2025-11-09,Robusta,,TRI,VALID_CERTIFICATE,1,lots
2025-11-11,,Arabica,Brazil,ANT,TOTAL_BAGS_CERTIFIED,8415,bags
2025-11-11,,Arabica,Burundi,ANT,TOTAL_BAGS_CERTIFIED,4122,bags
2025-11-11,,Arabica,Colombia,ANT,TOTAL_BAGS_CERTIFIED,25,bags
2025-11-11,,Arabica,Costa Rica,ANT,TOTAL_BAGS_CERTIFIED,250,bags
2025-11-11,,Arabica,El Salvador,ANT,TOTAL_BAGS_CERTIFIED,9715,bags
2025-11-11,,Arabica,Honduras,ANT,TOTAL_BAGS_CERTIFIED,27808,bags
2025-11-11,,Arabica,India,ANT,TOTAL_BAGS_CERTIFIED,12530,bags
2025-11-11,,Arabica,Kenya,ANT,TOTAL_BAGS_CERTIFIED,14550,bags
2025-11-11,,Arabica,Mexico,ANT,TOTAL_BAGS_CERTIFIED,67845,bags
2025-11-11,,Arabica,Nicaragua,ANT,TOTAL_BAGS_CERTIFIED,52886,bags
2025-11-11,,Arabica,Papua New Guinea,ANT,TOTAL_BAGS_CERTIFIED,3795,bags
2025-11-11,,Arabica,Peru,ANT,TOTAL_BAGS_CERTIFIED,36413,bags
2025-11-11,,Arabica,Rwanda,ANT,TOTAL_BAGS_CERTIFIED,13353,bags
2025-11-11,,Arabica,Tanzania,ANT,TOTAL_BAGS_CERTIFIED,42671,bags
2025-11-11,,Arabica,Uganda,ANT,TOTAL_BAGS_CERTIFIED,21048,bags
2025-11-11,,Arabica,Burundi,HA/BR,TOTAL_BAGS_CERTIFIED,3164,bags
2025-11-11,,Arabica,Honduras,HA/BR,TOTAL_BAGS_CERTIFIED,15550,bags
2025-11-11,,Arabica,India,HA/BR,TOTAL_BAGS_CERTIFIED,4319,bags
2025-11-11,,Arabica,Kenya,HA/BR,TOTAL_BAGS_CERTIFIED,2157,bags
2025-11-11,,Arabica,Papua New Guinea,HA/BR,TOTAL_BAGS_CERTIFIED,10365,bags
2025-11-11,,Arabica,Peru,HA/BR,TOTAL_BAGS_CERTIFIED,1240,bags
2025-11-11,,Arabica,Tanzania,HA/BR,TOTAL_BAGS_CERTIFIED,2690,bags
2025-11-11,,Arabica,Uganda,HA/BR,TOTAL_BAGS_CERTIFIED,320,bags
2025-11-11,,Arabica,Venezuela,HA/BR,TOTAL_BAGS_CERTIFIED,250,bags
2025-11-11,,Arabica,Brazil,HOU,TOTAL_BAGS_CERTIFIED,1548,bags
2025-11-11,,Arabica,Honduras,HOU,TOTAL_BAGS_CERTIFIED,9900,bags
2025-11-11,,Arabica,Mexico,HOU,TOTAL_BAGS_CERTIFIED,856,bags
2025-11-11,,Arabica,Nicaragua,HOU,TOTAL_BAGS_CERTIFIED,275,bags
2025-11-11,,Arabica,India,MIAMI,TOTAL_BAGS_CERTIFIED,1030,bags
2025-11-11,,Arabica,Kenya,MIAMI,TOTAL_BAGS_CERTIFIED,710,bags
2025-11-11,,Arabica,Venezuela,MIAMI,TOTAL_BAGS_CERTIFIED,250,bags
2025-11-11,,Arabica,Colombia,NOLA,TOTAL_BAGS_CERTIFIED,471,bags
2025-11-11,,Arabica,Mexico,NOLA,TOTAL_BAGS_CERTIFIED,1612,bags
2025-11-11,,Arabica,Brazil,NY,TOTAL_BAGS_CERTIFIED,580,bags
2025-11-11,,Arabica,Honduras,NY,TOTAL_BAGS_CERTIFIED,537,bags
2025-11-11,,Arabica,Mexico,NY,TOTAL_BAGS_CERTIFIED,28284,bags
2025-11-11,,Arabica,Papua New Guinea,NY,TOTAL_BAGS_CERTIFIED,995,bags
2025-11-11,,Arabica,Peru,NY,TOTAL_BAGS_CERTIFIED,1100,bags
2025-11-11,,Arabica,Venezuela,NY,TOTAL_BAGS_CERTIFIED,2500,bags
2025-11-11,2025-11-10,Robusta,,ANT,NON_TENDERABLE,19,lots
2025-11-11,2025-11-10,Robusta,,ANT,VALID_CERTIFICATE,2517,lots
2025-11-11,2025-11-10,Robusta,,BAR,VALID_CERTIFICATE,19,lots
2025-11-11,2025-11-10,Robusta,,FEL,VALID_CERTIFICATE,399,lots
2025-11-11,2025-11-10,Robusta,,LON,NON_TENDERABLE,2,lots
2025-11-11,2025-11-10,Robusta,,LON,VALID_CERTIFICATE,2930,lots
2025-11-11,2025-11-10,Robusta,,NOR,VALID_CERTIFICATE,2,lots
2025-11-11,2025-11-10,Robusta,,TRI,VALID_CERTIFICATE,1,lots
2025-11-12,,Arabica,Brazil,ANT,TOTAL_BAGS_CERTIFIED,8415,bags
2025-11-12,,Arabica,Burundi,ANT,TOTAL_BAGS_CERTIFIED,4122,bags
2025-11-12,,Arabica,Colombia,ANT,TOTAL_BAGS_CERTIFIED,25,bags
2025-11-12,,Arabica,Costa Rica,ANT,TOTAL_BAGS_CERTIFIED,250,bags
2025-11-12,,Arabica,El Salvador,ANT,TOTAL_BAGS_CERTIFIED,9715,bags
2025-11-12,,Arabica,Honduras,ANT,TOTAL_BAGS_CERTIFIED,27808,bags
2025-11-12,,Arabica,India,ANT,TOTAL_BAGS_CERTIFIED,12530,bags
2025-11-12,,Arabica,Kenya,ANT,TOTAL_BAGS_CERTIFIED,14550,bags
2025-11-12,,Arabica,Mexico,ANT,TOTAL_BAGS_CERTIFIED,67845,bags
2025-11-12,,Arabica,Nicaragua,ANT,TOTAL_BAGS_CERTIFIED,52886,bags
2025-11-12,,Arabica,Papua New Guinea,ANT,TOTAL_BAGS_CERTIFIED,3795,bags
2025-11-12,,Arabica,Peru,ANT,TOTAL_BAGS_CERTIFIED,36413,bags
2025-11-12,,Arabica,Rwanda,ANT,TOTAL_BAGS_CERTIFIED,13353,bags
2025-11-12,,Arabica,Tanzania,ANT,TOTAL_BAGS_CERTIFIED,42671,bags
2025-11-12,,Arabica,Uganda,ANT,TOTAL_BAGS_CERTIFIED,21048,bags
2025-11-12,,Arabica,Burundi,HA/BR,TOTAL_BAGS_CERTIFIED,3164,bags
2025-11-12,,Arabica,Honduras,HA/BR,TOTAL_BAGS_CERTIFIED,15550,bags
2025-11-12,,Arabica,India,HA/BR,TOTAL_BAGS_CERTIFIED,4264,bags
2025-11-12,,Arabica,Kenya,HA/BR,TOTAL_BAGS_CERTIFIED,2157,bags
2025-11-12,,Arabica,Papua New Guinea,HA/BR,TOTAL_BAGS_CERTIFIED,10365,bags
2025-11-12,,Arabica,Peru,HA/BR,TOTAL_BAGS_CERTIFIED,1240,bags
2025-11-12,,Arabica,Tanzania,HA/BR,TOTAL_BAGS_CERTIFIED,2690,bags
2025-11-12,,Arabica,Uganda,HA/BR,TOTAL_BAGS_CERTIFIED,320,bags
2025-11-12,,Arabica,Venezuela,HA/BR,TOTAL_BAGS_CERTIFIED,250,bags
2025-11-12,,Arabica,Brazil,HOU,TOTAL_BAGS_CERTIFIED,1548,bags
2025-11-12,,Arabica,Honduras,HOU,TOTAL_BAGS_CERTIFIED,9900,bags
2025-11-12,,Arabica,Mexico,HOU,TOTAL_BAGS_CERTIFIED,856,bags
2025-11-12,,Arabica,Nicaragua,HOU,TOTAL_BAGS_CERTIFIED,275,bags
2025-11-12,,Arabica,India,MIAMI,TOTAL_BAGS_CERTIFIED,1030,bags
2025-11-12,,Arabica,Kenya,MIAMI,TOTAL_BAGS_CERTIFIED,710,bags
2025-11-12,,Arabica,Venezuela,MIAMI,TOTAL_BAGS_CERTIFIED,250,bags
2025-11-12,,Arabica,Colombia,NOLA,TOTAL_BAGS_CERTIFIED,471,bags
2025-11-12,,Arabica,Mexico,NOLA,TOTAL_BAGS_CERTIFIED,1612,bags
2025-11-12,,Arabica,Brazil,NY,TOTAL_BAGS_CERTIFIED,580,bags
2025-11-12,,Arabica,Honduras,NY,TOTAL_BAGS_CERTIFIED,537,bags
2025-11-12,,Arabica,Mexico,NY,TOTAL_BAGS_CERTIFIED,27140,bags
2025-11-12,,Arabica,Papua New Guinea,NY,TOTAL_BAGS_CERTIFIED,995,bags
2025-11-12,,Arabica,Peru,NY,TOTAL_BAGS_CERTIFIED,1100,bags
2025-11-12,,Arabica,Venezuela,NY,TOTAL_BAGS_CERTIFIED,2500,bags
2025-11-12,2025-11-11,Robusta,,ANT,NON_TENDERABLE,19,lots
2025-11-12,2025-11-11,Robusta,,ANT,SUSPENDED,5,lots
2025-11-12,2025-11-11,Robusta,,ANT,VALID_CERTIFICATE,2572,lots
2025-11-12,2025-11-11,Robusta,,BAR,VALID_CERTIFICATE,19,lots
2025-11-12,2025-11-11,Robusta,,FEL,VALID_CERTIFICATE,355,lots
2025-11-12,2025-11-11,Robusta,,LON,NON_TENDERABLE,2,lots
2025-11-12,2025-11-11,Robusta,,LON,VALID_CERTIFICATE,2930,lots
2025-11-12,2025-11-11,Robusta,,NOR,VALID_CERTIFICATE,2,lots
2025-11-12,2025-11-11,Robusta,,TRI,VALID_CERTIFICATE,1,lots
2025-11-13,,Arabica,Brazil,ANT,TOTAL_BAGS_CERTIFIED,8415,bags
2025-11-13,,Arabica,Burundi,ANT,TOTAL_BAGS_CERTIFIED,4122,bags
2025-11-13,,Arabica,Colombia,ANT,TOTAL_BAGS_CERTIFIED,25,bags
2025-11-13,,Arabica,Costa Rica,ANT,TOTAL_BAGS_CERTIFIED,250,bags
2025-11-13,,Arabica,El Salvador,ANT,TOTAL_BAGS_CERTIFIED,9715,bags
2025-11-13,,Arabica,Honduras,ANT,TOTAL_BAGS_CERTIFIED,27808,bags
2025-11-13,,Arabica,India,ANT,TOTAL_BAGS_CERTIFIED,12530,bags
2025-11-13,,Arabica,Kenya,ANT,TOTAL_BAGS_CERTIFIED,14550,bags
2025-11-13,,Arabica,Mexico,ANT,TOTAL_BAGS_CERTIFIED,67845,bags
2025-11-13,,Arabica,Nicaragua,ANT,TOTAL_BAGS_CERTIFIED,52886,bags
2025-11-13,,Arabica,Papua New Guinea,ANT,TOTAL_BAGS_CERTIFIED,3795,bags
2025-11-13,,Arabica,Peru,ANT,TOTAL_BAGS_CERTIFIED,36413,bags
2025-11-13,,Arabica,Rwanda,ANT,TOTAL_BAGS_CERTIFIED,13353,bags
2025-11-13,,Arabica,Tanzania,ANT,TOTAL_BAGS_CERTIFIED,42671,bags
2025-11-13,,Arabica,Uganda,ANT,TOTAL_BAGS_CERTIFIED,21048,bags
2025-11-13,,Arabica,Burundi,HA/BR,TOTAL_BAGS_CERTIFIED,3164,bags
2025-11-13,,Arabica,Honduras,HA/BR,TOTAL_BAGS_CERTIFIED,15550,bags
2025-11-13,,Arabica,India,HA/BR,TOTAL_BAGS_CERTIFIED,4264,bags
2025-11-13,,Arabica,Kenya,HA/BR,TOTAL_BAGS_CERTIFIED,2157,bags
2025-11-13,,Arabica,Papua New Guinea,HA/BR,TOTAL_BAGS_CERTIFIED,10365,bags
2025-11-13,,Arabica,Peru,HA/BR,TOTAL_BAGS_CERTIFIED,1240,bags
2025-11-13,,Arabica,Tanzania,HA/BR,TOTAL_BAGS_CERTIFIED,2690,bags
2025-11-13,,Arabica,Uganda,HA/BR,TOTAL_BAGS_CERTIFIED,320,bags
2025-11-13,,Arabica,Venezuela,HA/BR,TOTAL_BAGS_CERTIFIED,250,bags
2025-11-13,,Arabica,Brazil,HOU,TOTAL_BAGS_CERTIFIED,1548,bags
2025-11-13,,Arabica,Honduras,HOU,TOTAL_BAGS_CERTIFIED,9900,bags
2025-11-13,,Arabica,Mexico,HOU,TOTAL_BAGS_CERTIFIED,856,bags
2025-11-13,,Arabica,Nicaragua,HOU,TOTAL_BAGS_CERTIFIED,275,bags
2025-11-13,,Arabica,India,MIAMI,TOTAL_BAGS_CERTIFIED,1030,bags
2025-11-13,,Arabica,Kenya,MIAMI,TOTAL_BAGS_CERTIFIED,710,bags
2025-11-13,,Arabica,Venezuela,MIAMI,TOTAL_BAGS_CERTIFIED,250,bags
2025-11-13,,Arabica,Colombia,NOLA,TOTAL_BAGS_CERTIFIED,471,bags
2025-11-13,,Arabica,Mexico,NOLA,TOTAL_BAGS_CERTIFIED,1612,bags
2025-11-13,,Arabica,Brazil,NY,TOTAL_BAGS_CERTIFIED,580,bags
2025-11-13,,Arabica,Honduras,NY,TOTAL_BAGS_CERTIFIED,537,bags
2025-11-13,,Arabica,Mexico,NY,TOTAL_BAGS_CERTIFIED,27140,bags
2025-11-13,,Arabica,Papua New Guinea,NY,TOTAL_BAGS_CERTIFIED,995,bags
2025-11-13,,Arabica,Peru,NY,TOTAL_BAGS_CERTIFIED,1100,bags
2025-11-13,,Arabica,Venezuela,NY,TOTAL_BAGS_CERTIFIED,1000,bags
2025-11-13,2025-11-12,Robusta,,ANT,NON_TENDERABLE,19,lots
2025-11-13,2025-11-12,Robusta,,ANT,SUSPENDED,5,lots
2025-11-13,2025-11-12,Robusta,,ANT,VALID_CERTIFICATE,2453,lots
2025-11-13,2025-11-12,Robusta,,BAR,VALID_CERTIFICATE,19,lots
2025-11-13,2025-11-12,Robusta,,FEL,VALID_CERTIFICATE,355,lots
2025-11-13,2025-11-12,Robusta,,LON,NON_TENDERABLE,2,lots
2025-11-13,2025-11-12,Robusta,,LON,VALID_CERTIFICATE,2930,lots
2025-11-13,2025-11-12,Robusta,,NOR,VALID_CERTIFICATE,2,lots
2025-11-13,2025-11-12,Robusta,,TRI,VALID_CERTIFICATE,1,lots
2025-11-14,,Arabica,Brazil,ANT,TOTAL_BAGS_CERTIFIED,8415,bags
2025-11-14,,Arabica,Burundi,ANT,TOTAL_BAGS_CERTIFIED,4122,bags
2025-11-14,,Arabica,Colombia,ANT,TOTAL_BAGS_CERTIFIED,25,bags
2025-11-14,,Arabica,Costa Rica,ANT,TOTAL_BAGS_CERTIFIED,250,bags
2025-11-14,,Arabica,El Salvador,ANT,TOTAL_BAGS_CERTIFIED,9715,bags
2025-11-14,,Arabica,Honduras,ANT,TOTAL_BAGS_CERTIFIED,27808,bags
2025-11-14,,Arabica,India,ANT,TOTAL_BAGS_CERTIFIED,12530,bags
2025-11-14,,Arabica,Kenya,ANT,TOTAL_BAGS_CERTIFIED,13980,bags
2025-11-14,,Arabica,Mexico,ANT,TOTAL_BAGS_CERTIFIED,67060,bags
2025-11-14,,Arabica,Nicaragua,ANT,TOTAL_BAGS_CERTIFIED,52353,bags
2025-11-14,,Arabica,Papua New Guinea,ANT,TOTAL_BAGS_CERTIFIED,3795,bags
2025-11-14,,Arabica,Peru,ANT,TOTAL_BAGS_CERTIFIED,36413,bags
2025-11-14,,Arabica,Rwanda,ANT,TOTAL_BAGS_CERTIFIED,16983,bags
2025-11-14,,Arabica,Tanzania,ANT,TOTAL_BAGS_CERTIFIED,42671,bags
2025-11-14,,Arabica,Uganda,ANT,TOTAL_BAGS_CERTIFIED,21048,bags
2025-11-14,,Arabica,Burundi,HA/BR,TOTAL_BAGS_CERTIFIED,3164,bags
2025-11-14,,Arabica,Honduras,HA/BR,TOTAL_BAGS_CERTIFIED,15550,bags
2025-11-14,,Arabica,India,HA/BR,TOTAL_BAGS_CERTIFIED,4264,bags
2025-11-14,,Arabica,Kenya,HA/BR,TOTAL_BAGS_CERTIFIED,2157,bags
2025-11-14,,Arabica,Papua New Guinea,HA/BR,TOTAL_BAGS_CERTIFIED,10365,bags
2025-11-14,,Arabica,Peru,HA/BR,TOTAL_BAGS_CERTIFIED,1240,bags
2025-11-14,,Arabica,Tanzania,HA/BR,TOTAL_BAGS_CERTIFIED,2690,bags
2025-11-14,,Arabica,Uganda,HA/BR,TOTAL_BAGS_CERTIFIED,320,bags
2025-11-14,,Arabica,Venezuela,HA/BR,TOTAL_BAGS_CERTIFIED,250,bags
2025-11-14,,Arabica,Brazil,HOU,TOTAL_BAGS_CERTIFIED,1548,bags
2025-11-14,,Arabica,Honduras,HOU,TOTAL_BAGS_CERTIFIED,9900,bags
2025-11-14,,Arabica,Mexico,HOU,TOTAL_BAGS_CERTIFIED,856,bags
2025-11-14,,Arabica,Nicaragua,HOU,TOTAL_BAGS_CERTIFIED,275,bags
2025-11-14,,Arabica,India,MIAMI,TOTAL_BAGS_CERTIFIED,1030,bags
2025-11-14,,Arabica,Kenya,MIAMI,TOTAL_BAGS_CERTIFIED,710,bags
2025-11-14,,Arabica,Venezuela,MIAMI,TOTAL_BAGS_CERTIFIED,250,bags
2025-11-14,,Arabica,Colombia,NOLA,TOTAL_BAGS_CERTIFIED,471,bags
2025-11-14,,Arabica,Mexico,NOLA,TOTAL_BAGS_CERTIFIED,1612,bags
2025-11-14,,Arabica,Brazil,NY,TOTAL_BAGS_CERTIFIED,580,bags
2025-11-14,,Arabica,Honduras,NY,TOTAL_BAGS_CERTIFIED,537,bags
2025-11-14,,Arabica,Mexico,NY,TOTAL_BAGS_CERTIFIED,25158,bags
2025-11-14,,Arabica,Papua New Guinea,NY,TOTAL_BAGS_CERTIFIED,995,bags
2025-11-14,,Arabica,Peru,NY,TOTAL_BAGS_CERTIFIED,1100,bags
2025-11-14,,Arabica,Venezuela,NY,TOTAL_BAGS_CERTIFIED,1000,bags
2025-11-14,2025-11-13,Robusta,,ANT,NON_TENDERABLE,19,lots
2025-11-14,2025-11-13,Robusta,,ANT,SUSPENDED,5,lots
2025-11-14,2025-11-13,Robusta,,ANT,VALID_CERTIFICATE,2437,lots
2025-11-14,2025-11-13,Robusta,,BAR,VALID_CERTIFICATE,19,lots
2025-11-14,2025-11-13,Robusta,,FEL,VALID_CERTIFICATE,355,lots
2025-11-14,2025-11-13,Robusta,,LON,NON_TENDERABLE,2,lots
2025-11-14,2025-11-13,Robusta,,LON,VALID_CERTIFICATE,2909,lots
2025-11-14,2025-11-13,Robusta,,NOR,VALID_CERTIFICATE,2,lots
2025-11-14,2025-11-13,Robusta,,TRI,VALID_CERTIFICATE,1,lots
2025-11-17,,Arabica,Brazil,ANT,TOTAL_BAGS_CERTIFIED,11509,bags
2025-11-17,,Arabica,Burundi,ANT,TOTAL_BAGS_CERTIFIED,4122,bags
2025-11-17,,Arabica,Colombia,ANT,TOTAL_BAGS_CERTIFIED,25,bags
2025-11-17,,Arabica,Costa Rica,ANT,TOTAL_BAGS_CERTIFIED,250,bags
2025-11-17,,Arabica,El Salvador,ANT,TOTAL_BAGS_CERTIFIED,9715,bags
2025-11-17,,Arabica,Honduras,ANT,TOTAL_BAGS_CERTIFIED,25808,bags
2025-11-17,,Arabica,India,ANT,TOTAL_BAGS_CERTIFIED,11135,bags
2025-11-17,,Arabica,Kenya,ANT,TOTAL_BAGS_CERTIFIED,13980,bags
2025-11-17,,Arabica,Mexico,ANT,TOTAL_BAGS_CERTIFIED,67060,bags
2025-11-17,,Arabica,Nicaragua,ANT,TOTAL_BAGS_CERTIFIED,52353,bags
2025-11-17,,Arabica,Papua New Guinea,ANT,TOTAL_BAGS_CERTIFIED,2940,bags
2025-11-17,,Arabica,Peru,ANT,TOTAL_BAGS_CERTIFIED,35419,bags
2025-11-17,,Arabica,Rwanda,ANT,TOTAL_BAGS_CERTIFIED,17303,bags
2025-11-17,,Arabica,Tanzania,ANT,TOTAL_BAGS_CERTIFIED,42671,bags
2025-11-17,,Arabica,Uganda,ANT,TOTAL_BAGS_CERTIFIED,21048,bags
2025-11-17,,Arabica,Burundi,HA/BR,TOTAL_BAGS_CERTIFIED,3164,bags
2025-11-17,,Arabica,Honduras,HA/BR,TOTAL_BAGS_CERTIFIED,15550,bags
2025-11-17,,Arabica,India,HA/BR,TOTAL_BAGS_CERTIFIED,3694,bags
2025-11-17,,Arabica,Kenya,HA/BR,TOTAL_BAGS_CERTIFIED,2157,bags
2025-11-17,,Arabica,Papua New Guinea,HA/BR,TOTAL_BAGS_CERTIFIED,10365,bags
2025-11-17,,Arabica,Peru,HA/BR,TOTAL_BAGS_CERTIFIED,1240,bags
2025-11-17,,Arabica,Tanzania,HA/BR,TOTAL_BAGS_CERTIFIED,2690,bags
2025-11-17,,Arabica,Uganda,HA/BR,TOTAL_BAGS_CERTIFIED,320,bags
2025-11-17,,Arabica,Venezuela,HA/BR,TOTAL_BAGS_CERTIFIED,250,bags
2025-11-17,,Arabica,Brazil,HOU,TOTAL_BAGS_CERTIFIED,1548,bags
2025-11-17,,Arabica,Honduras,HOU,TOTAL_BAGS_CERTIFIED,9900,bags
2025-11-17,,Arabica,Mexico,HOU,TOTAL_BAGS_CERTIFIED,856,bags
2025-11-17,,Arabica,Nicaragua,HOU,TOTAL_BAGS_CERTIFIED,275,bags
2025-11-17,,Arabica,India,MIAMI,TOTAL_BAGS_CERTIFIED,1030,bags
2025-11-17,,Arabica,Kenya,MIAMI,TOTAL_BAGS_CERTIFIED,710,bags
2025-11-17,,Arabica,Venezuela,MIAMI,TOTAL_BAGS_CERTIFIED,250,bags
2025-11-17,,Arabica,Colombia,NOLA,TOTAL_BAGS_CERTIFIED,471,bags
2025-11-17,,Arabica,Mexico,NOLA,TOTAL_BAGS_CERTIFIED,1612,bags
2025-11-17,,Arabica,Brazil,NY,TOTAL_BAGS_CERTIFIED,580,bags
2025-11-17,,Arabica,Honduras,NY,TOTAL_BAGS_CERTIFIED,537,bags
2025-11-17,,Arabica,Mexico,NY,TOTAL_BAGS_CERTIFIED,25158,bags
2025-11-17,,Arabica,Papua New Guinea,NY,TOTAL_BAGS_CERTIFIED,995,bags
2025-11-17,,Arabica,Peru,NY,TOTAL_BAGS_CERTIFIED,1100,bags
2025-11-17,,Arabica,Venezuela,NY,TOTAL_BAGS_CERTIFIED,1000,bags
2025-11-17,2025-11-16,Robusta,,ANT,NON_TENDERABLE,19,lots
2025-11-17,2025-11-16,Robusta,,ANT,SUSPENDED,5,lots
2025-11-17,2025-11-16,Robusta,,ANT,VALID_CERTIFICATE,2436,lots
2025-11-17,2025-11-16,Robusta,,BAR,VALID_CERTIFICATE,19,lots
2025-11-17,2025-11-16,Robusta,,FEL,VALID_CERTIFICATE,355,lots
2025-11-17,2025-11-16,Robusta,,LON,NON_TENDERABLE,2,lots
2025-11-17,2025-11-16,Robusta,,LON,VALID_CERTIFICATE,2835,lots
2025-11-17,2025-11-16,Robusta,,NOR,VALID_CERTIFICATE,2,lots
2025-11-17,2025-11-16,Robusta,,TRI,VALID_CERTIFICATE,1,lots
2025-11-18,,Arabica,Brazil,ANT,TOTAL_BAGS_CERTIFIED,11509,bags
2025-11-18,,Arabica,Burundi,ANT,TOTAL_BAGS_CERTIFIED,4122,bags
2025-11-18,,Arabica,Colombia,ANT,TOTAL_BAGS_CERTIFIED,25,bags
2025-11-18,,Arabica,Costa Rica,ANT,TOTAL_BAGS_CERTIFIED,250,bags
2025-11-18,,Arabica,El Salvador,ANT,TOTAL_BAGS_CERTIFIED,9715,bags
2025-11-18,,Arabica,Honduras,ANT,TOTAL_BAGS_CERTIFIED,25808,bags
2025-11-18,,Arabica,India,ANT,TOTAL_BAGS_CERTIFIED,11135,bags
2025-11-18,,Arabica,Kenya,ANT,TOTAL_BAGS_CERTIFIED,13980,bags
2025-11-18,,Arabica,Mexico,ANT,TOTAL_BAGS_CERTIFIED,67060,bags
2025-11-18,,Arabica,Nicaragua,ANT,TOTAL_BAGS_CERTIFIED,52353,bags
2025-11-18,,Arabica,Papua New Guinea,ANT,TOTAL_BAGS_CERTIFIED,2940,bags
2025-11-18,,Arabica,Peru,ANT,TOTAL_BAGS_CERTIFIED,35419,bags
2025-11-18,,Arabica,Rwanda,ANT,TOTAL_BAGS_CERTIFIED,17303,bags
2025-11-18,,Arabica,Tanzania,ANT,TOTAL_BAGS_CERTIFIED,38966,bags
2025-11-18,,Arabica,Uganda,ANT,TOTAL_BAGS_CERTIFIED,21048,bags
2025-11-18,,Arabica,Burundi,HA/BR,TOTAL_BAGS_CERTIFIED,3164,bags
2025-11-18,,Arabica,Honduras,HA/BR,TOTAL_BAGS_CERTIFIED,15550,bags
2025-11-18,,Arabica,India,HA/BR,TOTAL_BAGS_CERTIFIED,3694,bags
2025-11-18,,Arabica,Kenya,HA/BR,TOTAL_BAGS_CERTIFIED,2157,bags
2025-11-18,,Arabica,Papua New Guinea,HA/BR,TOTAL_BAGS_CERTIFIED,10365,bags
2025-11-18,,Arabica,Peru,HA/BR,TOTAL_BAGS_CERTIFIED,1240,bags
2025-11-18,,Arabica,Tanzania,HA/BR,TOTAL_BAGS_CERTIFIED,2690,bags
2025-11-18,,Arabica,Uganda,HA/BR,TOTAL_BAGS_CERTIFIED,320,bags
2025-11-18,,Arabica,Venezuela,HA/BR,TOTAL_BAGS_CERTIFIED,250,bags
2025-11-18,,Arabica,Brazil,HOU,TOTAL_BAGS_CERTIFIED,1548,bags
2025-11-18,,Arabica,Honduras,HOU,TOTAL_BAGS_CERTIFIED,9900,bags
2025-11-18,,Arabica,Mexico,HOU,TOTAL_BAGS_CERTIFIED,856,bags
2025-11-18,,Arabica,Nicaragua,HOU,TOTAL_BAGS_CERTIFIED,275,bags
2025-11-18,,Arabica,India,MIAMI,TOTAL_BAGS_CERTIFIED,1030,bags
2025-11-18,,Arabica,Kenya,MIAMI,TOTAL_BAGS_CERTIFIED,710,bags
2025-11-18,,Arabica,Venezuela,MIAMI,TOTAL_BAGS_CERTIFIED,250,bags
2025-11-18,,Arabica,Colombia,NOLA,TOTAL_BAGS_CERTIFIED,471,bags
2025-11-18,,Arabica,Mexico,NOLA,TOTAL_BAGS_CERTIFIED,1612,bags
2025-11-18,,Arabica,Brazil,NY,TOTAL_BAGS_CERTIFIED,580,bags
2025-11-18,,Arabica,Honduras,NY,TOTAL_BAGS_CERTIFIED,537,bags
2025-11-18,,Arabica,Mexico,NY,TOTAL_BAGS_CERTIFIED,24586,bags
2025-11-18,,Arabica,Papua New Guinea,NY,TOTAL_BAGS_CERTIFIED,995,bags
2025-11-18,,Arabica,Peru,NY,TOTAL_BAGS_CERTIFIED,1100,bags
2025-11-18,,Arabica,Venezuela,NY,TOTAL_BAGS_CERTIFIED,1000,bags
2025-11-18,2025-11-17,Robusta,,ANT,NON_TENDERABLE,13,lots
2025-11-18,2025-11-17,Robusta,,ANT,SUSPENDED,5,lots
2025-11-18,2025-11-17,Robusta,,ANT,VALID_CERTIFICATE,2566,lots
2025-11-18,2025-11-17,Robusta,,BAR,VALID_CERTIFICATE,19,lots
2025-11-18,2025-11-17,Robusta,,FEL,VALID_CERTIFICATE,355,lots
2025-11-18,2025-11-17,Robusta,,LON,NON_TENDERABLE,2,lots
2025-11-18,2025-11-17,Robusta,,LON,VALID_CERTIFICATE,2811,lots
2025-11-18,2025-11-17,Robusta,,NOR,VALID_CERTIFICATE,2,lots
2025-11-18,2025-11-17,Robusta,,TRI,VALID_CERTIFICATE,1,lots
2025-11-19,,Arabica,Brazil,ANT,TOTAL_BAGS_CERTIFIED,15044,bags
2025-11-19,,Arabica,Burundi,ANT,TOTAL_BAGS_CERTIFIED,4122,bags
2025-11-19,,Arabica,Colombia,ANT,TOTAL_BAGS_CERTIFIED,25,bags
2025-11-19,,Arabica,Costa Rica,ANT,TOTAL_BAGS_CERTIFIED,250,bags
2025-11-19,,Arabica,El Salvador,ANT,TOTAL_BAGS_CERTIFIED,9715,bags
2025-11-19,,Arabica,Honduras,ANT,TOTAL_BAGS_CERTIFIED,25808,bags
2025-11-19,,Arabica,India,ANT,TOTAL_BAGS_CERTIFIED,11135,bags
2025-11-19,,Arabica,Kenya,ANT,TOTAL_BAGS_CERTIFIED,13980,bags
2025-11-19,,Arabica,Mexico,ANT,TOTAL_BAGS_CERTIFIED,67060,bags
2025-11-19,,Arabica,Nicaragua,ANT,TOTAL_BAGS_CERTIFIED,52353,bags
2025-11-19,,Arabica,Papua New Guinea,ANT,TOTAL_BAGS_CERTIFIED,2940,bags
2025-11-19,,Arabica,Peru,ANT,TOTAL_BAGS_CERTIFIED,35694,bags
2025-11-19,,Arabica,Rwanda,ANT,TOTAL_BAGS_CERTIFIED,17303,bags
2025-11-19,,Arabica,Tanzania,ANT,TOTAL_BAGS_CERTIFIED,38966,bags
2025-11-19,,Arabica,Uganda,ANT,TOTAL_BAGS_CERTIFIED,21048,bags
2025-11-19,,Arabica,Burundi,HA/BR,TOTAL_BAGS_CERTIFIED,3164,bags
2025-11-19,,Arabica,Honduras,HA/BR,TOTAL_BAGS_CERTIFIED,15550,bags
2025-11-19,,Arabica,India,HA/BR,TOTAL_BAGS_CERTIFIED,3694,bags
2025-11-19,,Arabica,Kenya,HA/BR,TOTAL_BAGS_CERTIFIED,2157,bags
2025-11-19,,Arabica,Papua New Guinea,HA/BR,TOTAL_BAGS_CERTIFIED,10365,bags
2025-11-19,,Arabica,Peru,HA/BR,TOTAL_BAGS_CERTIFIED,1240,bags
2025-11-19,,Arabica,Tanzania,HA/BR,TOTAL_BAGS_CERTIFIED,2690,bags
2025-11-19,,Arabica,Uganda,HA/BR,TOTAL_BAGS_CERTIFIED,320,bags
2025-11-19,,Arabica,Venezuela,HA/BR,TOTAL_BAGS_CERTIFIED,250,bags
2025-11-19,,Arabica,Brazil,HOU,TOTAL_BAGS_CERTIFIED,1548,bags
2025-11-19,,Arabica,Honduras,HOU,TOTAL_BAGS_CERTIFIED,9900,bags
2025-11-19,,Arabica,Mexico,HOU,TOTAL_BAGS_CERTIFIED,856,bags
2025-11-19,,Arabica,Nicaragua,HOU,TOTAL_BAGS_CERTIFIED,275,bags
2025-11-19,,Arabica,India,MIAMI,TOTAL_BAGS_CERTIFIED,1030,bags
2025-11-19,,Arabica,Kenya,MIAMI,TOTAL_BAGS_CERTIFIED,710,bags
2025-11-19,,Arabica,Venezuela,MIAMI,TOTAL_BAGS_CERTIFIED,250,bags
2025-11-19,,Arabica,Colombia,NOLA,TOTAL_BAGS_CERTIFIED,471,bags
2025-11-19,,Arabica,Mexico,NOLA,TOTAL_BAGS_CERTIFIED,1612,bags
2025-11-19,,Arabica,Brazil,NY,TOTAL_BAGS_CERTIFIED,580,bags
2025-11-19,,Arabica,Honduras,NY,TOTAL_BAGS_CERTIFIED,537,bags
2025-11-19,,Arabica,Mexico,NY,TOTAL_BAGS_CERTIFIED,24586,bags
2025-11-19,,Arabica,Papua New Guinea,NY,TOTAL_BAGS_CERTIFIED,995,bags
2025-11-19,,Arabica,Peru,NY,TOTAL_BAGS_CERTIFIED,1100,bags
2025-11-19,,Arabica,Venezuela,NY,TOTAL_BAGS_CERTIFIED,1000,bags
2025-11-19,2025-11-18,Robusta,,ANT,NON_TENDERABLE,13,lots
2025-11-19,2025-11-18,Robusta,,ANT,SUSPENDED,5,lots
2025-11-19,2025-11-18,Robusta,,ANT,VALID_CERTIFICATE,2686,lots
2025-11-19,2025-11-18,Robusta,,BAR,VALID_CERTIFICATE,19,lots
2025-11-19,2025-11-18,Robusta,,FEL,VALID_CERTIFICATE,287,lots
2025-11-19,2025-11-18,Robusta,,LON,NON_TENDERABLE,2,lots
2025-11-19,2025-11-18,Robusta,,LON,VALID_CERTIFICATE,2675,lots
2025-11-19,2025-11-18,Robusta,,NOR,VALID_CERTIFICATE,2,lots
2025-11-19,2025-11-18,Robusta,,TRI,VALID_CERTIFICATE,1,lots
2025-11-20,,Arabica,Brazil,ANT,TOTAL_BAGS_CERTIFIED,14729,bags
2025-11-20,,Arabica,Burundi,ANT,TOTAL_BAGS_CERTIFIED,4122,bags
2025-11-20,,Arabica,Colombia,ANT,TOTAL_BAGS_CERTIFIED,25,bags
2025-11-20,,Arabica,Costa Rica,ANT,TOTAL_BAGS_CERTIFIED,250,bags
2025-11-20,,Arabica,El Salvador,ANT,TOTAL_BAGS_CERTIFIED,9715,bags
2025-11-20,,Arabica,Honduras,ANT,TOTAL_BAGS_CERTIFIED,25808,bags
2025-11-20,,Arabica,India,ANT,TOTAL_BAGS_CERTIFIED,10567,bags
2025-11-20,,Arabica,Kenya,ANT,TOTAL_BAGS_CERTIFIED,13980,bags
2025-11-20,,Arabica,Mexico,ANT,TOTAL_BAGS_CERTIFIED,64560,bags
2025-11-20,,Arabica,Nicaragua,ANT,TOTAL_BAGS_CERTIFIED,51853,bags
2025-11-20,,Arabica,Papua New Guinea,ANT,TOTAL_BAGS_CERTIFIED,2940,bags
2025-11-20,,Arabica,Peru,ANT,TOTAL_BAGS_CERTIFIED,37899,bags
2025-11-20,,Arabica,Rwanda,ANT,TOTAL_BAGS_CERTIFIED,17303,bags
2025-11-20,,Arabica,Tanzania,ANT,TOTAL_BAGS_CERTIFIED,38966,bags
2025-11-20,,Arabica,Uganda,ANT,TOTAL_BAGS_CERTIFIED,21048,bags
2025-11-20,,Arabica,Burundi,HA/BR,TOTAL_BAGS_CERTIFIED,3164,bags
2025-11-20,,Arabica,Honduras,HA/BR,TOTAL_BAGS_CERTIFIED,15550,bags
2025-11-20,,Arabica,India,HA/BR,TOTAL_BAGS_CERTIFIED,3694,bags
2025-11-20,,Arabica,Kenya,HA/BR,TOTAL_BAGS_CERTIFIED,2157,bags
2025-11-20,,Arabica,Papua New Guinea,HA/BR,TOTAL_BAGS_CERTIFIED,10365,bags
2025-11-20,,Arabica,Peru,HA/BR,TOTAL_BAGS_CERTIFIED,1240,bags
2025-11-20,,Arabica,Tanzania,HA/BR,TOTAL_BAGS_CERTIFIED,2690,bags
2025-11-20,,Arabica,Uganda,HA/BR,TOTAL_BAGS_CERTIFIED,320,bags
2025-11-20,,Arabica,Venezuela,HA/BR,TOTAL_BAGS_CERTIFIED,250,bags
2025-11-20,,Arabica,Brazil,HOU,TOTAL_BAGS_CERTIFIED,1548,bags
2025-11-20,,Arabica,Honduras,HOU,TOTAL_BAGS_CERTIFIED,9900,bags
2025-11-20,,Arabica,Mexico,HOU,TOTAL_BAGS_CERTIFIED,856,bags
2025-11-20,,Arabica,Nicaragua,HOU,TOTAL_BAGS_CERTIFIED,275,bags
2025-11-20,,Arabica,India,MIAMI,TOTAL_BAGS_CERTIFIED,1030,bags
2025-11-20,,Arabica,Kenya,MIAMI,TOTAL_BAGS_CERTIFIED,710,bags
2025-11-20,,Arabica,Venezuela,MIAMI,TOTAL_BAGS_CERTIFIED,250,bags
2025-11-20,,Arabica,Colombia,NOLA,TOTAL_BAGS_CERTIFIED,471,bags
2025-11-20,,Arabica,Mexico,NOLA,TOTAL_BAGS_CERTIFIED,1612,bags
2025-11-20,,Arabica,Brazil,NY,TOTAL_BAGS_CERTIFIED,580,bags
2025-11-20,,Arabica,Honduras,NY,TOTAL_BAGS_CERTIFIED,537,bags
2025-11-20,,Arabica,Mexico,NY,TOTAL_BAGS_CERTIFIED,24586,bags
2025-11-20,,Arabica,Papua New Guinea,NY,TOTAL_BAGS_CERTIFIED,995,bags
2025-11-20,,Arabica,Peru,NY,TOTAL_BAGS_CERTIFIED,1100,bags
2025-11-20,,Arabica,Venezuela,NY,TOTAL_BAGS_CERTIFIED,1000,bags
2025-11-20,2025-11-19,Robusta,,ANT,NON_TENDERABLE,13,lots
2025-11-20,2025-11-19,Robusta,,ANT,SUSPENDED,6,lots
2025-11-20,2025-11-19,Robusta,,ANT,VALID_CERTIFICATE,2855,lots
2025-11-20,2025-11-19,Robusta,,BAR,VALID_CERTIFICATE,19,lots
2025-11-20,2025-11-19,Robusta,,FEL,VALID_CERTIFICATE,287,lots
2025-11-20,2025-11-19,Robusta,,LON,NON_TENDERABLE,2,lots
2025-11-20,2025-11-19,Robusta,,LON,VALID_CERTIFICATE,2476,lots
2025-11-20,2025-11-19,Robusta,,NOR,VALID_CERTIFICATE,2,lots
2025-11-20,2025-11-19,Robusta,,TRI,VALID_CERTIFICATE,1,lots
2025-11-21,,Arabica,Brazil,ANT,TOTAL_BAGS_CERTIFIED,17823,bags
2025-11-21,,Arabica,Burundi,ANT,TOTAL_BAGS_CERTIFIED,4122,bags
2025-11-21,,Arabica,Colombia,ANT,TOTAL_BAGS_CERTIFIED,25,bags
2025-11-21,,Arabica,Costa Rica,ANT,TOTAL_BAGS_CERTIFIED,250,bags
2025-11-21,,Arabica,El Salvador,ANT,TOTAL_BAGS_CERTIFIED,9715,bags
2025-11-21,,Arabica,Honduras,ANT,TOTAL_BAGS_CERTIFIED,25808,bags
2025-11-21,,Arabica,India,ANT,TOTAL_BAGS_CERTIFIED,10567,bags
2025-11-21,,Arabica,Kenya,ANT,TOTAL_BAGS_CERTIFIED,13980,bags
2025-11-21,,Arabica,Mexico,ANT,TOTAL_BAGS_CERTIFIED,64560,bags
2025-11-21,,Arabica,Nicaragua,ANT,TOTAL_BAGS_CERTIFIED,51853,bags
2025-11-21,,Arabica,Papua New Guinea,ANT,TOTAL_BAGS_CERTIFIED,2940,bags
2025-11-21,,Arabica,Peru,ANT,TOTAL_BAGS_CERTIFIED,37899,bags
2025-11-21,,Arabica,Rwanda,ANT,TOTAL_BAGS_CERTIFIED,17633,bags
2025-11-21,,Arabica,Tanzania,ANT,TOTAL_BAGS_CERTIFIED,38966,bags
2025-11-21,,Arabica,Uganda,ANT,TOTAL_BAGS_CERTIFIED,21048,bags
2025-11-21,,Arabica,Burundi,HA/BR,TOTAL_BAGS_CERTIFIED,3164,bags
2025-11-21,,Arabica,Honduras,HA/BR,TOTAL_BAGS_CERTIFIED,15550,bags
2025-11-21,,Arabica,India,HA/BR,TOTAL_BAGS_CERTIFIED,3694,bags
2025-11-21,,Arabica,Kenya,HA/BR,TOTAL_BAGS_CERTIFIED,2157,bags
2025-11-21,,Arabica,Papua New Guinea,HA/BR,TOTAL_BAGS_CERTIFIED,10365,bags
2025-11-21,,Arabica,Peru,HA/BR,TOTAL_BAGS_CERTIFIED,1240,bags
2025-11-21,,Arabica,Tanzania,HA/BR,TOTAL_BAGS_CERTIFIED,2690,bags
2025-11-21,,Arabica,Uganda,HA/BR,TOTAL_BAGS_CERTIFIED,320,bags
2025-11-21,,Arabica,Venezuela,HA/BR,TOTAL_BAGS_CERTIFIED,250,bags
2025-11-21,,Arabica,Brazil,HOU,TOTAL_BAGS_CERTIFIED,1548,bags
2025-11-21,,Arabica,Honduras,HOU,TOTAL_BAGS_CERTIFIED,9900,bags
2025-11-21,,Arabica,Mexico,HOU,TOTAL_BAGS_CERTIFIED,856,bags
2025-11-21,,Arabica,Nicaragua,HOU,TOTAL_BAGS_CERTIFIED,275,bags
2025-11-21,,Arabica,India,MIAMI,TOTAL_BAGS_CERTIFIED,1030,bags
2025-11-21,,Arabica,Kenya,MIAMI,TOTAL_BAGS_CERTIFIED,710,bags
2025-11-21,,Arabica,Venezuela,MIAMI,TOTAL_BAGS_CERTIFIED,250,bags
2025-11-21,,Arabica,Colombia,NOLA,TOTAL_BAGS_CERTIFIED,471,bags
2025-11-21,,Arabica,Mexico,NOLA,TOTAL_BAGS_CERTIFIED,1612,bags
2025-11-21,,Arabica,Brazil,NY,TOTAL_BAGS_CERTIFIED,580,bags
2025-11-21,,Arabica,Honduras,NY,TOTAL_BAGS_CERTIFIED,537,bags
2025-11-21,,Arabica,Mexico,NY,TOTAL_BAGS_CERTIFIED,24586,bags
2025-11-21,,Arabica,Papua New Guinea,NY,TOTAL_BAGS_CERTIFIED,995,bags
2025-11-21,,Arabica,Peru,NY,TOTAL_BAGS_CERTIFIED,1100,bags
2025-11-21,,Arabica,Venezuela,NY,TOTAL_BAGS_CERTIFIED,1000,bags
2025-11-21,2025-11-20,Robusta,,ANT,NON_TENDERABLE,13,lots
2025-11-21,2025-11-20,Robusta,,ANT,SUSPENDED,6,lots
2025-11-21,2025-11-20,Robusta,,ANT,VALID_CERTIFICATE,2824,lots
2025-11-21,2025-11-20,Robusta,,BAR,VALID_CERTIFICATE,29,lots
2025-11-21,2025-11-20,Robusta,,FEL,VALID_CERTIFICATE,287,lots
2025-11-21,2025-11-20,Robusta,,LON,NON_TENDERABLE,2,lots
2025-11-21,2025-11-20,Robusta,,LON,VALID_CERTIFICATE,2424,lots
2025-11-21,2025-11-20,Robusta,,NOR,VALID_CERTIFICATE,2,lots
2025-11-21,2025-11-20,Robusta,,TRI,VALID_CERTIFICATE,1,lots
2025-11-24,,Arabica,Brazil,ANT,TOTAL_BAGS_CERTIFIED,21798,bags
2025-11-24,,Arabica,Burundi,ANT,TOTAL_BAGS_CERTIFIED,4122,bags
2025-11-24,,Arabica,Colombia,ANT,TOTAL_BAGS_CERTIFIED,25,bags
2025-11-24,,Arabica,Costa Rica,ANT,TOTAL_BAGS_CERTIFIED,250,bags
2025-11-24,,Arabica,El Salvador,ANT,TOTAL_BAGS_CERTIFIED,8965,bags
2025-11-24,,Arabica,Honduras,ANT,TOTAL_BAGS_CERTIFIED,25808,bags
2025-11-24,,Arabica,India,ANT,TOTAL_BAGS_CERTIFIED,10567,bags
2025-11-24,,Arabica,Kenya,ANT,TOTAL_BAGS_CERTIFIED,13980,bags
2025-11-24,,Arabica,Mexico,ANT,TOTAL_BAGS_CERTIFIED,63380,bags
2025-11-24,,Arabica,Nicaragua,ANT,TOTAL_BAGS_CERTIFIED,50603,bags
2025-11-24,,Arabica,Papua New Guinea,ANT,TOTAL_BAGS_CERTIFIED,2795,bags
2025-11-24,,Arabica,Peru,ANT,TOTAL_BAGS_CERTIFIED,40040,bags
2025-11-24,,Arabica,Rwanda,ANT,TOTAL_BAGS_CERTIFIED,18273,bags
2025-11-24,,Arabica,Tanzania,ANT,TOTAL_BAGS_CERTIFIED,38966,bags
2025-11-24,,Arabica,Uganda,ANT,TOTAL_BAGS_CERTIFIED,21048,bags
2025-11-24,,Arabica,Burundi,HA/BR,TOTAL_BAGS_CERTIFIED,3164,bags
2025-11-24,,Arabica,Honduras,HA/BR,TOTAL_BAGS_CERTIFIED,15550,bags
2025-11-24,,Arabica,India,HA/BR,TOTAL_BAGS_CERTIFIED,3694,bags
2025-11-24,,Arabica,Kenya,HA/BR,TOTAL_BAGS_CERTIFIED,1872,bags
2025-11-24,,Arabica,Papua New Guinea,HA/BR,TOTAL_BAGS_CERTIFIED,10365,bags
2025-11-24,,Arabica,Peru,HA/BR,TOTAL_BAGS_CERTIFIED,1240,bags
2025-11-24,,Arabica,Tanzania,HA/BR,TOTAL_BAGS_CERTIFIED,2690,bags
2025-11-24,,Arabica,Uganda,HA/BR,TOTAL_BAGS_CERTIFIED,320,bags
2025-11-24,,Arabica,Venezuela,HA/BR,TOTAL_BAGS_CERTIFIED,250,bags
2025-11-24,,Arabica,Brazil,HOU,TOTAL_BAGS_CERTIFIED,1548,bags
2025-11-24,,Arabica,Honduras,HOU,TOTAL_BAGS_CERTIFIED,9900,bags
2025-11-24,,Arabica,Mexico,HOU,TOTAL_BAGS_CERTIFIED,856,bags
2025-11-24,,Arabica,Nicaragua,HOU,TOTAL_BAGS_CERTIFIED,275,bags
2025-11-24,,Arabica,India,MIAMI,TOTAL_BAGS_CERTIFIED,1030,bags
2025-11-24,,Arabica,Kenya,MIAMI,TOTAL_BAGS_CERTIFIED,710,bags
2025-11-24,,Arabica,Venezuela,MIAMI,TOTAL_BAGS_CERTIFIED,250,bags
2025-11-24,,Arabica,Colombia,NOLA,TOTAL_BAGS_CERTIFIED,471,bags
2025-11-24,,Arabica,Mexico,NOLA,TOTAL_BAGS_CERTIFIED,1612,bags
2025-11-24,,Arabica,Brazil,NY,TOTAL_BAGS_CERTIFIED,580,bags
2025-11-24,,Arabica,Honduras,NY,TOTAL_BAGS_CERTIFIED,537,bags
2025-11-24,,Arabica,Mexico,NY,TOTAL_BAGS_CERTIFIED,24586,bags
2025-11-24,,Arabica,Papua New Guinea,NY,TOTAL_BAGS_CERTIFIED,995,bags
2025-11-24,,Arabica,Peru,NY,TOTAL_BAGS_CERTIFIED,1100,bags
2025-11-24,,Arabica,Venezuela,NY,TOTAL_BAGS_CERTIFIED,1000,bags
2025-11-24,2025-11-23,Robusta,,ANT,NON_TENDERABLE,10,lots
2025-11-24,2025-11-23,Robusta,,ANT,VALID_CERTIFICATE,2727,lots
2025-11-24,2025-11-23,Robusta,,BAR,VALID_CERTIFICATE,29,lots
2025-11-24,2025-11-23,Robusta,,FEL,VALID_CERTIFICATE,287,lots
2025-11-24,2025-11-23,Robusta,,LON,NON_TENDERABLE,2,lots
2025-11-24,2025-11-23,Robusta,,LON,VALID_CERTIFICATE,2324,lots
2025-11-24,2025-11-23,Robusta,,NOR,VALID_CERTIFICATE,2,lots
2025-11-24,2025-11-23,Robusta,,TRI,VALID_CERTIFICATE,1,lots
2025-11-25,,Arabica,Brazil,ANT,TOTAL_BAGS_CERTIFIED,21798,bags
2025-11-25,,Arabica,Burundi,ANT,TOTAL_BAGS_CERTIFIED,4122,bags
2025-11-25,,Arabica,Colombia,ANT,TOTAL_BAGS_CERTIFIED,25,bags
2025-11-25,,Arabica,Costa Rica,ANT,TOTAL_BAGS_CERTIFIED,250,bags
2025-11-25,,Arabica,El Salvador,ANT,TOTAL_BAGS_CERTIFIED,8965,bags
2025-11-25,,Arabica,Honduras,ANT,TOTAL_BAGS_CERTIFIED,25682,bags
2025-11-25,,Arabica,India,ANT,TOTAL_BAGS_CERTIFIED,10567,bags
2025-11-25,,Arabica,Kenya,ANT,TOTAL_BAGS_CERTIFIED,13980,bags
2025-11-25,,Arabica,Mexico,ANT,TOTAL_BAGS_CERTIFIED,63380,bags
2025-11-25,,Arabica,Nicaragua,ANT,TOTAL_BAGS_CERTIFIED,50603,bags
2025-11-25,,Arabica,Papua New Guinea,ANT,TOTAL_BAGS_CERTIFIED,2510,bags
2025-11-25,,Arabica,Peru,ANT,TOTAL_BAGS_CERTIFIED,40040,bags
2025-11-25,,Arabica,Rwanda,ANT,TOTAL_BAGS_CERTIFIED,18273,bags
2025-11-25,,Arabica,Tanzania,ANT,TOTAL_BAGS_CERTIFIED,38966,bags
2025-11-25,,Arabica,Uganda,ANT,TOTAL_BAGS_CERTIFIED,21048,bags
2025-11-25,,Arabica,Burundi,HA/BR,TOTAL_BAGS_CERTIFIED,3164,bags
2025-11-25,,Arabica,Honduras,HA/BR,TOTAL_BAGS_CERTIFIED,15550,bags
2025-11-25,,Arabica,India,HA/BR,TOTAL_BAGS_CERTIFIED,3694,bags
2025-11-25,,Arabica,Kenya,HA/BR,TOTAL_BAGS_CERTIFIED,1872,bags
2025-11-25,,Arabica,Papua New Guinea,HA/BR,TOTAL_BAGS_CERTIFIED,10365,bags
2025-11-25,,Arabica,Peru,HA/BR,TOTAL_BAGS_CERTIFIED,1240,bags
2025-11-25,,Arabica,Tanzania,HA/BR,TOTAL_BAGS_CERTIFIED,2690,bags
2025-11-25,,Arabica,Uganda,HA/BR,TOTAL_BAGS_CERTIFIED,320,bags
2025-11-25,,Arabica,Venezuela,HA/BR,TOTAL_BAGS_CERTIFIED,250,bags
2025-11-25,,Arabica,Brazil,HOU,TOTAL_BAGS_CERTIFIED,1548,bags
2025-11-25,,Arabica,Honduras,HOU,TOTAL_BAGS_CERTIFIED,9900,bags
2025-11-25,,Arabica,Mexico,HOU,TOTAL_BAGS_CERTIFIED,856,bags
2025-11-25,,Arabica,Nicaragua,HOU,TOTAL_BAGS_CERTIFIED,275,bags
2025-11-25,,Arabica,India,MIAMI,TOTAL_BAGS_CERTIFIED,1030,bags
2025-11-25,,Arabica,Kenya,MIAMI,TOTAL_BAGS_CERTIFIED,710,bags
2025-11-25,,Arabica,Venezuela,MIAMI,TOTAL_BAGS_CERTIFIED,250,bags
2025-11-25,,Arabica,Colombia,NOLA,TOTAL_BAGS_CERTIFIED,471,bags
2025-11-25,,Arabica,Mexico,NOLA,TOTAL_BAGS_CERTIFIED,1612,bags
2025-11-25,,Arabica,Brazil,NY,TOTAL_BAGS_CERTIFIED,580,bags
2025-11-25,,Arabica,Honduras,NY,TOTAL_BAGS_CERTIFIED,537,bags
2025-11-25,,Arabica,Mexico,NY,TOTAL_BAGS_CERTIFIED,23336,bags
2025-11-25,,Arabica,Papua New Guinea,NY,TOTAL_BAGS_CERTIFIED,995,bags
2025-11-25,,Arabica,Peru,NY,TOTAL_BAGS_CERTIFIED,1100,bags
2025-11-25,,Arabica,Venezuela,NY,TOTAL_BAGS_CERTIFIED,1000,bags
2025-11-25,2025-11-24,Robusta,,ANT,NON_TENDERABLE,10,lots
2025-11-25,2025-11-24,Robusta,,ANT,VALID_CERTIFICATE,2694,lots
2025-11-25,2025-11-24,Robusta,,BAR,VALID_CERTIFICATE,29,lots
2025-11-25,2025-11-24,Robusta,,FEL,VALID_CERTIFICATE,287,lots
2025-11-25,2025-11-24,Robusta,,LON,NON_TENDERABLE,2,lots
2025-11-25,2025-11-24,Robusta,,LON,VALID_CERTIFICATE,2121,lots
2025-11-25,2025-11-24,Robusta,,NOR,VALID_CERTIFICATE,2,lots
2025-11-25,2025-11-24,Robusta,,TRI,VALID_CERTIFICATE,1,lots
2025-11-26,,Arabica,Brazil,ANT,TOTAL_BAGS_CERTIFIED,23124,bags
2025-11-26,,Arabica,Burundi,ANT,TOTAL_BAGS_CERTIFIED,4122,bags
2025-11-26,,Arabica,Colombia,ANT,TOTAL_BAGS_CERTIFIED,25,bags
2025-11-26,,Arabica,Costa Rica,ANT,TOTAL_BAGS_CERTIFIED,250,bags
2025-11-26,,Arabica,El Salvador,ANT,TOTAL_BAGS_CERTIFIED,8965,bags
2025-11-26,,Arabica,Honduras,ANT,TOTAL_BAGS_CERTIFIED,25682,bags
2025-11-26,,Arabica,India,ANT,TOTAL_BAGS_CERTIFIED,10567,bags
2025-11-26,,Arabica,Kenya,ANT,TOTAL_BAGS_CERTIFIED,13980,bags
2025-11-26,,Arabica,Mexico,ANT,TOTAL_BAGS_CERTIFIED,63380,bags
2025-11-26,,Arabica,Nicaragua,ANT,TOTAL_BAGS_CERTIFIED,50539,bags
2025-11-26,,Arabica,Papua New Guinea,ANT,TOTAL_BAGS_CERTIFIED,2510,bags
2025-11-26,,Arabica,Peru,ANT,TOTAL_BAGS_CERTIFIED,43890,bags
2025-11-26,,Arabica,Rwanda,ANT,TOTAL_BAGS_CERTIFIED,18593,bags
2025-11-26,,Arabica,Tanzania,ANT,TOTAL_BAGS_CERTIFIED,38966,bags
2025-11-26,,Arabica,Uganda,ANT,TOTAL_BAGS_CERTIFIED,21001,bags
2025-11-26,,Arabica,Burundi,HA/BR,TOTAL_BAGS_CERTIFIED,3164,bags
2025-11-26,,Arabica,Honduras,HA/BR,TOTAL_BAGS_CERTIFIED,15550,bags
2025-11-26,,Arabica,India,HA/BR,TOTAL_BAGS_CERTIFIED,3694,bags
2025-11-26,,Arabica,Kenya,HA/BR,TOTAL_BAGS_CERTIFIED,1872,bags
2025-11-26,,Arabica,Papua New Guinea,HA/BR,TOTAL_BAGS_CERTIFIED,10365,bags
2025-11-26,,Arabica,Peru,HA/BR,TOTAL_BAGS_CERTIFIED,1240,bags
2025-11-26,,Arabica,Tanzania,HA/BR,TOTAL_BAGS_CERTIFIED,2690,bags
2025-11-26,,Arabica,Uganda,HA/BR,TOTAL_BAGS_CERTIFIED,320,bags
2025-11-26,,Arabica,Venezuela,HA/BR,TOTAL_BAGS_CERTIFIED,250,bags
2025-11-26,,Arabica,Brazil,HOU,TOTAL_BAGS_CERTIFIED,1548,bags
2025-11-26,,Arabica,Honduras,HOU,TOTAL_BAGS_CERTIFIED,9900,bags
2025-11-26,,Arabica,Mexico,HOU,TOTAL_BAGS_CERTIFIED,856,bags
2025-11-26,,Arabica,Nicaragua,HOU,TOTAL_BAGS_CERTIFIED,275,bags
2025-11-26,,Arabica,India,MIAMI,TOTAL_BAGS_CERTIFIED,1030,bags
2025-11-26,,Arabica,Kenya,MIAMI,TOTAL_BAGS_CERTIFIED,710,bags
2025-11-26,,Arabica,Venezuela,MIAMI,TOTAL_BAGS_CERTIFIED,250,bags
2025-11-26,,Arabica,Colombia,NOLA,TOTAL_BAGS_CERTIFIED,471,bags
2025-11-26,,Arabica,Mexico,NOLA,TOTAL_BAGS_CERTIFIED,1612,bags
2025-11-26,,Arabica,Brazil,NY,TOTAL_BAGS_CERTIFIED,580,bags
2025-11-26,,Arabica,Honduras,NY,TOTAL_BAGS_CERTIFIED,537,bags
2025-11-26,,Arabica,Mexico,NY,TOTAL_BAGS_CERTIFIED,23336,bags
2025-11-26,,Arabica,Papua New Guinea,NY,TOTAL_BAGS_CERTIFIED,995,bags
2025-11-26,,Arabica,Peru,NY,TOTAL_BAGS_CERTIFIED,1100,bags
2025-11-26,,Arabica,Venezuela,NY,TOTAL_BAGS_CERTIFIED,1000,bags
2025-11-26,2025-11-25,Robusta,,ANT,NON_TENDERABLE,10,lots
2025-11-26,2025-11-25,Robusta,,ANT,VALID_CERTIFICATE,2672,lots
2025-11-26,2025-11-25,Robusta,,BAR,VALID_CERTIFICATE,29,lots
2025-11-26,2025-11-25,Robusta,,FEL,VALID_CERTIFICATE,224,lots
2025-11-26,2025-11-25,Robusta,,LON,NON_TENDERABLE,2,lots
2025-11-26,2025-11-25,Robusta,,LON,VALID_CERTIFICATE,1983,lots
2025-11-26,2025-11-25,Robusta,,NOR,VALID_CERTIFICATE,2,lots
2025-11-26,2025-11-25,Robusta,,TRI,VALID_CERTIFICATE,1,lots
2025-11-27,2025-11-26,Robusta,,ANT,NON_TENDERABLE,10,lots
2025-11-27,2025-11-26,Robusta,,ANT,VALID_CERTIFICATE,2576,lots
2025-11-27,2025-11-26,Robusta,,BAR,VALID_CERTIFICATE,29,lots
2025-11-27,2025-11-26,Robusta,,FEL,VALID_CERTIFICATE,224,lots
2025-11-27,2025-11-26,Robusta,,LON,NON_TENDERABLE,2,lots
2025-11-27,2025-11-26,Robusta,,LON,VALID_CERTIFICATE,1906,lots
2025-11-27,2025-11-26,Robusta,,NOR,VALID_CERTIFICATE,2,lots
2025-11-27,2025-11-26,Robusta,,TRI,VALID_CERTIFICATE,1,lots
2025-11-28,,Arabica,Brazil,ANT,TOTAL_BAGS_CERTIFIED,25764,bags
2025-11-28,,Arabica,Burundi,ANT,TOTAL_BAGS_CERTIFIED,4442,bags
2025-11-28,,Arabica,Colombia,ANT,TOTAL_BAGS_CERTIFIED,25,bags
2025-11-28,,Arabica,Costa Rica,ANT,TOTAL_BAGS_CERTIFIED,250,bags
2025-11-28,,Arabica,El Salvador,ANT,TOTAL_BAGS_CERTIFIED,8965,bags
2025-11-28,,Arabica,Honduras,ANT,TOTAL_BAGS_CERTIFIED,23931,bags
2025-11-28,,Arabica,India,ANT,TOTAL_BAGS_CERTIFIED,10567,bags
2025-11-28,,Arabica,Kenya,ANT,TOTAL_BAGS_CERTIFIED,13980,bags
2025-11-28,,Arabica,Mexico,ANT,TOTAL_BAGS_CERTIFIED,60126,bags
2025-11-28,,Arabica,Nicaragua,ANT,TOTAL_BAGS_CERTIFIED,46574,bags
2025-11-28,,Arabica,Papua New Guinea,ANT,TOTAL_BAGS_CERTIFIED,2510,bags
2025-11-28,,Arabica,Peru,ANT,TOTAL_BAGS_CERTIFIED,46640,bags
2025-11-28,,Arabica,Rwanda,ANT,TOTAL_BAGS_CERTIFIED,19873,bags
2025-11-28,,Arabica,Tanzania,ANT,TOTAL_BAGS_CERTIFIED,38966,bags
2025-11-28,,Arabica,Uganda,ANT,TOTAL_BAGS_CERTIFIED,21001,bags
2025-11-28,,Arabica,Burundi,HA/BR,TOTAL_BAGS_CERTIFIED,3164,bags
2025-11-28,,Arabica,Honduras,HA/BR,TOTAL_BAGS_CERTIFIED,15550,bags
2025-11-28,,Arabica,India,HA/BR,TOTAL_BAGS_CERTIFIED,3694,bags
2025-11-28,,Arabica,Kenya,HA/BR,TOTAL_BAGS_CERTIFIED,1872,bags
2025-11-28,,Arabica,Papua New Guinea,HA/BR,TOTAL_BAGS_CERTIFIED,10365,bags
2025-11-28,,Arabica,Peru,HA/BR,TOTAL_BAGS_CERTIFIED,1240,bags
2025-11-28,,Arabica,Tanzania,HA/BR,TOTAL_BAGS_CERTIFIED,2690,bags
2025-11-28,,Arabica,Uganda,HA/BR,TOTAL_BAGS_CERTIFIED,320,bags
2025-11-28,,Arabica,Venezuela,HA/BR,TOTAL_BAGS_CERTIFIED,250,bags
2025-11-28,,Arabica,Brazil,HOU,TOTAL_BAGS_CERTIFIED,1548,bags
2025-11-28,,Arabica,Honduras,HOU,TOTAL_BAGS_CERTIFIED,9900,bags
2025-11-28,,Arabica,Mexico,HOU,TOTAL_BAGS_CERTIFIED,856,bags
2025-11-28,,Arabica,Nicaragua,HOU,TOTAL_BAGS_CERTIFIED,275,bags
2025-11-28,,Arabica,India,MIAMI,TOTAL_BAGS_CERTIFIED,1030,bags
2025-11-28,,Arabica,Kenya,MIAMI,TOTAL_BAGS_CERTIFIED,710,bags
2025-11-28,,Arabica,Venezuela,MIAMI,TOTAL_BAGS_CERTIFIED,250,bags
2025-11-28,,Arabica,Colombia,NOLA,TOTAL_BAGS_CERTIFIED,471,bags
2025-11-28,,Arabica,Mexico,NOLA,TOTAL_BAGS_CERTIFIED,1612,bags
2025-11-28,,Arabica,Brazil,NY,TOTAL_BAGS_CERTIFIED,580,bags
2025-11-28,,Arabica,Honduras,NY,TOTAL_BAGS_CERTIFIED,537,bags
2025-11-28,,Arabica,Mexico,NY,TOTAL_BAGS_CERTIFIED,23336,bags
2025-11-28,,Arabica,Papua New Guinea,NY,TOTAL_BAGS_CERTIFIED,995,bags
2025-11-28,,Arabica,Peru,NY,TOTAL_BAGS_CERTIFIED,1100,bags
2025-11-28,,Arabica,Venezuela,NY,TOTAL_BAGS_CERTIFIED,1000,bags
2025-11-28,2025-11-27,Robusta,,ANT,NON_TENDERABLE,10,lots
2025-11-28,2025-11-27,Robusta,,ANT,VALID_CERTIFICATE,2383,lots
2025-11-28,2025-11-27,Robusta,,BAR,VALID_CERTIFICATE,29,lots
2025-11-28,2025-11-27,Robusta,,FEL,VALID_CERTIFICATE,209,lots
2025-11-28,2025-11-27,Robusta,,LON,NON_TENDERABLE,2,lots
2025-11-28,2025-11-27,Robusta,,LON,VALID_CERTIFICATE,1906,lots
2025-11-28,2025-11-27,Robusta,,NOR,VALID_CERTIFICATE,2,lots
2025-11-28,2025-11-27,Robusta,,TRI,VALID_CERTIFICATE,1,lots
2025-12-01,,Arabica,Brazil,ANT,TOTAL_BAGS_CERTIFIED,25764,bags
2025-12-01,,Arabica,Burundi,ANT,TOTAL_BAGS_CERTIFIED,4442,bags
2025-12-01,,Arabica,Colombia,ANT,TOTAL_BAGS_CERTIFIED,25,bags
2025-12-01,,Arabica,Costa Rica,ANT,TOTAL_BAGS_CERTIFIED,250,bags
2025-12-01,,Arabica,El Salvador,ANT,TOTAL_BAGS_CERTIFIED,8790,bags
2025-12-01,,Arabica,Honduras,ANT,TOTAL_BAGS_CERTIFIED,23931,bags
2025-12-01,,Arabica,India,ANT,TOTAL_BAGS_CERTIFIED,10567,bags
2025-12-01,,Arabica,Kenya,ANT,TOTAL_BAGS_CERTIFIED,13980,bags
2025-12-01,,Arabica,Mexico,ANT,TOTAL_BAGS_CERTIFIED,59951,bags
2025-12-01,,Arabica,Nicaragua,ANT,TOTAL_BAGS_CERTIFIED,46574,bags
2025-12-01,,Arabica,Papua New Guinea,ANT,TOTAL_BAGS_CERTIFIED,2510,bags
2025-12-01,,Arabica,Peru,ANT,TOTAL_BAGS_CERTIFIED,46640,bags
2025-12-01,,Arabica,Rwanda,ANT,TOTAL_BAGS_CERTIFIED,19873,bags
2025-12-01,,Arabica,Tanzania,ANT,TOTAL_BAGS_CERTIFIED,38966,bags
2025-12-01,,Arabica,Uganda,ANT,TOTAL_BAGS_CERTIFIED,21001,bags
2025-12-01,,Arabica,Burundi,HA/BR,TOTAL_BAGS_CERTIFIED,3164,bags
2025-12-01,,Arabica,Honduras,HA/BR,TOTAL_BAGS_CERTIFIED,15550,bags
2025-12-01,,Arabica,India,HA/BR,TOTAL_BAGS_CERTIFIED,3694,bags
2025-12-01,,Arabica,Kenya,HA/BR,TOTAL_BAGS_CERTIFIED,1872,bags
2025-12-01,,Arabica,Papua New Guinea,HA/BR,TOTAL_BAGS_CERTIFIED,10365,bags
2025-12-01,,Arabica,Peru,HA/BR,TOTAL_BAGS_CERTIFIED,1240,bags
2025-12-01,,Arabica,Tanzania,HA/BR,TOTAL_BAGS_CERTIFIED,2690,bags
2025-12-01,,Arabica,Uganda,HA/BR,TOTAL_BAGS_CERTIFIED,320,bags
2025-12-01,,Arabica,Venezuela,HA/BR,TOTAL_BAGS_CERTIFIED,250,bags
2025-12-01,,Arabica,Brazil,HOU,TOTAL_BAGS_CERTIFIED,1548,bags
2025-12-01,,Arabica,Honduras,HOU,TOTAL_BAGS_CERTIFIED,9900,bags
2025-12-01,,Arabica,Mexico,HOU,TOTAL_BAGS_CERTIFIED,856,bags
2025-12-01,,Arabica,Nicaragua,HOU,TOTAL_BAGS_CERTIFIED,275,bags
2025-12-01,,Arabica,India,MIAMI,TOTAL_BAGS_CERTIFIED,1030,bags
2025-12-01,,Arabica,Kenya,MIAMI,TOTAL_BAGS_CERTIFIED,710,bags
2025-12-01,,Arabica,Venezuela,MIAMI,TOTAL_BAGS_CERTIFIED,250,bags
2025-12-01,,Arabica,Colombia,NOLA,TOTAL_BAGS_CERTIFIED,471,bags
2025-12-01,,Arabica,Mexico,NOLA,TOTAL_BAGS_CERTIFIED,1612,bags
2025-12-01,,Arabica,Brazil,NY,TOTAL_BAGS_CERTIFIED,580,bags
2025-12-01,,Arabica,Honduras,NY,TOTAL_BAGS_CERTIFIED,537,bags
2025-12-01,,Arabica,Mexico,NY,TOTAL_BAGS_CERTIFIED,23336,bags
2025-12-01,,Arabica,Papua New Guinea,NY,TOTAL_BAGS_CERTIFIED,995,bags
2025-12-01,,Arabica,Peru,NY,TOTAL_BAGS_CERTIFIED,1100,bags
2025-12-01,,Arabica,Venezuela,NY,TOTAL_BAGS_CERTIFIED,1000,bags
2025-12-01,2025-11-30,Robusta,,ANT,NON_TENDERABLE,10,lots
2025-12-01,2025-11-30,Robusta,,ANT,VALID_CERTIFICATE,2208,lots
2025-12-01,2025-11-30,Robusta,,BAR,VALID_CERTIFICATE,29,lots
2025-12-01,2025-11-30,Robusta,,FEL,VALID_CERTIFICATE,209,lots
2025-12-01,2025-11-30,Robusta,,LON,NON_TENDERABLE,2,lots
2025-12-01,2025-11-30,Robusta,,LON,VALID_CERTIFICATE,1893,lots
2025-12-01,2025-11-30,Robusta,,NOR,VALID_CERTIFICATE,2,lots
2025-12-01,2025-11-30,Robusta,,TRI,VALID_CERTIFICATE,1,lots
2025-12-02,,Arabica,Brazil,ANT,TOTAL_BAGS_CERTIFIED,28244,bags
2025-12-02,,Arabica,Burundi,ANT,TOTAL_BAGS_CERTIFIED,4442,bags
2025-12-02,,Arabica,Colombia,ANT,TOTAL_BAGS_CERTIFIED,25,bags
2025-12-02,,Arabica,Costa Rica,ANT,TOTAL_BAGS_CERTIFIED,250,bags
2025-12-02,,Arabica,El Salvador,ANT,TOTAL_BAGS_CERTIFIED,5766,bags
2025-12-02,,Arabica,Honduras,ANT,TOTAL_BAGS_CERTIFIED,23681,bags
2025-12-02,,Arabica,India,ANT,TOTAL_BAGS_CERTIFIED,10282,bags
2025-12-02,,Arabica,Kenya,ANT,TOTAL_BAGS_CERTIFIED,13980,bags
2025-12-02,,Arabica,Mexico,ANT,TOTAL_BAGS_CERTIFIED,59951,bags
2025-12-02,,Arabica,Nicaragua,ANT,TOTAL_BAGS_CERTIFIED,42898,bags
2025-12-02,,Arabica,Papua New Guinea,ANT,TOTAL_BAGS_CERTIFIED,2510,bags
2025-12-02,,Arabica,Peru,ANT,TOTAL_BAGS_CERTIFIED,50215,bags
2025-12-02,,Arabica,Rwanda,ANT,TOTAL_BAGS_CERTIFIED,23073,bags
2025-12-02,,Arabica,Tanzania,ANT,TOTAL_BAGS_CERTIFIED,38966,bags
2025-12-02,,Arabica,Uganda,ANT,TOTAL_BAGS_CERTIFIED,21001,bags
2025-12-02,,Arabica,Burundi,HA/BR,TOTAL_BAGS_CERTIFIED,3164,bags
2025-12-02,,Arabica,Honduras,HA/BR,TOTAL_BAGS_CERTIFIED,15825,bags
2025-12-02,,Arabica,India,HA/BR,TOTAL_BAGS_CERTIFIED,3694,bags
2025-12-02,,Arabica,Kenya,HA/BR,TOTAL_BAGS_CERTIFIED,1872,bags
2025-12-02,,Arabica,Papua New Guinea,HA/BR,TOTAL_BAGS_CERTIFIED,10365,bags
2025-12-02,,Arabica,Peru,HA/BR,TOTAL_BAGS_CERTIFIED,1240,bags
2025-12-02,,Arabica,Tanzania,HA/BR,TOTAL_BAGS_CERTIFIED,2690,bags
2025-12-02,,Arabica,Uganda,HA/BR,TOTAL_BAGS_CERTIFIED,320,bags
2025-12-02,,Arabica,Venezuela,HA/BR,TOTAL_BAGS_CERTIFIED,250,bags
2025-12-02,,Arabica,Brazil,HOU,TOTAL_BAGS_CERTIFIED,1548,bags
2025-12-02,,Arabica,Honduras,HOU,TOTAL_BAGS_CERTIFIED,9900,bags
2025-12-02,,Arabica,Mexico,HOU,TOTAL_BAGS_CERTIFIED,856,bags
2025-12-02,,Arabica,Nicaragua,HOU,TOTAL_BAGS_CERTIFIED,275,bags
2025-12-02,,Arabica,India,MIAMI,TOTAL_BAGS_CERTIFIED,1030,bags
2025-12-02,,Arabica,Kenya,MIAMI,TOTAL_BAGS_CERTIFIED,710,bags
2025-12-02,,Arabica,Venezuela,MIAMI,TOTAL_BAGS_CERTIFIED,250,bags
2025-12-02,,Arabica,Colombia,NOLA,TOTAL_BAGS_CERTIFIED,471,bags
2025-12-02,,Arabica,Mexico,NOLA,TOTAL_BAGS_CERTIFIED,1612,bags
2025-12-02,,Arabica,Brazil,NY,TOTAL_BAGS_CERTIFIED,580,bags
2025-12-02,,Arabica,Honduras,NY,TOTAL_BAGS_CERTIFIED,537,bags
2025-12-02,,Arabica,Mexico,NY,TOTAL_BAGS_CERTIFIED,23336,bags
2025-12-02,,Arabica,Papua New Guinea,NY,TOTAL_BAGS_CERTIFIED,995,bags
2025-12-02,,Arabica,Peru,NY,TOTAL_BAGS_CERTIFIED,1100,bags
2025-12-02,,Arabica,Venezuela,NY,TOTAL_BAGS_CERTIFIED,1000,bags
2025-12-02,2025-12-01,Robusta,,ANT,NON_TENDERABLE,10,lots
2025-12-02,2025-12-01,Robusta,,ANT,VALID_CERTIFICATE,1986,lots
2025-12-02,2025-12-01,Robusta,,BAR,VALID_CERTIFICATE,29,lots
2025-12-02,2025-12-01,Robusta,,FEL,VALID_CERTIFICATE,209,lots
2025-12-02,2025-12-01,Robusta,,LON,NON_TENDERABLE,2,lots
2025-12-02,2025-12-01,Robusta,,LON,VALID_CERTIFICATE,1893,lots
2025-12-02,2025-12-01,Robusta,,NOR,VALID_CERTIFICATE,2,lots
2025-12-02,2025-12-01,Robusta,,TRI,VALID_CERTIFICATE,1,lots
2025-12-03,,Arabica,Brazil,ANT,TOTAL_BAGS_CERTIFIED,33990,bags
2025-12-03,,Arabica,Burundi,ANT,TOTAL_BAGS_CERTIFIED,4442,bags
2025-12-03,,Arabica,Colombia,ANT,TOTAL_BAGS_CERTIFIED,25,bags
2025-12-03,,Arabica,Costa Rica,ANT,TOTAL_BAGS_CERTIFIED,250,bags
2025-12-03,,Arabica,El Salvador,ANT,TOTAL_BAGS_CERTIFIED,5766,bags
2025-12-03,,Arabica,Honduras,ANT,TOTAL_BAGS_CERTIFIED,23681,bags
2025-12-03,,Arabica,India,ANT,TOTAL_BAGS_CERTIFIED,9997,bags
2025-12-03,,Arabica,Kenya,ANT,TOTAL_BAGS_CERTIFIED,14300,bags
2025-12-03,,Arabica,Mexico,ANT,TOTAL_BAGS_CERTIFIED,59951,bags
2025-12-03,,Arabica,Nicaragua,ANT,TOTAL_BAGS_CERTIFIED,39672,bags
2025-12-03,,Arabica,Papua New Guinea,ANT,TOTAL_BAGS_CERTIFIED,2510,bags
2025-12-03,,Arabica,Peru,ANT,TOTAL_BAGS_CERTIFIED,51590,bags
2025-12-03,,Arabica,Rwanda,ANT,TOTAL_BAGS_CERTIFIED,23713,bags
2025-12-03,,Arabica,Tanzania,ANT,TOTAL_BAGS_CERTIFIED,38966,bags
2025-12-03,,Arabica,Uganda,ANT,TOTAL_BAGS_CERTIFIED,21001,bags
2025-12-03,,Arabica,Burundi,HA/BR,TOTAL_BAGS_CERTIFIED,3164,bags
2025-12-03,,Arabica,Honduras,HA/BR,TOTAL_BAGS_CERTIFIED,15825,bags
2025-12-03,,Arabica,India,HA/BR,TOTAL_BAGS_CERTIFIED,3694,bags
2025-12-03,,Arabica,Kenya,HA/BR,TOTAL_BAGS_CERTIFIED,1872,bags
2025-12-03,,Arabica,Papua New Guinea,HA/BR,TOTAL_BAGS_CERTIFIED,10365,bags
2025-12-03,,Arabica,Peru,HA/BR,TOTAL_BAGS_CERTIFIED,1240,bags
2025-12-03,,Arabica,Tanzania,HA/BR,TOTAL_BAGS_CERTIFIED,2690,bags
2025-12-03,,Arabica,Uganda,HA/BR,TOTAL_BAGS_CERTIFIED,320,bags
2025-12-03,,Arabica,Venezuela,HA/BR,TOTAL_BAGS_CERTIFIED,250,bags
2025-12-03,,Arabica,Brazil,HOU,TOTAL_BAGS_CERTIFIED,1548,bags
2025-12-03,,Arabica,Honduras,HOU,TOTAL_BAGS_CERTIFIED,9900,bags
2025-12-03,,Arabica,Mexico,HOU,TOTAL_BAGS_CERTIFIED,856,bags
2025-12-03,,Arabica,Nicaragua,HOU,TOTAL_BAGS_CERTIFIED,275,bags
2025-12-03,,Arabica,India,MIAMI,TOTAL_BAGS_CERTIFIED,1030,bags
2025-12-03,,Arabica,Kenya,MIAMI,TOTAL_BAGS_CERTIFIED,710,bags
2025-12-03,,Arabica,Venezuela,MIAMI,TOTAL_BAGS_CERTIFIED,250,bags
2025-12-03,,Arabica,Colombia,NOLA,TOTAL_BAGS_CERTIFIED,471,bags
2025-12-03,,Arabica,Mexico,NOLA,TOTAL_BAGS_CERTIFIED,1612,bags
2025-12-03,,Arabica,Brazil,NY,TOTAL_BAGS_CERTIFIED,580,bags
2025-12-03,,Arabica,Honduras,NY,TOTAL_BAGS_CERTIFIED,537,bags
2025-12-03,,Arabica,Mexico,NY,TOTAL_BAGS_CERTIFIED,23336,bags
2025-12-03,,Arabica,Papua New Guinea,NY,TOTAL_BAGS_CERTIFIED,995,bags
2025-12-03,,Arabica,Peru,NY,TOTAL_BAGS_CERTIFIED,1100,bags
2025-12-03,,Arabica,Venezuela,NY,TOTAL_BAGS_CERTIFIED,1000,bags
2025-12-03,2025-12-02,Robusta,,ANT,NON_TENDERABLE,10,lots
2025-12-03,2025-12-02,Robusta,,ANT,VALID_CERTIFICATE,1983,lots
2025-12-03,2025-12-02,Robusta,,BAR,VALID_CERTIFICATE,29,lots
2025-12-03,2025-12-02,Robusta,,FEL,VALID_CERTIFICATE,209,lots
2025-12-03,2025-12-02,Robusta,,LON,NON_TENDERABLE,2,lots
2025-12-03,2025-12-02,Robusta,,LON,VALID_CERTIFICATE,1891,lots
2025-12-03,2025-12-02,Robusta,,NOR,VALID_CERTIFICATE,2,lots
2025-12-03,2025-12-02,Robusta,,TRI,VALID_CERTIFICATE,1,lots
2025-12-04,,Arabica,Brazil,ANT,TOTAL_BAGS_CERTIFIED,41082,bags
2025-12-04,,Arabica,Burundi,ANT,TOTAL_BAGS_CERTIFIED,4442,bags
2025-12-04,,Arabica,Colombia,ANT,TOTAL_BAGS_CERTIFIED,25,bags
2025-12-04,,Arabica,Costa Rica,ANT,TOTAL_BAGS_CERTIFIED,250,bags
2025-12-04,,Arabica,El Salvador,ANT,TOTAL_BAGS_CERTIFIED,5191,bags
2025-12-04,,Arabica,Honduras,ANT,TOTAL_BAGS_CERTIFIED,23681,bags
2025-12-04,,Arabica,India,ANT,TOTAL_BAGS_CERTIFIED,9997,bags
2025-12-04,,Arabica,Kenya,ANT,TOTAL_BAGS_CERTIFIED,14300,bags
2025-12-04,,Arabica,Mexico,ANT,TOTAL_BAGS_CERTIFIED,57423,bags
2025-12-04,,Arabica,Nicaragua,ANT,TOTAL_BAGS_CERTIFIED,38922,bags
2025-12-04,,Arabica,Papua New Guinea,ANT,TOTAL_BAGS_CERTIFIED,4110,bags
2025-12-04,,Arabica,Peru,ANT,TOTAL_BAGS_CERTIFIED,51590,bags
2025-12-04,,Arabica,Rwanda,ANT,TOTAL_BAGS_CERTIFIED,24033,bags
2025-12-04,,Arabica,Tanzania,ANT,TOTAL_BAGS_CERTIFIED,38827,bags
2025-12-04,,Arabica,Uganda,ANT,TOTAL_BAGS_CERTIFIED,21001,bags
2025-12-04,,Arabica,Burundi,HA/BR,TOTAL_BAGS_CERTIFIED,3164,bags
2025-12-04,,Arabica,Honduras,HA/BR,TOTAL_BAGS_CERTIFIED,15825,bags
2025-12-04,,Arabica,India,HA/BR,TOTAL_BAGS_CERTIFIED,3694,bags
2025-12-04,,Arabica,Kenya,HA/BR,TOTAL_BAGS_CERTIFIED,1872,bags
2025-12-04,,Arabica,Papua New Guinea,HA/BR,TOTAL_BAGS_CERTIFIED,10365,bags
2025-12-04,,Arabica,Peru,HA/BR,TOTAL_BAGS_CERTIFIED,1240,bags
2025-12-04,,Arabica,Tanzania,HA/BR,TOTAL_BAGS_CERTIFIED,2690,bags
2025-12-04,,Arabica,Uganda,HA/BR,TOTAL_BAGS_CERTIFIED,320,bags
2025-12-04,,Arabica,Venezuela,HA/BR,TOTAL_BAGS_CERTIFIED,250,bags
2025-12-04,,Arabica,Brazil,HOU,TOTAL_BAGS_CERTIFIED,1548,bags
2025-12-04,,Arabica,Honduras,HOU,TOTAL_BAGS_CERTIFIED,9900,bags
2025-12-04,,Arabica,Mexico,HOU,TOTAL_BAGS_CERTIFIED,856,bags
2025-12-04,,Arabica,Nicaragua,HOU,TOTAL_BAGS_CERTIFIED,275,bags
2025-12-04,,Arabica,India,MIAMI,TOTAL_BAGS_CERTIFIED,1030,bags
2025-12-04,,Arabica,Kenya,MIAMI,TOTAL_BAGS_CERTIFIED,710,bags
2025-12-04,,Arabica,Venezuela,MIAMI,TOTAL_BAGS_CERTIFIED,250,bags
2025-12-04,,Arabica,Colombia,NOLA,TOTAL_BAGS_CERTIFIED,471,bags
2025-12-04,,Arabica,Mexico,NOLA,TOTAL_BAGS_CERTIFIED,1612,bags
2025-12-04,,Arabica,Brazil,NY,TOTAL_BAGS_CERTIFIED,580,bags
2025-12-04,,Arabica,Honduras,NY,TOTAL_BAGS_CERTIFIED,537,bags
2025-12-04,,Arabica,Mexico,NY,TOTAL_BAGS_CERTIFIED,23336,bags
2025-12-04,,Arabica,Papua New Guinea,NY,TOTAL_BAGS_CERTIFIED,995,bags
2025-12-04,,Arabica,Peru,NY,TOTAL_BAGS_CERTIFIED,1100,bags
2025-12-04,,Arabica,Venezuela,NY,TOTAL_BAGS_CERTIFIED,1000,bags
2025-12-04,2025-12-03,Robusta,,ANT,NON_TENDERABLE,10,lots
2025-12-04,2025-12-03,Robusta,,ANT,VALID_CERTIFICATE,1976,lots
2025-12-04,2025-12-03,Robusta,,BAR,VALID_CERTIFICATE,29,lots
2025-12-04,2025-12-03,Robusta,,FEL,VALID_CERTIFICATE,157,lots
2025-12-04,2025-12-03,Robusta,,LON,NON_TENDERABLE,2,lots
2025-12-04,2025-12-03,Robusta,,LON,VALID_CERTIFICATE,1891,lots
2025-12-04,2025-12-03,Robusta,,NOR,VALID_CERTIFICATE,2,lots
2025-12-04,2025-12-03,Robusta,,TRI,VALID_CERTIFICATE,1,lots
2025-12-05,,Arabica,Brazil,ANT,TOTAL_BAGS_CERTIFIED,46231,bags
2025-12-05,,Arabica,Burundi,ANT,TOTAL_BAGS_CERTIFIED,4442,bags
2025-12-05,,Arabica,Colombia,ANT,TOTAL_BAGS_CERTIFIED,25,bags
2025-12-05,,Arabica,Costa Rica,ANT,TOTAL_BAGS_CERTIFIED,250,bags
2025-12-05,,Arabica,El Salvador,ANT,TOTAL_BAGS_CERTIFIED,5191,bags
2025-12-05,,Arabica,Honduras,ANT,TOTAL_BAGS_CERTIFIED,23681,bags
2025-12-05,,Arabica,India,ANT,TOTAL_BAGS_CERTIFIED,9997,bags
2025-12-05,,Arabica,Kenya,ANT,TOTAL_BAGS_CERTIFIED,14300,bags
2025-12-05,,Arabica,Mexico,ANT,TOTAL_BAGS_CERTIFIED,57423,bags
2025-12-05,,Arabica,Nicaragua,ANT,TOTAL_BAGS_CERTIFIED,38922,bags
2025-12-05,,Arabica,Papua New Guinea,ANT,TOTAL_BAGS_CERTIFIED,6990,bags
2025-12-05,,Arabica,Peru,ANT,TOTAL_BAGS_CERTIFIED,51590,bags
2025-12-05,,Arabica,Rwanda,ANT,TOTAL_BAGS_CERTIFIED,24033,bags
2025-12-05,,Arabica,Tanzania,ANT,TOTAL_BAGS_CERTIFIED,38827,bags
2025-12-05,,Arabica,Uganda,ANT,TOTAL_BAGS_CERTIFIED,21001,bags
2025-12-05,,Arabica,Burundi,HA/BR,TOTAL_BAGS_CERTIFIED,3164,bags
2025-12-05,,Arabica,Honduras,HA/BR,TOTAL_BAGS_CERTIFIED,15825,bags
2025-12-05,,Arabica,India,HA/BR,TOTAL_BAGS_CERTIFIED,3694,bags
2025-12-05,,Arabica,Kenya,HA/BR,TOTAL_BAGS_CERTIFIED,1872,bags
2025-12-05,,Arabica,Papua New Guinea,HA/BR,TOTAL_BAGS_CERTIFIED,10365,bags
2025-12-05,,Arabica,Peru,HA/BR,TOTAL_BAGS_CERTIFIED,1240,bags
2025-12-05,,Arabica,Tanzania,HA/BR,TOTAL_BAGS_CERTIFIED,2690,bags
2025-12-05,,Arabica,Uganda,HA/BR,TOTAL_BAGS_CERTIFIED,320,bags
2025-12-05,,Arabica,Venezuela,HA/BR,TOTAL_BAGS_CERTIFIED,250,bags
2025-12-05,,Arabica,Brazil,HOU,TOTAL_BAGS_CERTIFIED,1548,bags
2025-12-05,,Arabica,Honduras,HOU,TOTAL_BAGS_CERTIFIED,9900,bags
2025-12-05,,Arabica,Mexico,HOU,TOTAL_BAGS_CERTIFIED,856,bags
2025-12-05,,Arabica,Nicaragua,HOU,TOTAL_BAGS_CERTIFIED,275,bags
2025-12-05,,Arabica,India,MIAMI,TOTAL_BAGS_CERTIFIED,1030,bags
2025-12-05,,Arabica,Kenya,MIAMI,TOTAL_BAGS_CERTIFIED,710,bags
2025-12-05,,Arabica,Venezuela,MIAMI,TOTAL_BAGS_CERTIFIED,250,bags
2025-12-05,,Arabica,Colombia,NOLA,TOTAL_BAGS_CERTIFIED,471,bags
2025-12-05,,Arabica,Mexico,NOLA,TOTAL_BAGS_CERTIFIED,1612,bags
2025-12-05,,Arabica,Brazil,NY,TOTAL_BAGS_CERTIFIED,580,bags
2025-12-05,,Arabica,Honduras,NY,TOTAL_BAGS_CERTIFIED,537,bags
2025-12-05,,Arabica,Mexico,NY,TOTAL_BAGS_CERTIFIED,23336,bags
2025-12-05,,Arabica,Papua New Guinea,NY,TOTAL_BAGS_CERTIFIED,995,bags
2025-12-05,,Arabica,Peru,NY,TOTAL_BAGS_CERTIFIED,1100,bags
2025-12-05,,Arabica,Venezuela,NY,TOTAL_BAGS_CERTIFIED,1000,bags
2025-12-05,2025-12-04,Robusta,,ANT,NON_TENDERABLE,10,lots
2025-12-05,2025-12-04,Robusta,,ANT,VALID_CERTIFICATE,1969,lots
2025-12-05,2025-12-04,Robusta,,BAR,VALID_CERTIFICATE,29,lots
2025-12-05,2025-12-04,Robusta,,FEL,VALID_CERTIFICATE,157,lots
2025-12-05,2025-12-04,Robusta,,LON,NON_TENDERABLE,2,lots
2025-12-05,2025-12-04,Robusta,,LON,VALID_CERTIFICATE,1891,lots
2025-12-05,2025-12-04,Robusta,,NOR,VALID_CERTIFICATE,2,lots
2025-12-05,2025-12-04,Robusta,,TRI,VALID_CERTIFICATE,1,lots
2025-12-08,,Arabica,Brazil,ANT,TOTAL_BAGS_CERTIFIED,46231,bags
2025-12-08,,Arabica,Burundi,ANT,TOTAL_BAGS_CERTIFIED,4442,bags
2025-12-08,,Arabica,Colombia,ANT,TOTAL_BAGS_CERTIFIED,25,bags
2025-12-08,,Arabica,Costa Rica,ANT,TOTAL_BAGS_CERTIFIED,250,bags
2025-12-08,,Arabica,El Salvador,ANT,TOTAL_BAGS_CERTIFIED,5191,bags
2025-12-08,,Arabica,Honduras,ANT,TOTAL_BAGS_CERTIFIED,23531,bags
2025-12-08,,Arabica,India,ANT,TOTAL_BAGS_CERTIFIED,8003,bags
2025-12-08,,Arabica,Kenya,ANT,TOTAL_BAGS_CERTIFIED,14300,bags
2025-12-08,,Arabica,Mexico,ANT,TOTAL_BAGS_CERTIFIED,57423,bags
2025-12-08,,Arabica,Nicaragua,ANT,TOTAL_BAGS_CERTIFIED,36672,bags
2025-12-08,,Arabica,Papua New Guinea,ANT,TOTAL_BAGS_CERTIFIED,6990,bags
2025-12-08,,Arabica,Peru,ANT,TOTAL_BAGS_CERTIFIED,50840,bags
2025-12-08,,Arabica,Rwanda,ANT,TOTAL_BAGS_CERTIFIED,24033,bags
2025-12-08,,Arabica,Tanzania,ANT,TOTAL_BAGS_CERTIFIED,38827,bags
2025-12-08,,Arabica,Uganda,ANT,TOTAL_BAGS_CERTIFIED,21001,bags
2025-12-08,,Arabica,Burundi,HA/BR,TOTAL_BAGS_CERTIFIED,3164,bags
2025-12-08,,Arabica,Honduras,HA/BR,TOTAL_BAGS_CERTIFIED,15825,bags
2025-12-08,,Arabica,India,HA/BR,TOTAL_BAGS_CERTIFIED,3694,bags
2025-12-08,,Arabica,Kenya,HA/BR,TOTAL_BAGS_CERTIFIED,1872,bags
2025-12-08,,Arabica,Papua New Guinea,HA/BR,TOTAL_BAGS_CERTIFIED,10365,bags
2025-12-08,,Arabica,Peru,HA/BR,TOTAL_BAGS_CERTIFIED,1240,bags
2025-12-08,,Arabica,Tanzania,HA/BR,TOTAL_BAGS_CERTIFIED,2690,bags
2025-12-08,,Arabica,Uganda,HA/BR,TOTAL_BAGS_CERTIFIED,320,bags
2025-12-08,,Arabica,Venezuela,HA/BR,TOTAL_BAGS_CERTIFIED,250,bags
2025-12-08,,Arabica,Brazil,HOU,TOTAL_BAGS_CERTIFIED,1548,bags
2025-12-08,,Arabica,Honduras,HOU,TOTAL_BAGS_CERTIFIED,9900,bags
2025-12-08,,Arabica,Mexico,HOU,TOTAL_BAGS_CERTIFIED,856,bags
2025-12-08,,Arabica,Nicaragua,HOU,TOTAL_BAGS_CERTIFIED,275,bags
2025-12-08,,Arabica,India,MIAMI,TOTAL_BAGS_CERTIFIED,1030,bags
2025-12-08,,Arabica,Kenya,MIAMI,TOTAL_BAGS_CERTIFIED,710,bags
2025-12-08,,Arabica,Venezuela,MIAMI,TOTAL_BAGS_CERTIFIED,250,bags
2025-12-08,,Arabica,Colombia,NOLA,TOTAL_BAGS_CERTIFIED,471,bags
2025-12-08,,Arabica,Mexico,NOLA,TOTAL_BAGS_CERTIFIED,1612,bags
2025-12-08,,Arabica,Brazil,NY,TOTAL_BAGS_CERTIFIED,580,bags
2025-12-08,,Arabica,Honduras,NY,TOTAL_BAGS_CERTIFIED,537,bags
2025-12-08,,Arabica,Mexico,NY,TOTAL_BAGS_CERTIFIED,23336,bags
2025-12-08,,Arabica,Papua New Guinea,NY,TOTAL_BAGS_CERTIFIED,995,bags
2025-12-08,,Arabica,Peru,NY,TOTAL_BAGS_CERTIFIED,1100,bags
2025-12-08,,Arabica,Venezuela,NY,TOTAL_BAGS_CERTIFIED,1000,bags
2025-12-08,2025-12-07,Robusta,,ANT,NON_TENDERABLE,10,lots
2025-12-08,2025-12-07,Robusta,,ANT,VALID_CERTIFICATE,1941,lots
2025-12-08,2025-12-07,Robusta,,BAR,VALID_CERTIFICATE,29,lots
2025-12-08,2025-12-07,Robusta,,FEL,VALID_CERTIFICATE,157,lots
2025-12-08,2025-12-07,Robusta,,LON,NON_TENDERABLE,2,lots
2025-12-08,2025-12-07,Robusta,,LON,VALID_CERTIFICATE,1891,lots
2025-12-08,2025-12-07,Robusta,,NOR,VALID_CERTIFICATE,2,lots
2025-12-08,2025-12-07,Robusta,,TRI,VALID_CERTIFICATE,1,lots
2025-12-09,,Arabica,Brazil,ANT,TOTAL_BAGS_CERTIFIED,46231,bags
2025-12-09,,Arabica,Burundi,ANT,TOTAL_BAGS_CERTIFIED,4442,bags
2025-12-09,,Arabica,Colombia,ANT,TOTAL_BAGS_CERTIFIED,25,bags
2025-12-09,,Arabica,Costa Rica,ANT,TOTAL_BAGS_CERTIFIED,250,bags
2025-12-09,,Arabica,El Salvador,ANT,TOTAL_BAGS_CERTIFIED,5191,bags
2025-12-09,,Arabica,Honduras,ANT,TOTAL_BAGS_CERTIFIED,21531,bags
2025-12-09,,Arabica,India,ANT,TOTAL_BAGS_CERTIFIED,8003,bags
2025-12-09,,Arabica,Kenya,ANT,TOTAL_BAGS_CERTIFIED,14300,bags
2025-12-09,,Arabica,Mexico,ANT,TOTAL_BAGS_CERTIFIED,50930,bags
2025-12-09,,Arabica,Nicaragua,ANT,TOTAL_BAGS_CERTIFIED,36397,bags
2025-12-09,,Arabica,Papua New Guinea,ANT,TOTAL_BAGS_CERTIFIED,6825,bags
2025-12-09,,Arabica,Peru,ANT,TOTAL_BAGS_CERTIFIED,50840,bags
2025-12-09,,Arabica,Rwanda,ANT,TOTAL_BAGS_CERTIFIED,24033,bags
2025-12-09,,Arabica,Tanzania,ANT,TOTAL_BAGS_CERTIFIED,38827,bags
2025-12-09,,Arabica,Uganda,ANT,TOTAL_BAGS_CERTIFIED,21001,bags
2025-12-09,,Arabica,Burundi,HA/BR,TOTAL_BAGS_CERTIFIED,3164,bags
2025-12-09,,Arabica,Honduras,HA/BR,TOTAL_BAGS_CERTIFIED,15825,bags
2025-12-09,,Arabica,India,HA/BR,TOTAL_BAGS_CERTIFIED,3694,bags
2025-12-09,,Arabica,Kenya,HA/BR,TOTAL_BAGS_CERTIFIED,1872,bags
2025-12-09,,Arabica,Papua New Guinea,HA/BR,TOTAL_BAGS_CERTIFIED,10365,bags
2025-12-09,,Arabica,Peru,HA/BR,TOTAL_BAGS_CERTIFIED,1240,bags
2025-12-09,,Arabica,Tanzania,HA/BR,TOTAL_BAGS_CERTIFIED,2690,bags
2025-12-09,,Arabica,Uganda,HA/BR,TOTAL_BAGS_CERTIFIED,320,bags
2025-12-09,,Arabica,Venezuela,HA/BR,TOTAL_BAGS_CERTIFIED,250,bags
2025-12-09,,Arabica,Brazil,HOU,TOTAL_BAGS_CERTIFIED,1548,bags
2025-12-09,,Arabica,Honduras,HOU,TOTAL_BAGS_CERTIFIED,9900,bags
2025-12-09,,Arabica,Mexico,HOU,TOTAL_BAGS_CERTIFIED,856,bags
2025-12-09,,Arabica,Nicaragua,HOU,TOTAL_BAGS_CERTIFIED,275,bags
2025-12-09,,Arabica,India,MIAMI,TOTAL_BAGS_CERTIFIED,1030,bags
2025-12-09,,Arabica,Kenya,MIAMI,TOTAL_BAGS_CERTIFIED,710,bags
2025-12-09,,Arabica,Venezuela,MIAMI,TOTAL_BAGS_CERTIFIED,250,bags
2025-12-09,,Arabica,Colombia,NOLA,TOTAL_BAGS_CERTIFIED,471,bags
2025-12-09,,Arabica,Mexico,NOLA,TOTAL_BAGS_CERTIFIED,1612,bags
2025-12-09,,Arabica,Brazil,NY,TOTAL_BAGS_CERTIFIED,580,bags
2025-12-09,,Arabica,Honduras,NY,TOTAL_BAGS_CERTIFIED,537,bags
2025-12-09,,Arabica,Mexico,NY,TOTAL_BAGS_CERTIFIED,23336,bags
2025-12-09,,Arabica,Papua New Guinea,NY,TOTAL_BAGS_CERTIFIED,995,bags
2025-12-09,,Arabica,Peru,NY,TOTAL_BAGS_CERTIFIED,1100,bags
2025-12-09,,Arabica,Venezuela,NY,TOTAL_BAGS_CERTIFIED,1000,bags
2025-12-09,2025-12-08,Robusta,,ANT,NON_TENDERABLE,10,lots
2025-12-09,2025-12-08,Robusta,,ANT,VALID_CERTIFICATE,1938,lots
2025-12-09,2025-12-08,Robusta,,BAR,VALID_CERTIFICATE,29,lots
2025-12-09,2025-12-08,Robusta,,FEL,VALID_CERTIFICATE,157,lots
2025-12-09,2025-12-08,Robusta,,LON,NON_TENDERABLE,2,lots
2025-12-09,2025-12-08,Robusta,,LON,VALID_CERTIFICATE,1891,lots
2025-12-09,2025-12-08,Robusta,,NOR,VALID_CERTIFICATE,2,lots
2025-12-09,2025-12-08,Robusta,,TRI,VALID_CERTIFICATE,1,lots
2025-12-10,,Arabica,Brazil,ANT,TOTAL_BAGS_CERTIFIED,47675,bags
2025-12-10,,Arabica,Burundi,ANT,TOTAL_BAGS_CERTIFIED,4442,bags
2025-12-10,,Arabica,Colombia,ANT,TOTAL_BAGS_CERTIFIED,25,bags
2025-12-10,,Arabica,Costa Rica,ANT,TOTAL_BAGS_CERTIFIED,250,bags
2025-12-10,,Arabica,El Salvador,ANT,TOTAL_BAGS_CERTIFIED,5191,bags
2025-12-10,,Arabica,Honduras,ANT,TOTAL_BAGS_CERTIFIED,21531,bags
2025-12-10,,Arabica,India,ANT,TOTAL_BAGS_CERTIFIED,8003,bags
2025-12-10,,Arabica,Kenya,ANT,TOTAL_BAGS_CERTIFIED,14300,bags
2025-12-10,,Arabica,Mexico,ANT,TOTAL_BAGS_CERTIFIED,50930,bags
2025-12-10,,Arabica,Nicaragua,ANT,TOTAL_BAGS_CERTIFIED,36397,bags
2025-12-10,,Arabica,Papua New Guinea,ANT,TOTAL_BAGS_CERTIFIED,6825,bags
2025-12-10,,Arabica,Peru,ANT,TOTAL_BAGS_CERTIFIED,52490,bags
2025-12-10,,Arabica,Rwanda,ANT,TOTAL_BAGS_CERTIFIED,24033,bags
2025-12-10,,Arabica,Tanzania,ANT,TOTAL_BAGS_CERTIFIED,38827,bags
2025-12-10,,Arabica,Uganda,ANT,TOTAL_BAGS_CERTIFIED,21321,bags
2025-12-10,,Arabica,Burundi,HA/BR,TOTAL_BAGS_CERTIFIED,3164,bags
2025-12-10,,Arabica,Honduras,HA/BR,TOTAL_BAGS_CERTIFIED,15245,bags
2025-12-10,,Arabica,India,HA/BR,TOTAL_BAGS_CERTIFIED,3694,bags
2025-12-10,,Arabica,Kenya,HA/BR,TOTAL_BAGS_CERTIFIED,1872,bags
2025-12-10,,Arabica,Papua New Guinea,HA/BR,TOTAL_BAGS_CERTIFIED,10365,bags
2025-12-10,,Arabica,Peru,HA/BR,TOTAL_BAGS_CERTIFIED,1240,bags
2025-12-10,,Arabica,Tanzania,HA/BR,TOTAL_BAGS_CERTIFIED,2690,bags
2025-12-10,,Arabica,Uganda,HA/BR,TOTAL_BAGS_CERTIFIED,320,bags
2025-12-10,,Arabica,Venezuela,HA/BR,TOTAL_BAGS_CERTIFIED,250,bags
2025-12-10,,Arabica,Brazil,HOU,TOTAL_BAGS_CERTIFIED,1548,bags
2025-12-10,,Arabica,Honduras,HOU,TOTAL_BAGS_CERTIFIED,9900,bags
2025-12-10,,Arabica,Mexico,HOU,TOTAL_BAGS_CERTIFIED,856,bags
2025-12-10,,Arabica,Nicaragua,HOU,TOTAL_BAGS_CERTIFIED,275,bags
2025-12-10,,Arabica,India,MIAMI,TOTAL_BAGS_CERTIFIED,1030,bags
2025-12-10,,Arabica,Kenya,MIAMI,TOTAL_BAGS_CERTIFIED,710,bags
2025-12-10,,Arabica,Venezuela,MIAMI,TOTAL_BAGS_CERTIFIED,250,bags
2025-12-10,,Arabica,Colombia,NOLA,TOTAL_BAGS_CERTIFIED,471,bags
2025-12-10,,Arabica,Mexico,NOLA,TOTAL_BAGS_CERTIFIED,1612,bags
2025-12-10,,Arabica,Brazil,NY,TOTAL_BAGS_CERTIFIED,580,bags
2025-12-10,,Arabica,Honduras,NY,TOTAL_BAGS_CERTIFIED,537,bags
2025-12-10,,Arabica,Mexico,NY,TOTAL_BAGS_CERTIFIED,23336,bags
2025-12-10,,Arabica,Papua New Guinea,NY,TOTAL_BAGS_CERTIFIED,995,bags
2025-12-10,,Arabica,Peru,NY,TOTAL_BAGS_CERTIFIED,1100,bags
2025-12-10,,Arabica,Venezuela,NY,TOTAL_BAGS_CERTIFIED,1000,bags
2025-12-10,2025-12-09,Robusta,,ANT,NON_TENDERABLE,10,lots
2025-12-10,2025-12-09,Robusta,,ANT,VALID_CERTIFICATE,1932,lots
2025-12-10,2025-12-09,Robusta,,BAR,VALID_CERTIFICATE,29,lots
2025-12-10,2025-12-09,Robusta,,FEL,VALID_CERTIFICATE,157,lots
2025-12-10,2025-12-09,Robusta,,LON,NON_TENDERABLE,2,lots
2025-12-10,2025-12-09,Robusta,,LON,VALID_CERTIFICATE,1891,lots
2025-12-10,2025-12-09,Robusta,,NOR,VALID_CERTIFICATE,2,lots
2025-12-10,2025-12-09,Robusta,,TRI,VALID_CERTIFICATE,1,lots
2025-12-11,,Arabica,Brazil,ANT,TOTAL_BAGS_CERTIFIED,48565,bags
2025-12-11,,Arabica,Burundi,ANT,TOTAL_BAGS_CERTIFIED,4558,bags
2025-12-11,,Arabica,Colombia,ANT,TOTAL_BAGS_CERTIFIED,25,bags
2025-12-11,,Arabica,Costa Rica,ANT,TOTAL_BAGS_CERTIFIED,250,bags
2025-12-11,,Arabica,El Salvador,ANT,TOTAL_BAGS_CERTIFIED,4941,bags
2025-12-11,,Arabica,Honduras,ANT,TOTAL_BAGS_CERTIFIED,21479,bags
2025-12-11,,Arabica,India,ANT,TOTAL_BAGS_CERTIFIED,8003,bags
2025-12-11,,Arabica,Kenya,ANT,TOTAL_BAGS_CERTIFIED,14300,bags
2025-12-11,,Arabica,Mexico,ANT,TOTAL_BAGS_CERTIFIED,50930,bags
2025-12-11,,Arabica,Nicaragua,ANT,TOTAL_BAGS_CERTIFIED,36147,bags
2025-12-11,,Arabica,Papua New Guinea,ANT,TOTAL_BAGS_CERTIFIED,6825,bags
2025-12-11,,Arabica,Peru,ANT,TOTAL_BAGS_CERTIFIED,52490,bags
2025-12-11,,Arabica,Rwanda,ANT,TOTAL_BAGS_CERTIFIED,24673,bags
2025-12-11,,Arabica,Tanzania,ANT,TOTAL_BAGS_CERTIFIED,38827,bags
2025-12-11,,Arabica,Uganda,ANT,TOTAL_BAGS_CERTIFIED,21321,bags
2025-12-11,,Arabica,Burundi,HA/BR,TOTAL_BAGS_CERTIFIED,3164,bags
2025-12-11,,Arabica,Honduras,HA/BR,TOTAL_BAGS_CERTIFIED,15245,bags
2025-12-11,,Arabica,India,HA/BR,TOTAL_BAGS_CERTIFIED,3694,bags
2025-12-11,,Arabica,Kenya,HA/BR,TOTAL_BAGS_CERTIFIED,1872,bags
2025-12-11,,Arabica,Papua New Guinea,HA/BR,TOTAL_BAGS_CERTIFIED,10365,bags
2025-12-11,,Arabica,Peru,HA/BR,TOTAL_BAGS_CERTIFIED,1240,bags
2025-12-11,,Arabica,Tanzania,HA/BR,TOTAL_BAGS_CERTIFIED,2690,bags
2025-12-11,,Arabica,Uganda,HA/BR,TOTAL_BAGS_CERTIFIED,320,bags
2025-12-11,,Arabica,Venezuela,HA/BR,TOTAL_BAGS_CERTIFIED,250,bags
2025-12-11,,Arabica,Brazil,HOU,TOTAL_BAGS_CERTIFIED,1548,bags
2025-12-11,,Arabica,Honduras,HOU,TOTAL_BAGS_CERTIFIED,9900,bags
2025-12-11,,Arabica,Mexico,HOU,TOTAL_BAGS_CERTIFIED,856,bags
2025-12-11,,Arabica,Nicaragua,HOU,TOTAL_BAGS_CERTIFIED,275,bags
2025-12-11,,Arabica,India,MIAMI,TOTAL_BAGS_CERTIFIED,1030,bags
2025-12-11,,Arabica,Kenya,MIAMI,TOTAL_BAGS_CERTIFIED,710,bags
2025-12-11,,Arabica,Venezuela,MIAMI,TOTAL_BAGS_CERTIFIED,250,bags
2025-12-11,,Arabica,Colombia,NOLA,TOTAL_BAGS_CERTIFIED,471,bags
2025-12-11,,Arabica,Mexico,NOLA,TOTAL_BAGS_CERTIFIED,1612,bags
2025-12-11,,Arabica,Brazil,NY,TOTAL_BAGS_CERTIFIED,580,bags
2025-12-11,,Arabica,Honduras,NY,TOTAL_BAGS_CERTIFIED,537,bags
2025-12-11,,Arabica,Mexico,NY,TOTAL_BAGS_CERTIFIED,23336,bags
2025-12-11,,Arabica,Papua New Guinea,NY,TOTAL_BAGS_CERTIFIED,995,bags
2025-12-11,,Arabica,Peru,NY,TOTAL_BAGS_CERTIFIED,1100,bags
2025-12-11,,Arabica,Venezuela,NY,TOTAL_BAGS_CERTIFIED,1000,bags
2025-12-11,2025-12-10,Robusta,,ANT,NON_TENDERABLE,10,lots
2025-12-11,2025-12-10,Robusta,,ANT,VALID_CERTIFICATE,1990,lots
2025-12-11,2025-12-10,Robusta,,BAR,VALID_CERTIFICATE,29,lots
2025-12-11,2025-12-10,Robusta,,FEL,VALID_CERTIFICATE,157,lots
2025-12-11,2025-12-10,Robusta,,LON,NON_TENDERABLE,2,lots
2025-12-11,2025-12-10,Robusta,,LON,VALID_CERTIFICATE,1891,lots
2025-12-11,2025-12-10,Robusta,,NOR,VALID_CERTIFICATE,2,lots
2025-12-11,2025-12-10,Robusta,,TRI,VALID_CERTIFICATE,1,lots
2025-12-12,,Arabica,Brazil,ANT,TOTAL_BAGS_CERTIFIED,49887,bags
2025-12-12,,Arabica,Burundi,ANT,TOTAL_BAGS_CERTIFIED,4645,bags
2025-12-12,,Arabica,Colombia,ANT,TOTAL_BAGS_CERTIFIED,25,bags
2025-12-12,,Arabica,Costa Rica,ANT,TOTAL_BAGS_CERTIFIED,250,bags
2025-12-12,,Arabica,El Salvador,ANT,TOTAL_BAGS_CERTIFIED,4941,bags
2025-12-12,,Arabica,Honduras,ANT,TOTAL_BAGS_CERTIFIED,21229,bags
2025-12-12,,Arabica,India,ANT,TOTAL_BAGS_CERTIFIED,8003,bags
2025-12-12,,Arabica,Kenya,ANT,TOTAL_BAGS_CERTIFIED,15444,bags
2025-12-12,,Arabica,Mexico,ANT,TOTAL_BAGS_CERTIFIED,50930,bags
2025-12-12,,Arabica,Nicaragua,ANT,TOTAL_BAGS_CERTIFIED,36147,bags
2025-12-12,,Arabica,Papua New Guinea,ANT,TOTAL_BAGS_CERTIFIED,6825,bags
2025-12-12,,Arabica,Peru,ANT,TOTAL_BAGS_CERTIFIED,52490,bags
2025-12-12,,Arabica,Rwanda,ANT,TOTAL_BAGS_CERTIFIED,25633,bags
2025-12-12,,Arabica,Tanzania,ANT,TOTAL_BAGS_CERTIFIED,38827,bags
2025-12-12,,Arabica,Uganda,ANT,TOTAL_BAGS_CERTIFIED,21321,bags
2025-12-12,,Arabica,Burundi,HA/BR,TOTAL_BAGS_CERTIFIED,3164,bags
2025-12-12,,Arabica,Honduras,HA/BR,TOTAL_BAGS_CERTIFIED,15245,bags
2025-12-12,,Arabica,India,HA/BR,TOTAL_BAGS_CERTIFIED,3694,bags
2025-12-12,,Arabica,Kenya,HA/BR,TOTAL_BAGS_CERTIFIED,2832,bags
2025-12-12,,Arabica,Papua New Guinea,HA/BR,TOTAL_BAGS_CERTIFIED,10365,bags
2025-12-12,,Arabica,Peru,HA/BR,TOTAL_BAGS_CERTIFIED,1240,bags
2025-12-12,,Arabica,Tanzania,HA/BR,TOTAL_BAGS_CERTIFIED,2690,bags
2025-12-12,,Arabica,Uganda,HA/BR,TOTAL_BAGS_CERTIFIED,320,bags
2025-12-12,,Arabica,Venezuela,HA/BR,TOTAL_BAGS_CERTIFIED,250,bags
2025-12-12,,Arabica,Brazil,HOU,TOTAL_BAGS_CERTIFIED,1548,bags
2025-12-12,,Arabica,Honduras,HOU,TOTAL_BAGS_CERTIFIED,9900,bags
2025-12-12,,Arabica,Mexico,HOU,TOTAL_BAGS_CERTIFIED,856,bags
2025-12-12,,Arabica,Nicaragua,HOU,TOTAL_BAGS_CERTIFIED,275,bags
2025-12-12,,Arabica,India,MIAMI,TOTAL_BAGS_CERTIFIED,1030,bags
2025-12-12,,Arabica,Kenya,MIAMI,TOTAL_BAGS_CERTIFIED,710,bags
2025-12-12,,Arabica,Venezuela,MIAMI,TOTAL_BAGS_CERTIFIED,250,bags
2025-12-12,,Arabica,Colombia,NOLA,TOTAL_BAGS_CERTIFIED,471,bags
2025-12-12,,Arabica,Mexico,NOLA,TOTAL_BAGS_CERTIFIED,1612,bags
2025-12-12,,Arabica,Brazil,NY,TOTAL_BAGS_CERTIFIED,580,bags
2025-12-12,,Arabica,Honduras,NY,TOTAL_BAGS_CERTIFIED,537,bags
2025-12-12,,Arabica,Mexico,NY,TOTAL_BAGS_CERTIFIED,23336,bags
2025-12-12,,Arabica,Papua New Guinea,NY,TOTAL_BAGS_CERTIFIED,995,bags
2025-12-12,,Arabica,Peru,NY,TOTAL_BAGS_CERTIFIED,1100,bags
2025-12-12,,Arabica,Venezuela,NY,TOTAL_BAGS_CERTIFIED,1000,bags
2025-12-12,2025-12-11,Robusta,,ANT,NON_TENDERABLE,10,lots
2025-12-12,2025-12-11,Robusta,,ANT,VALID_CERTIFICATE,2030,lots
2025-12-12,2025-12-11,Robusta,,BAR,VALID_CERTIFICATE,29,lots
2025-12-12,2025-12-11,Robusta,,FEL,VALID_CERTIFICATE,157,lots
2025-12-12,2025-12-11,Robusta,,LON,NON_TENDERABLE,2,lots
2025-12-12,2025-12-11,Robusta,,LON,VALID_CERTIFICATE,1891,lots
2025-12-12,2025-12-11,Robusta,,NOR,VALID_CERTIFICATE,2,lots
2025-12-12,2025-12-11,Robusta,,TRI,VALID_CERTIFICATE,1,lots
2025-12-15,,Arabica,Brazil,ANT,TOTAL_BAGS_CERTIFIED,49316,bags
2025-12-15,,Arabica,Burundi,ANT,TOTAL_BAGS_CERTIFIED,4645,bags
2025-12-15,,Arabica,Colombia,ANT,TOTAL_BAGS_CERTIFIED,25,bags
2025-12-15,,Arabica,Costa Rica,ANT,TOTAL_BAGS_CERTIFIED,250,bags
2025-12-15,,Arabica,El Salvador,ANT,TOTAL_BAGS_CERTIFIED,4941,bags
2025-12-15,,Arabica,Honduras,ANT,TOTAL_BAGS_CERTIFIED,21229,bags
2025-12-15,,Arabica,India,ANT,TOTAL_BAGS_CERTIFIED,8003,bags
2025-12-15,,Arabica,Kenya,ANT,TOTAL_BAGS_CERTIFIED,15444,bags
2025-12-15,,Arabica,Mexico,ANT,TOTAL_BAGS_CERTIFIED,48697,bags
2025-12-15,,Arabica,Nicaragua,ANT,TOTAL_BAGS_CERTIFIED,35807,bags
2025-12-15,,Arabica,Papua New Guinea,ANT,TOTAL_BAGS_CERTIFIED,6825,bags
2025-12-15,,Arabica,Peru,ANT,TOTAL_BAGS_CERTIFIED,52490,bags
2025-12-15,,Arabica,Rwanda,ANT,TOTAL_BAGS_CERTIFIED,25633,bags
2025-12-15,,Arabica,Tanzania,ANT,TOTAL_BAGS_CERTIFIED,38827,bags
2025-12-15,,Arabica,Uganda,ANT,TOTAL_BAGS_CERTIFIED,21321,bags
2025-12-15,,Arabica,Burundi,HA/BR,TOTAL_BAGS_CERTIFIED,3164,bags
2025-12-15,,Arabica,Honduras,HA/BR,TOTAL_BAGS_CERTIFIED,15245,bags
2025-12-15,,Arabica,India,HA/BR,TOTAL_BAGS_CERTIFIED,3694,bags
2025-12-15,,Arabica,Kenya,HA/BR,TOTAL_BAGS_CERTIFIED,2832,bags
2025-12-15,,Arabica,Papua New Guinea,HA/BR,TOTAL_BAGS_CERTIFIED,10365,bags
2025-12-15,,Arabica,Peru,HA/BR,TOTAL_BAGS_CERTIFIED,1240,bags
2025-12-15,,Arabica,Tanzania,HA/BR,TOTAL_BAGS_CERTIFIED,2690,bags
2025-12-15,,Arabica,Uganda,HA/BR,TOTAL_BAGS_CERTIFIED,320,bags
2025-12-15,,Arabica,Venezuela,HA/BR,TOTAL_BAGS_CERTIFIED,250,bags
2025-12-15,,Arabica,Brazil,HOU,TOTAL_BAGS_CERTIFIED,1548,bags
2025-12-15,,Arabica,Honduras,HOU,TOTAL_BAGS_CERTIFIED,9900,bags
2025-12-15,,Arabica,Mexico,HOU,TOTAL_BAGS_CERTIFIED,856,bags
2025-12-15,,Arabica,Nicaragua,HOU,TOTAL_BAGS_CERTIFIED,275,bags
2025-12-15,,Arabica,India,MIAMI,TOTAL_BAGS_CERTIFIED,1030,bags
2025-12-15,,Arabica,Kenya,MIAMI,TOTAL_BAGS_CERTIFIED,710,bags
2025-12-15,,Arabica,Venezuela,MIAMI,TOTAL_BAGS_CERTIFIED,250,bags
2025-12-15,,Arabica,Colombia,NOLA,TOTAL_BAGS_CERTIFIED,471,bags
2025-12-15,,Arabica,Mexico,NOLA,TOTAL_BAGS_CERTIFIED,1612,bags
2025-12-15,,Arabica,Brazil,NY,TOTAL_BAGS_CERTIFIED,580,bags
2025-12-15,,Arabica,Honduras,NY,TOTAL_BAGS_CERTIFIED,537,bags
2025-12-15,,Arabica,Mexico,NY,TOTAL_BAGS_CERTIFIED,23336,bags
2025-12-15,,Arabica,Papua New Guinea,NY,TOTAL_BAGS_CERTIFIED,995,bags
2025-12-15,,Arabica,Peru,NY,TOTAL_BAGS_CERTIFIED,1100,bags
2025-12-15,,Arabica,Venezuela,NY,TOTAL_BAGS_CERTIFIED,1000,bags
2025-12-15,2025-12-14,Robusta,,ANT,NON_TENDERABLE,10,lots
2025-12-15,2025-12-14,Robusta,,ANT,VALID_CERTIFICATE,1991,lots
2025-12-15,2025-12-14,Robusta,,BAR,VALID_CERTIFICATE,29,lots
2025-12-15,2025-12-14,Robusta,,FEL,VALID_CERTIFICATE,141,lots
2025-12-15,2025-12-14,Robusta,,LON,NON_TENDERABLE,2,lots
2025-12-15,2025-12-14,Robusta,,LON,VALID_CERTIFICATE,1891,lots
2025-12-15,2025-12-14,Robusta,,NOR,VALID_CERTIFICATE,2,lots
2025-12-15,2025-12-14,Robusta,,TRI,VALID_CERTIFICATE,1,lots
2025-12-16,2025-12-15,Robusta,,ANT,NON_TENDERABLE,10,lots
2025-12-16,2025-12-15,Robusta,,ANT,SUSPENDED,9,lots
2025-12-16,2025-12-15,Robusta,,ANT,VALID_CERTIFICATE,2033,lots
2025-12-16,2025-12-15,Robusta,,BAR,VALID_CERTIFICATE,29,lots
2025-12-16,2025-12-15,Robusta,,FEL,VALID_CERTIFICATE,141,lots
2025-12-16,2025-12-15,Robusta,,LON,NON_TENDERABLE,2,lots
2025-12-16,2025-12-15,Robusta,,LON,VALID_CERTIFICATE,1891,lots
2025-12-16,2025-12-15,Robusta,,NOR,VALID_CERTIFICATE,2,lots
2025-12-16,2025-12-15,Robusta,,TRI,VALID_CERTIFICATE,1,lots
2025-12-17,,Arabica,Brazil,ANT,TOTAL_BAGS_CERTIFIED,51196,bags
2025-12-17,,Arabica,Burundi,ANT,TOTAL_BAGS_CERTIFIED,4645,bags
2025-12-17,,Arabica,Colombia,ANT,TOTAL_BAGS_CERTIFIED,25,bags
2025-12-17,,Arabica,Costa Rica,ANT,TOTAL_BAGS_CERTIFIED,250,bags
2025-12-17,,Arabica,El Salvador,ANT,TOTAL_BAGS_CERTIFIED,4941,bags
2025-12-17,,Arabica,Honduras,ANT,TOTAL_BAGS_CERTIFIED,21229,bags
2025-12-17,,Arabica,India,ANT,TOTAL_BAGS_CERTIFIED,8003,bags
2025-12-17,,Arabica,Kenya,ANT,TOTAL_BAGS_CERTIFIED,15379,bags
2025-12-17,,Arabica,Mexico,ANT,TOTAL_BAGS_CERTIFIED,48697,bags
2025-12-17,,Arabica,Nicaragua,ANT,TOTAL_BAGS_CERTIFIED,35807,bags
2025-12-17,,Arabica,Papua New Guinea,ANT,TOTAL_BAGS_CERTIFIED,6825,bags
2025-12-17,,Arabica,Peru,ANT,TOTAL_BAGS_CERTIFIED,58240,bags
2025-12-17,,Arabica,Rwanda,ANT,TOTAL_BAGS_CERTIFIED,27553,bags
2025-12-17,,Arabica,Tanzania,ANT,TOTAL_BAGS_CERTIFIED,38827,bags
2025-12-17,,Arabica,Uganda,ANT,TOTAL_BAGS_CERTIFIED,21321,bags
2025-12-17,,Arabica,Burundi,HA/BR,TOTAL_BAGS_CERTIFIED,3164,bags
2025-12-17,,Arabica,Honduras,HA/BR,TOTAL_BAGS_CERTIFIED,15245,bags
2025-12-17,,Arabica,India,HA/BR,TOTAL_BAGS_CERTIFIED,3694,bags
2025-12-17,,Arabica,Kenya,HA/BR,TOTAL_BAGS_CERTIFIED,2832,bags
2025-12-17,,Arabica,Papua New Guinea,HA/BR,TOTAL_BAGS_CERTIFIED,10365,bags
2025-12-17,,Arabica,Peru,HA/BR,TOTAL_BAGS_CERTIFIED,1240,bags
2025-12-17,,Arabica,Tanzania,HA/BR,TOTAL_BAGS_CERTIFIED,2690,bags
2025-12-17,,Arabica,Uganda,HA/BR,TOTAL_BAGS_CERTIFIED,320,bags
2025-12-17,,Arabica,Venezuela,HA/BR,TOTAL_BAGS_CERTIFIED,250,bags
2025-12-17,,Arabica,Brazil,HOU,TOTAL_BAGS_CERTIFIED,1548,bags
2025-12-17,,Arabica,Honduras,HOU,TOTAL_BAGS_CERTIFIED,9900,bags
2025-12-17,,Arabica,Mexico,HOU,TOTAL_BAGS_CERTIFIED,856,bags
2025-12-17,,Arabica,Nicaragua,HOU,TOTAL_BAGS_CERTIFIED,275,bags
2025-12-17,,Arabica,India,MIAMI,TOTAL_BAGS_CERTIFIED,1030,bags
2025-12-17,,Arabica,Kenya,MIAMI,TOTAL_BAGS_CERTIFIED,710,bags
2025-12-17,,Arabica,Venezuela,MIAMI,TOTAL_BAGS_CERTIFIED,250,bags
2025-12-17,,Arabica,Colombia,NOLA,TOTAL_BAGS_CERTIFIED,471,bags
2025-12-17,,Arabica,Mexico,NOLA,TOTAL_BAGS_CERTIFIED,1612,bags
2025-12-17,,Arabica,Brazil,NY,TOTAL_BAGS_CERTIFIED,580,bags
2025-12-17,,Arabica,Honduras,NY,TOTAL_BAGS_CERTIFIED,537,bags
2025-12-17,,Arabica,Mexico,NY,TOTAL_BAGS_CERTIFIED,23336,bags
2025-12-17,,Arabica,Papua New Guinea,NY,TOTAL_BAGS_CERTIFIED,995,bags
2025-12-17,,Arabica,Peru,NY,TOTAL_BAGS_CERTIFIED,1100,bags
2025-12-17,,Arabica,Venezuela,NY,TOTAL_BAGS_CERTIFIED,1000,bags
2025-12-17,2025-12-16,Robusta,,ANT,NON_TENDERABLE,10,lots
2025-12-17,2025-12-16,Robusta,,ANT,SUSPENDED,9,lots
2025-12-17,2025-12-16,Robusta,,ANT,VALID_CERTIFICATE,2090,lots
2025-12-17,2025-12-16,Robusta,,BAR,VALID_CERTIFICATE,29,lots
2025-12-17,2025-12-16,Robusta,,FEL,VALID_CERTIFICATE,141,lots
2025-12-17,2025-12-16,Robusta,,LON,NON_TENDERABLE,2,lots
2025-12-17,2025-12-16,Robusta,,LON,VALID_CERTIFICATE,1891,lots
2025-12-17,2025-12-16,Robusta,,NOR,VALID_CERTIFICATE,2,lots
2025-12-17,2025-12-16,Robusta,,TRI,VALID_CERTIFICATE,1,lots
2025-12-18,,Arabica,Brazil,ANT,TOTAL_BAGS_CERTIFIED,52531,bags
2025-12-18,,Arabica,Burundi,ANT,TOTAL_BAGS_CERTIFIED,4645,bags
2025-12-18,,Arabica,Colombia,ANT,TOTAL_BAGS_CERTIFIED,25,bags
2025-12-18,,Arabica,Costa Rica,ANT,TOTAL_BAGS_CERTIFIED,250,bags
2025-12-18,,Arabica,El Salvador,ANT,TOTAL_BAGS_CERTIFIED,4941,bags
2025-12-18,,Arabica,Honduras,ANT,TOTAL_BAGS_CERTIFIED,21229,bags
2025-12-18,,Arabica,India,ANT,TOTAL_BAGS_CERTIFIED,8003,bags
2025-12-18,,Arabica,Kenya,ANT,TOTAL_BAGS_CERTIFIED,15379,bags
2025-12-18,,Arabica,Mexico,ANT,TOTAL_BAGS_CERTIFIED,48506,bags
2025-12-18,,Arabica,Nicaragua,ANT,TOTAL_BAGS_CERTIFIED,35057,bags
2025-12-18,,Arabica,Papua New Guinea,ANT,TOTAL_BAGS_CERTIFIED,6825,bags
2025-12-18,,Arabica,Peru,ANT,TOTAL_BAGS_CERTIFIED,62490,bags
2025-12-18,,Arabica,Rwanda,ANT,TOTAL_BAGS_CERTIFIED,29143,bags
2025-12-18,,Arabica,Tanzania,ANT,TOTAL_BAGS_CERTIFIED,38827,bags
2025-12-18,,Arabica,Uganda,ANT,TOTAL_BAGS_CERTIFIED,21321,bags
2025-12-18,,Arabica,Burundi,HA/BR,TOTAL_BAGS_CERTIFIED,3164,bags
2025-12-18,,Arabica,Honduras,HA/BR,TOTAL_BAGS_CERTIFIED,15245,bags
2025-12-18,,Arabica,India,HA/BR,TOTAL_BAGS_CERTIFIED,3694,bags
2025-12-18,,Arabica,Kenya,HA/BR,TOTAL_BAGS_CERTIFIED,2832,bags
2025-12-18,,Arabica,Papua New Guinea,HA/BR,TOTAL_BAGS_CERTIFIED,10365,bags
2025-12-18,,Arabica,Peru,HA/BR,TOTAL_BAGS_CERTIFIED,1240,bags
2025-12-18,,Arabica,Tanzania,HA/BR,TOTAL_BAGS_CERTIFIED,2690,bags
2025-12-18,,Arabica,Uganda,HA/BR,TOTAL_BAGS_CERTIFIED,320,bags
2025-12-18,,Arabica,Venezuela,HA/BR,TOTAL_BAGS_CERTIFIED,250,bags
2025-12-18,,Arabica,Brazil,HOU,TOTAL_BAGS_CERTIFIED,1548,bags
2025-12-18,,Arabica,Honduras,HOU,TOTAL_BAGS_CERTIFIED,9900,bags
2025-12-18,,Arabica,Mexico,HOU,TOTAL_BAGS_CERTIFIED,856,bags
2025-12-18,,Arabica,Nicaragua,HOU,TOTAL_BAGS_CERTIFIED,275,bags
2025-12-18,,Arabica,India,MIAMI,TOTAL_BAGS_CERTIFIED,1030,bags
2025-12-18,,Arabica,Kenya,MIAMI,TOTAL_BAGS_CERTIFIED,710,bags
2025-12-18,,Arabica,Venezuela,MIAMI,TOTAL_BAGS_CERTIFIED,250,bags
2025-12-18,,Arabica,Colombia,NOLA,TOTAL_BAGS_CERTIFIED,471,bags
2025-12-18,,Arabica,Mexico,NOLA,TOTAL_BAGS_CERTIFIED,1612,bags
2025-12-18,,Arabica,Brazil,NY,TOTAL_BAGS_CERTIFIED,580,bags
2025-12-18,,Arabica,Honduras,NY,TOTAL_BAGS_CERTIFIED,537,bags
2025-12-18,,Arabica,Mexico,NY,TOTAL_BAGS_CERTIFIED,22836,bags
2025-12-18,,Arabica,Papua New Guinea,NY,TOTAL_BAGS_CERTIFIED,995,bags
2025-12-18,,Arabica,Peru,NY,TOTAL_BAGS_CERTIFIED,1100,bags
2025-12-18,,Arabica,Venezuela,NY,TOTAL_BAGS_CERTIFIED,1000,bags
2025-12-18,2025-12-17,Robusta,,ANT,NON_TENDERABLE,10,lots
2025-12-18,2025-12-17,Robusta,,ANT,SUSPENDED,9,lots
2025-12-18,2025-12-17,Robusta,,ANT,VALID_CERTIFICATE,2090,lots
2025-12-18,2025-12-17,Robusta,,BAR,VALID_CERTIFICATE,29,lots
2025-12-18,2025-12-17,Robusta,,FEL,VALID_CERTIFICATE,141,lots
2025-12-18,2025-12-17,Robusta,,LON,NON_TENDERABLE,2,lots
2025-12-18,2025-12-17,Robusta,,LON,VALID_CERTIFICATE,1891,lots
2025-12-18,2025-12-17,Robusta,,NOR,VALID_CERTIFICATE,2,lots
2025-12-18,2025-12-17,Robusta,,TRI,VALID_CERTIFICATE,1,lots
2025-12-19,,Arabica,Brazil,ANT,TOTAL_BAGS_CERTIFIED,60901,bags
2025-12-19,,Arabica,Burundi,ANT,TOTAL_BAGS_CERTIFIED,4645,bags
2025-12-19,,Arabica,Colombia,ANT,TOTAL_BAGS_CERTIFIED,25,bags
2025-12-19,,Arabica,Costa Rica,ANT,TOTAL_BAGS_CERTIFIED,250,bags
2025-12-19,,Arabica,El Salvador,ANT,TOTAL_BAGS_CERTIFIED,4941,bags
2025-12-19,,Arabica,Honduras,ANT,TOTAL_BAGS_CERTIFIED,18124,bags
2025-12-19,,Arabica,India,ANT,TOTAL_BAGS_CERTIFIED,8003,bags
2025-12-19,,Arabica,Kenya,ANT,TOTAL_BAGS_CERTIFIED,15379,bags
2025-12-19,,Arabica,Mexico,ANT,TOTAL_BAGS_CERTIFIED,48506,bags
2025-12-19,,Arabica,Nicaragua,ANT,TOTAL_BAGS_CERTIFIED,35057,bags
2025-12-19,,Arabica,Papua New Guinea,ANT,TOTAL_BAGS_CERTIFIED,6825,bags
2025-12-19,,Arabica,Peru,ANT,TOTAL_BAGS_CERTIFIED,62490,bags
2025-12-19,,Arabica,Rwanda,ANT,TOTAL_BAGS_CERTIFIED,29143,bags
2025-12-19,,Arabica,Tanzania,ANT,TOTAL_BAGS_CERTIFIED,38827,bags
2025-12-19,,Arabica,Uganda,ANT,TOTAL_BAGS_CERTIFIED,22641,bags
2025-12-19,,Arabica,Burundi,HA/BR,TOTAL_BAGS_CERTIFIED,3164,bags
2025-12-19,,Arabica,Honduras,HA/BR,TOTAL_BAGS_CERTIFIED,15245,bags
2025-12-19,,Arabica,India,HA/BR,TOTAL_BAGS_CERTIFIED,3694,bags
2025-12-19,,Arabica,Kenya,HA/BR,TOTAL_BAGS_CERTIFIED,2832,bags
2025-12-19,,Arabica,Papua New Guinea,HA/BR,TOTAL_BAGS_CERTIFIED,10365,bags
2025-12-19,,Arabica,Peru,HA/BR,TOTAL_BAGS_CERTIFIED,1240,bags
2025-12-19,,Arabica,Tanzania,HA/BR,TOTAL_BAGS_CERTIFIED,2690,bags
2025-12-19,,Arabica,Uganda,HA/BR,TOTAL_BAGS_CERTIFIED,320,bags
2025-12-19,,Arabica,Venezuela,HA/BR,TOTAL_BAGS_CERTIFIED,250,bags
2025-12-19,,Arabica,Brazil,HOU,TOTAL_BAGS_CERTIFIED,1548,bags
2025-12-19,,Arabica,Honduras,HOU,TOTAL_BAGS_CERTIFIED,9900,bags
2025-12-19,,Arabica,Mexico,HOU,TOTAL_BAGS_CERTIFIED,856,bags
2025-12-19,,Arabica,Nicaragua,HOU,TOTAL_BAGS_CERTIFIED,275,bags
2025-12-19,,Arabica,India,MIAMI,TOTAL_BAGS_CERTIFIED,1030,bags
2025-12-19,,Arabica,Kenya,MIAMI,TOTAL_BAGS_CERTIFIED,710,bags
2025-12-19,,Arabica,Venezuela,MIAMI,TOTAL_BAGS_CERTIFIED,250,bags
2025-12-19,,Arabica,Colombia,NOLA,TOTAL_BAGS_CERTIFIED,471,bags
2025-12-19,,Arabica,Mexico,NOLA,TOTAL_BAGS_CERTIFIED,1612,bags
2025-12-19,,Arabica,Brazil,NY,TOTAL_BAGS_CERTIFIED,580,bags
2025-12-19,,Arabica,Honduras,NY,TOTAL_BAGS_CERTIFIED,537,bags
2025-12-19,,Arabica,Mexico,NY,TOTAL_BAGS_CERTIFIED,22836,bags
2025-12-19,,Arabica,Papua New Guinea,NY,TOTAL_BAGS_CERTIFIED,995,bags
2025-12-19,,Arabica,Peru,NY,TOTAL_BAGS_CERTIFIED,1100,bags
2025-12-19,,Arabica,Venezuela,NY,TOTAL_BAGS_CERTIFIED,1000,bags
2025-12-19,2025-12-18,Robusta,,ANT,NON_TENDERABLE,10,lots
2025-12-19,2025-12-18,Robusta,,ANT,SUSPENDED,5,lots
2025-12-19,2025-12-18,Robusta,,ANT,VALID_CERTIFICATE,2081,lots
2025-12-19,2025-12-18,Robusta,,BAR,VALID_CERTIFICATE,29,lots
2025-12-19,2025-12-18,Robusta,,FEL,VALID_CERTIFICATE,141,lots
2025-12-19,2025-12-18,Robusta,,LON,NON_TENDERABLE,2,lots
2025-12-19,2025-12-18,Robusta,,LON,VALID_CERTIFICATE,1891,lots
2025-12-19,2025-12-18,Robusta,,NOR,VALID_CERTIFICATE,2,lots
2025-12-19,2025-12-18,Robusta,,TRI,VALID_CERTIFICATE,1,lots
2025-12-22,,Arabica,Brazil,ANT,TOTAL_BAGS_CERTIFIED,66181,bags
2025-12-22,,Arabica,Burundi,ANT,TOTAL_BAGS_CERTIFIED,4645,bags
2025-12-22,,Arabica,Colombia,ANT,TOTAL_BAGS_CERTIFIED,25,bags
2025-12-22,,Arabica,Costa Rica,ANT,TOTAL_BAGS_CERTIFIED,250,bags
2025-12-22,,Arabica,El Salvador,ANT,TOTAL_BAGS_CERTIFIED,4941,bags
2025-12-22,,Arabica,Honduras,ANT,TOTAL_BAGS_CERTIFIED,18124,bags
2025-12-22,,Arabica,India,ANT,TOTAL_BAGS_CERTIFIED,8003,bags
2025-12-22,,Arabica,Kenya,ANT,TOTAL_BAGS_CERTIFIED,15379,bags
2025-12-22,,Arabica,Mexico,ANT,TOTAL_BAGS_CERTIFIED,48506,bags
2025-12-22,,Arabica,Nicaragua,ANT,TOTAL_BAGS_CERTIFIED,35057,bags
2025-12-22,,Arabica,Papua New Guinea,ANT,TOTAL_BAGS_CERTIFIED,6825,bags
2025-12-22,,Arabica,Peru,ANT,TOTAL_BAGS_CERTIFIED,62490,bags
2025-12-22,,Arabica,Rwanda,ANT,TOTAL_BAGS_CERTIFIED,29143,bags
2025-12-22,,Arabica,Tanzania,ANT,TOTAL_BAGS_CERTIFIED,38827,bags
2025-12-22,,Arabica,Uganda,ANT,TOTAL_BAGS_CERTIFIED,22641,bags
2025-12-22,,Arabica,Burundi,HA/BR,TOTAL_BAGS_CERTIFIED,3134,bags
2025-12-22,,Arabica,Honduras,HA/BR,TOTAL_BAGS_CERTIFIED,15245,bags
2025-12-22,,Arabica,India,HA/BR,TOTAL_BAGS_CERTIFIED,3694,bags
2025-12-22,,Arabica,Kenya,HA/BR,TOTAL_BAGS_CERTIFIED,2832,bags
2025-12-22,,Arabica,Papua New Guinea,HA/BR,TOTAL_BAGS_CERTIFIED,10365,bags
2025-12-22,,Arabica,Peru,HA/BR,TOTAL_BAGS_CERTIFIED,1240,bags
2025-12-22,,Arabica,Tanzania,HA/BR,TOTAL_BAGS_CERTIFIED,2690,bags
2025-12-22,,Arabica,Uganda,HA/BR,TOTAL_BAGS_CERTIFIED,320,bags
2025-12-22,,Arabica,Venezuela,HA/BR,TOTAL_BAGS_CERTIFIED,250,bags
2025-12-22,,Arabica,Brazil,HOU,TOTAL_BAGS_CERTIFIED,1548,bags
2025-12-22,,Arabica,Honduras,HOU,TOTAL_BAGS_CERTIFIED,9625,bags
2025-12-22,,Arabica,Mexico,HOU,TOTAL_BAGS_CERTIFIED,856,bags
2025-12-22,,Arabica,Nicaragua,HOU,TOTAL_BAGS_CERTIFIED,275,bags
2025-12-22,,Arabica,India,MIAMI,TOTAL_BAGS_CERTIFIED,1030,bags
2025-12-22,,Arabica,Kenya,MIAMI,TOTAL_BAGS_CERTIFIED,710,bags
2025-12-22,,Arabica,Venezuela,MIAMI,TOTAL_BAGS_CERTIFIED,250,bags
2025-12-22,,Arabica,Colombia,NOLA,TOTAL_BAGS_CERTIFIED,471,bags
2025-12-22,,Arabica,Mexico,NOLA,TOTAL_BAGS_CERTIFIED,1612,bags
2025-12-22,,Arabica,Brazil,NY,TOTAL_BAGS_CERTIFIED,580,bags
2025-12-22,,Arabica,Honduras,NY,TOTAL_BAGS_CERTIFIED,537,bags
2025-12-22,,Arabica,Mexico,NY,TOTAL_BAGS_CERTIFIED,22836,bags
2025-12-22,,Arabica,Papua New Guinea,NY,TOTAL_BAGS_CERTIFIED,995,bags
2025-12-22,,Arabica,Peru,NY,TOTAL_BAGS_CERTIFIED,851,bags
2025-12-22,,Arabica,Venezuela,NY,TOTAL_BAGS_CERTIFIED,1000,bags
2025-12-22,2025-12-21,Robusta,,ANT,NON_TENDERABLE,10,lots
2025-12-22,2025-12-21,Robusta,,ANT,SUSPENDED,5,lots
2025-12-22,2025-12-21,Robusta,,ANT,VALID_CERTIFICATE,2145,lots
2025-12-22,2025-12-21,Robusta,,BAR,VALID_CERTIFICATE,29,lots
2025-12-22,2025-12-21,Robusta,,FEL,VALID_CERTIFICATE,141,lots
2025-12-22,2025-12-21,Robusta,,LON,NON_TENDERABLE,2,lots
2025-12-22,2025-12-21,Robusta,,LON,VALID_CERTIFICATE,1891,lots
2025-12-22,2025-12-21,Robusta,,NOR,SUSPENDED,2,lots
2025-12-22,2025-12-21,Robusta,,TRI,VALID_CERTIFICATE,1,lots
2025-12-23,,Arabica,Brazil,ANT,TOTAL_BAGS_CERTIFIED,73661,bags
2025-12-23,,Arabica,Burundi,ANT,TOTAL_BAGS_CERTIFIED,4645,bags
2025-12-23,,Arabica,Colombia,ANT,TOTAL_BAGS_CERTIFIED,25,bags
2025-12-23,,Arabica,Costa Rica,ANT,TOTAL_BAGS_CERTIFIED,250,bags
2025-12-23,,Arabica,El Salvador,ANT,TOTAL_BAGS_CERTIFIED,4941,bags
2025-12-23,,Arabica,Honduras,ANT,TOTAL_BAGS_CERTIFIED,17624,bags
2025-12-23,,Arabica,India,ANT,TOTAL_BAGS_CERTIFIED,8003,bags
2025-12-23,,Arabica,Kenya,ANT,TOTAL_BAGS_CERTIFIED,14809,bags
2025-12-23,,Arabica,Mexico,ANT,TOTAL_BAGS_CERTIFIED,48506,bags
2025-12-23,,Arabica,Nicaragua,ANT,TOTAL_BAGS_CERTIFIED,35057,bags
2025-12-23,,Arabica,Papua New Guinea,ANT,TOTAL_BAGS_CERTIFIED,6825,bags
2025-12-23,,Arabica,Peru,ANT,TOTAL_BAGS_CERTIFIED,61986,bags
2025-12-23,,Arabica,Rwanda,ANT,TOTAL_BAGS_CERTIFIED,29143,bags
2025-12-23,,Arabica,Tanzania,ANT,TOTAL_BAGS_CERTIFIED,38827,bags
2025-12-23,,Arabica,Uganda,ANT,TOTAL_BAGS_CERTIFIED,22641,bags
2025-12-23,,Arabica,Burundi,HA/BR,TOTAL_BAGS_CERTIFIED,3134,bags
2025-12-23,,Arabica,Honduras,HA/BR,TOTAL_BAGS_CERTIFIED,14120,bags
2025-12-23,,Arabica,India,HA/BR,TOTAL_BAGS_CERTIFIED,3694,bags
2025-12-23,,Arabica,Kenya,HA/BR,TOTAL_BAGS_CERTIFIED,2832,bags
2025-12-23,,Arabica,Papua New Guinea,HA/BR,TOTAL_BAGS_CERTIFIED,10365,bags
2025-12-23,,Arabica,Peru,HA/BR,TOTAL_BAGS_CERTIFIED,1240,bags
2025-12-23,,Arabica,Tanzania,HA/BR,TOTAL_BAGS_CERTIFIED,2690,bags
2025-12-23,,Arabica,Uganda,HA/BR,TOTAL_BAGS_CERTIFIED,320,bags
2025-12-23,,Arabica,Venezuela,HA/BR,TOTAL_BAGS_CERTIFIED,250,bags
2025-12-23,,Arabica,Brazil,HOU,TOTAL_BAGS_CERTIFIED,1548,bags
2025-12-23,,Arabica,Honduras,HOU,TOTAL_BAGS_CERTIFIED,9625,bags
2025-12-23,,Arabica,Mexico,HOU,TOTAL_BAGS_CERTIFIED,856,bags
2025-12-23,,Arabica,Nicaragua,HOU,TOTAL_BAGS_CERTIFIED,275,bags
2025-12-23,,Arabica,India,MIAMI,TOTAL_BAGS_CERTIFIED,1030,bags
2025-12-23,,Arabica,Kenya,MIAMI,TOTAL_BAGS_CERTIFIED,710,bags
2025-12-23,,Arabica,Peru,MIAMI,TOTAL_BAGS_CERTIFIED,5000,bags
2025-12-23,,Arabica,Venezuela,MIAMI,TOTAL_BAGS_CERTIFIED,250,bags
2025-12-23,,Arabica,Colombia,NOLA,TOTAL_BAGS_CERTIFIED,471,bags
2025-12-23,,Arabica,Mexico,NOLA,TOTAL_BAGS_CERTIFIED,1612,bags
2025-12-23,,Arabica,Brazil,NY,TOTAL_BAGS_CERTIFIED,580,bags
2025-12-23,,Arabica,Honduras,NY,TOTAL_BAGS_CERTIFIED,537,bags
2025-12-23,,Arabica,Mexico,NY,TOTAL_BAGS_CERTIFIED,22836,bags
2025-12-23,,Arabica,Papua New Guinea,NY,TOTAL_BAGS_CERTIFIED,995,bags
2025-12-23,,Arabica,Peru,NY,TOTAL_BAGS_CERTIFIED,851,bags
2025-12-23,,Arabica,Venezuela,NY,TOTAL_BAGS_CERTIFIED,1000,bags
2025-12-23,2025-12-22,Robusta,,ANT,NON_TENDERABLE,8,lots
2025-12-23,2025-12-22,Robusta,,ANT,SUSPENDED,5,lots
2025-12-23,2025-12-22,Robusta,,ANT,VALID_CERTIFICATE,2218,lots
2025-12-23,2025-12-22,Robusta,,BAR,VALID_CERTIFICATE,27,lots
2025-12-23,2025-12-22,Robusta,,FEL,VALID_CERTIFICATE,141,lots
2025-12-23,2025-12-22,Robusta,,LON,NON_TENDERABLE,2,lots
2025-12-23,2025-12-22,Robusta,,LON,VALID_CERTIFICATE,1891,lots
2025-12-23,2025-12-22,Robusta,,NOR,SUSPENDED,2,lots
2025-12-23,2025-12-22,Robusta,,TRI,VALID_CERTIFICATE,1,lots
2025-12-24,,Arabica,Brazil,ANT,TOTAL_BAGS_CERTIFIED,79399,bags
2025-12-24,,Arabica,Burundi,ANT,TOTAL_BAGS_CERTIFIED,4645,bags
2025-12-24,,Arabica,Colombia,ANT,TOTAL_BAGS_CERTIFIED,25,bags
2025-12-24,,Arabica,Costa Rica,ANT,TOTAL_BAGS_CERTIFIED,250,bags
2025-12-24,,Arabica,El Salvador,ANT,TOTAL_BAGS_CERTIFIED,4941,bags
2025-12-24,,Arabica,Honduras,ANT,TOTAL_BAGS_CERTIFIED,17624,bags
2025-12-24,,Arabica,India,ANT,TOTAL_BAGS_CERTIFIED,8003,bags
2025-12-24,,Arabica,Kenya,ANT,TOTAL_BAGS_CERTIFIED,14809,bags
2025-12-24,,Arabica,Mexico,ANT,TOTAL_BAGS_CERTIFIED,48506,bags
2025-12-24,,Arabica,Nicaragua,ANT,TOTAL_BAGS_CERTIFIED,35057,bags
2025-12-24,,Arabica,Papua New Guinea,ANT,TOTAL_BAGS_CERTIFIED,6825,bags
2025-12-24,,Arabica,Peru,ANT,TOTAL_BAGS_CERTIFIED,61986,bags
2025-12-24,,Arabica,Rwanda,ANT,TOTAL_BAGS_CERTIFIED,30743,bags
2025-12-24,,Arabica,Tanzania,ANT,TOTAL_BAGS_CERTIFIED,38827,bags
2025-12-24,,Arabica,Uganda,ANT,TOTAL_BAGS_CERTIFIED,22641,bags
2025-12-24,,Arabica,Burundi,HA/BR,TOTAL_BAGS_CERTIFIED,3134,bags
2025-12-24,,Arabica,Honduras,HA/BR,TOTAL_BAGS_CERTIFIED,9995,bags
2025-12-24,,Arabica,India,HA/BR,TOTAL_BAGS_CERTIFIED,3694,bags
2025-12-24,,Arabica,Kenya,HA/BR,TOTAL_BAGS_CERTIFIED,2832,bags
2025-12-24,,Arabica,Papua New Guinea,HA/BR,TOTAL_BAGS_CERTIFIED,10365,bags
2025-12-24,,Arabica,Peru,HA/BR,TOTAL_BAGS_CERTIFIED,1240,bags
2025-12-24,,Arabica,Tanzania,HA/BR,TOTAL_BAGS_CERTIFIED,2690,bags
2025-12-24,,Arabica,Uganda,HA/BR,TOTAL_BAGS_CERTIFIED,320,bags
2025-12-24,,Arabica,Venezuela,HA/BR,TOTAL_BAGS_CERTIFIED,250,bags
2025-12-24,,Arabica,Brazil,HOU,TOTAL_BAGS_CERTIFIED,1548,bags
2025-12-24,,Arabica,Honduras,HOU,TOTAL_BAGS_CERTIFIED,9625,bags
2025-12-24,,Arabica,Mexico,HOU,TOTAL_BAGS_CERTIFIED,856,bags
2025-12-24,,Arabica,Nicaragua,HOU,TOTAL_BAGS_CERTIFIED,275,bags
2025-12-24,,Arabica,India,MIAMI,TOTAL_BAGS_CERTIFIED,1030,bags
2025-12-24,,Arabica,Kenya,MIAMI,TOTAL_BAGS_CERTIFIED,710,bags
2025-12-24,,Arabica,Peru,MIAMI,TOTAL_BAGS_CERTIFIED,5000,bags
2025-12-24,,Arabica,Venezuela,MIAMI,TOTAL_BAGS_CERTIFIED,250,bags
2025-12-24,,Arabica,Colombia,NOLA,TOTAL_BAGS_CERTIFIED,471,bags
2025-12-24,,Arabica,Mexico,NOLA,TOTAL_BAGS_CERTIFIED,1612,bags
2025-12-24,,Arabica,Brazil,NY,TOTAL_BAGS_CERTIFIED,580,bags
2025-12-24,,Arabica,Honduras,NY,TOTAL_BAGS_CERTIFIED,537,bags
2025-12-24,,Arabica,Mexico,NY,TOTAL_BAGS_CERTIFIED,22336,bags
2025-12-24,,Arabica,Papua New Guinea,NY,TOTAL_BAGS_CERTIFIED,995,bags
2025-12-24,,Arabica,Peru,NY,TOTAL_BAGS_CERTIFIED,851,bags
2025-12-24,,Arabica,Venezuela,NY,TOTAL_BAGS_CERTIFIED,1000,bags
2025-12-24,2025-12-23,Robusta,,ANT,NON_TENDERABLE,8,lots
2025-12-24,2025-12-23,Robusta,,ANT,SUSPENDED,5,lots
2025-12-24,2025-12-23,Robusta,,ANT,VALID_CERTIFICATE,2218,lots
2025-12-24,2025-12-23,Robusta,,BAR,VALID_CERTIFICATE,27,lots
2025-12-24,2025-12-23,Robusta,,FEL,VALID_CERTIFICATE,141,lots
2025-12-24,2025-12-23,Robusta,,LON,NON_TENDERABLE,2,lots
2025-12-24,2025-12-23,Robusta,,LON,VALID_CERTIFICATE,1891,lots
2025-12-24,2025-12-23,Robusta,,NOR,SUSPENDED,2,lots
2025-12-24,2025-12-23,Robusta,,TRI,VALID_CERTIFICATE,1,lots
2025-12-26,,Arabica,Brazil,ANT,TOTAL_BAGS_CERTIFIED,79399,bags
2025-12-26,,Arabica,Burundi,ANT,TOTAL_BAGS_CERTIFIED,4645,bags
2025-12-26,,Arabica,Colombia,ANT,TOTAL_BAGS_CERTIFIED,25,bags
2025-12-26,,Arabica,Costa Rica,ANT,TOTAL_BAGS_CERTIFIED,250,bags
2025-12-26,,Arabica,El Salvador,ANT,TOTAL_BAGS_CERTIFIED,4941,bags
2025-12-26,,Arabica,Honduras,ANT,TOTAL_BAGS_CERTIFIED,17624,bags
2025-12-26,,Arabica,India,ANT,TOTAL_BAGS_CERTIFIED,8003,bags
2025-12-26,,Arabica,Kenya,ANT,TOTAL_BAGS_CERTIFIED,14809,bags
2025-12-26,,Arabica,Mexico,ANT,TOTAL_BAGS_CERTIFIED,48506,bags
2025-12-26,,Arabica,Nicaragua,ANT,TOTAL_BAGS_CERTIFIED,35057,bags
2025-12-26,,Arabica,Papua New Guinea,ANT,TOTAL_BAGS_CERTIFIED,6825,bags
2025-12-26,,Arabica,Peru,ANT,TOTAL_BAGS_CERTIFIED,61986,bags
2025-12-26,,Arabica,Rwanda,ANT,TOTAL_BAGS_CERTIFIED,30743,bags
2025-12-26,,Arabica,Tanzania,ANT,TOTAL_BAGS_CERTIFIED,38827,bags
2025-12-26,,Arabica,Uganda,ANT,TOTAL_BAGS_CERTIFIED,22641,bags
2025-12-26,,Arabica,Burundi,HA/BR,TOTAL_BAGS_CERTIFIED,3134,bags
2025-12-26,,Arabica,Honduras,HA/BR,TOTAL_BAGS_CERTIFIED,9995,bags
2025-12-26,,Arabica,India,HA/BR,TOTAL_BAGS_CERTIFIED,3694,bags
2025-12-26,,Arabica,Kenya,HA/BR,TOTAL_BAGS_CERTIFIED,2832,bags
2025-12-26,,Arabica,Papua New Guinea,HA/BR,TOTAL_BAGS_CERTIFIED,10365,bags
2025-12-26,,Arabica,Peru,HA/BR,TOTAL_BAGS_CERTIFIED,1240,bags
2025-12-26,,Arabica,Tanzania,HA/BR,TOTAL_BAGS_CERTIFIED,2690,bags
2025-12-26,,Arabica,Uganda,HA/BR,TOTAL_BAGS_CERTIFIED,320,bags
2025-12-26,,Arabica,Venezuela,HA/BR,TOTAL_BAGS_CERTIFIED,250,bags
2025-12-26,,Arabica,Brazil,HOU,TOTAL_BAGS_CERTIFIED,1548,bags
2025-12-26,,Arabica,Honduras,HOU,TOTAL_BAGS_CERTIFIED,9625,bags
2025-12-26,,Arabica,Mexico,HOU,TOTAL_BAGS_CERTIFIED,856,bags
2025-12-26,,Arabica,Nicaragua,HOU,TOTAL_BAGS_CERTIFIED,275,bags
2025-12-26,,Arabica,India,MIAMI,TOTAL_BAGS_CERTIFIED,1030,bags
2025-12-26,,Arabica,Kenya,MIAMI,TOTAL_BAGS_CERTIFIED,710,bags
2025-12-26,,Arabica,Peru,MIAMI,TOTAL_BAGS_CERTIFIED,5000,bags
2025-12-26,,Arabica,Venezuela,MIAMI,TOTAL_BAGS_CERTIFIED,250,bags
2025-12-26,,Arabica,Colombia,NOLA,TOTAL_BAGS_CERTIFIED,471,bags
2025-12-26,,Arabica,Mexico,NOLA,TOTAL_BAGS_CERTIFIED,1612,bags
2025-12-26,,Arabica,Brazil,NY,TOTAL_BAGS_CERTIFIED,580,bags
2025-12-26,,Arabica,Honduras,NY,TOTAL_BAGS_CERTIFIED,537,bags
2025-12-26,,Arabica,Mexico,NY,TOTAL_BAGS_CERTIFIED,22336,bags
2025-12-26,,Arabica,Papua New Guinea,NY,TOTAL_BAGS_CERTIFIED,995,bags
2025-12-26,,Arabica,Peru,NY,TOTAL_BAGS_CERTIFIED,851,bags
2025-12-26,,Arabica,Venezuela,NY,TOTAL_BAGS_CERTIFIED,1000,bags
2025-12-29,,Arabica,Brazil,ANT,TOTAL_BAGS_CERTIFIED,79399,bags
2025-12-29,,Arabica,Burundi,ANT,TOTAL_BAGS_CERTIFIED,4645,bags
2025-12-29,,Arabica,Colombia,ANT,TOTAL_BAGS_CERTIFIED,25,bags
2025-12-29,,Arabica,Costa Rica,ANT,TOTAL_BAGS_CERTIFIED,250,bags
2025-12-29,,Arabica,El Salvador,ANT,TOTAL_BAGS_CERTIFIED,4941,bags
2025-12-29,,Arabica,Honduras,ANT,TOTAL_BAGS_CERTIFIED,17624,bags
2025-12-29,,Arabica,India,ANT,TOTAL_BAGS_CERTIFIED,8003,bags
2025-12-29,,Arabica,Kenya,ANT,TOTAL_BAGS_CERTIFIED,14809,bags
2025-12-29,,Arabica,Mexico,ANT,TOTAL_BAGS_CERTIFIED,48506,bags
2025-12-29,,Arabica,Nicaragua,ANT,TOTAL_BAGS_CERTIFIED,35057,bags
2025-12-29,,Arabica,Papua New Guinea,ANT,TOTAL_BAGS_CERTIFIED,6825,bags
2025-12-29,,Arabica,Peru,ANT,TOTAL_BAGS_CERTIFIED,61986,bags
2025-12-29,,Arabica,Rwanda,ANT,TOTAL_BAGS_CERTIFIED,30743,bags
2025-12-29,,Arabica,Tanzania,ANT,TOTAL_BAGS_CERTIFIED,38827,bags
2025-12-29,,Arabica,Uganda,ANT,TOTAL_BAGS_CERTIFIED,22641,bags
2025-12-29,,Arabica,Burundi,HA/BR,TOTAL_BAGS_CERTIFIED,3134,bags
2025-12-29,,Arabica,Honduras,HA/BR,TOTAL_BAGS_CERTIFIED,9995,bags
2025-12-29,,Arabica,India,HA/BR,TOTAL_BAGS_CERTIFIED,3694,bags
2025-12-29,,Arabica,Kenya,HA/BR,TOTAL_BAGS_CERTIFIED,2832,bags
2025-12-29,,Arabica,Papua New Guinea,HA/BR,TOTAL_BAGS_CERTIFIED,10365,bags
2025-12-29,,Arabica,Peru,HA/BR,TOTAL_BAGS_CERTIFIED,1240,bags
2025-12-29,,Arabica,Tanzania,HA/BR,TOTAL_BAGS_CERTIFIED,2690,bags
2025-12-29,,Arabica,Uganda,HA/BR,TOTAL_BAGS_CERTIFIED,320,bags
2025-12-29,,Arabica,Venezuela,HA/BR,TOTAL_BAGS_CERTIFIED,250,bags
2025-12-29,,Arabica,Brazil,HOU,TOTAL_BAGS_CERTIFIED,1548,bags
2025-12-29,,Arabica,Honduras,HOU,TOTAL_BAGS_CERTIFIED,9625,bags
2025-12-29,,Arabica,Mexico,HOU,TOTAL_BAGS_CERTIFIED,856,bags
2025-12-29,,Arabica,Nicaragua,HOU,TOTAL_BAGS_CERTIFIED,275,bags
2025-12-29,,Arabica,India,MIAMI,TOTAL_BAGS_CERTIFIED,1030,bags
2025-12-29,,Arabica,Kenya,MIAMI,TOTAL_BAGS_CERTIFIED,710,bags
2025-12-29,,Arabica,Peru,MIAMI,TOTAL_BAGS_CERTIFIED,5000,bags
2025-12-29,,Arabica,Venezuela,MIAMI,TOTAL_BAGS_CERTIFIED,250,bags
2025-12-29,,Arabica,Colombia,NOLA,TOTAL_BAGS_CERTIFIED,471,bags
2025-12-29,,Arabica,Mexico,NOLA,TOTAL_BAGS_CERTIFIED,1612,bags
2025-12-29,,Arabica,Brazil,NY,TOTAL_BAGS_CERTIFIED,580,bags
2025-12-29,,Arabica,Honduras,NY,TOTAL_BAGS_CERTIFIED,537,bags
2025-12-29,,Arabica,Mexico,NY,TOTAL_BAGS_CERTIFIED,22336,bags
2025-12-29,,Arabica,Papua New Guinea,NY,TOTAL_BAGS_CERTIFIED,995,bags
2025-12-29,,Arabica,Peru,NY,TOTAL_BAGS_CERTIFIED,851,bags
2025-12-29,,Arabica,Venezuela,NY,TOTAL_BAGS_CERTIFIED,1000,bags
2025-12-29,2025-12-28,Robusta,,ANT,NON_TENDERABLE,8,lots
2025-12-29,2025-12-28,Robusta,,ANT,SUSPENDED,5,lots
2025-12-29,2025-12-28,Robusta,,ANT,VALID_CERTIFICATE,2218,lots
2025-12-29,2025-12-28,Robusta,,BAR,VALID_CERTIFICATE,27,lots
2025-12-29,2025-12-28,Robusta,,FEL,VALID_CERTIFICATE,141,lots
2025-12-29,2025-12-28,Robusta,,LON,NON_TENDERABLE,2,lots
2025-12-29,2025-12-28,Robusta,,LON,VALID_CERTIFICATE,1872,lots
2025-12-29,2025-12-28,Robusta,,NOR,SUSPENDED,2,lots
2025-12-29,2025-12-28,Robusta,,TRI,VALID_CERTIFICATE,1,lots
2025-12-30,,Arabica,Brazil,ANT,TOTAL_BAGS_CERTIFIED,79399,bags
2025-12-30,,Arabica,Burundi,ANT,TOTAL_BAGS_CERTIFIED,4645,bags
2025-12-30,,Arabica,Colombia,ANT,TOTAL_BAGS_CERTIFIED,25,bags
2025-12-30,,Arabica,Costa Rica,ANT,TOTAL_BAGS_CERTIFIED,250,bags
2025-12-30,,Arabica,El Salvador,ANT,TOTAL_BAGS_CERTIFIED,4941,bags
2025-12-30,,Arabica,Honduras,ANT,TOTAL_BAGS_CERTIFIED,17624,bags
2025-12-30,,Arabica,India,ANT,TOTAL_BAGS_CERTIFIED,8003,bags
2025-12-30,,Arabica,Kenya,ANT,TOTAL_BAGS_CERTIFIED,14809,bags
2025-12-30,,Arabica,Mexico,ANT,TOTAL_BAGS_CERTIFIED,48506,bags
2025-12-30,,Arabica,Nicaragua,ANT,TOTAL_BAGS_CERTIFIED,35057,bags
2025-12-30,,Arabica,Papua New Guinea,ANT,TOTAL_BAGS_CERTIFIED,6825,bags
2025-12-30,,Arabica,Peru,ANT,TOTAL_BAGS_CERTIFIED,61986,bags
2025-12-30,,Arabica,Rwanda,ANT,TOTAL_BAGS_CERTIFIED,30743,bags
2025-12-30,,Arabica,Tanzania,ANT,TOTAL_BAGS_CERTIFIED,38827,bags
2025-12-30,,Arabica,Uganda,ANT,TOTAL_BAGS_CERTIFIED,22641,bags
2025-12-30,,Arabica,Burundi,HA/BR,TOTAL_BAGS_CERTIFIED,3134,bags
2025-12-30,,Arabica,Honduras,HA/BR,TOTAL_BAGS_CERTIFIED,9995,bags
2025-12-30,,Arabica,India,HA/BR,TOTAL_BAGS_CERTIFIED,3694,bags
2025-12-30,,Arabica,Kenya,HA/BR,TOTAL_BAGS_CERTIFIED,2832,bags
2025-12-30,,Arabica,Papua New Guinea,HA/BR,TOTAL_BAGS_CERTIFIED,10365,bags
2025-12-30,,Arabica,Peru,HA/BR,TOTAL_BAGS_CERTIFIED,1240,bags
2025-12-30,,Arabica,Tanzania,HA/BR,TOTAL_BAGS_CERTIFIED,2690,bags
2025-12-30,,Arabica,Uganda,HA/BR,TOTAL_BAGS_CERTIFIED,320,bags
2025-12-30,,Arabica,Venezuela,HA/BR,TOTAL_BAGS_CERTIFIED,250,bags
2025-12-30,,Arabica,Brazil,HOU,TOTAL_BAGS_CERTIFIED,1548,bags
2025-12-30,,Arabica,Honduras,HOU,TOTAL_BAGS_CERTIFIED,9625,bags
2025-12-30,,Arabica,Mexico,HOU,TOTAL_BAGS_CERTIFIED,856,bags
2025-12-30,,Arabica,Nicaragua,HOU,TOTAL_BAGS_CERTIFIED,275,bags
2025-12-30,,Arabica,India,MIAMI,TOTAL_BAGS_CERTIFIED,1030,bags
2025-12-30,,Arabica,Kenya,MIAMI,TOTAL_BAGS_CERTIFIED,710,bags
2025-12-30,,Arabica,Peru,MIAMI,TOTAL_BAGS_CERTIFIED,5000,bags
2025-12-30,,Arabica,Venezuela,MIAMI,TOTAL_BAGS_CERTIFIED,250,bags
2025-12-30,,Arabica,Colombia,NOLA,TOTAL_BAGS_CERTIFIED,471,bags
2025-12-30,,Arabica,Mexico,NOLA,TOTAL_BAGS_CERTIFIED,1612,bags
2025-12-30,,Arabica,Brazil,NY,TOTAL_BAGS_CERTIFIED,580,bags
2025-12-30,,Arabica,Honduras,NY,TOTAL_BAGS_CERTIFIED,537,bags
2025-12-30,,Arabica,Mexico,NY,TOTAL_BAGS_CERTIFIED,21586,bags
2025-12-30,,Arabica,Papua New Guinea,NY,TOTAL_BAGS_CERTIFIED,995,bags
2025-12-30,,Arabica,Peru,NY,TOTAL_BAGS_CERTIFIED,851,bags
2025-12-30,,Arabica,Venezuela,NY,TOTAL_BAGS_CERTIFIED,1000,bags
2025-12-30,2025-12-29,Robusta,,ANT,NON_TENDERABLE,8,lots
2025-12-30,2025-12-29,Robusta,,ANT,SUSPENDED,5,lots
2025-12-30,2025-12-29,Robusta,,ANT,VALID_CERTIFICATE,2180,lots
2025-12-30,2025-12-29,Robusta,,BAR,VALID_CERTIFICATE,27,lots
2025-12-30,2025-12-29,Robusta,,FEL,VALID_CERTIFICATE,141,lots
2025-12-30,2025-12-29,Robusta,,LON,NON_TENDERABLE,2,lots
2025-12-30,2025-12-29,Robusta,,LON,VALID_CERTIFICATE,1872,lots
2025-12-30,2025-12-29,Robusta,,NOR,SUSPENDED,2,lots
2025-12-30,2025-12-29,Robusta,,TRI,VALID_CERTIFICATE,1,lots
2025-12-31,,Arabica,Brazil,ANT,TOTAL_BAGS_CERTIFIED,79399,bags
2025-12-31,,Arabica,Burundi,ANT,TOTAL_BAGS_CERTIFIED,4645,bags
2025-12-31,,Arabica,Colombia,ANT,TOTAL_BAGS_CERTIFIED,25,bags
2025-12-31,,Arabica,Costa Rica,ANT,TOTAL_BAGS_CERTIFIED,250,bags
2025-12-31,,Arabica,El Salvador,ANT,TOTAL_BAGS_CERTIFIED,4941,bags
2025-12-31,,Arabica,Honduras,ANT,TOTAL_BAGS_CERTIFIED,17624,bags
2025-12-31,,Arabica,India,ANT,TOTAL_BAGS_CERTIFIED,8003,bags
2025-12-31,,Arabica,Kenya,ANT,TOTAL_BAGS_CERTIFIED,14809,bags
2025-12-31,,Arabica,Mexico,ANT,TOTAL_BAGS_CERTIFIED,48506,bags
2025-12-31,,Arabica,Nicaragua,ANT,TOTAL_BAGS_CERTIFIED,35057,bags
2025-12-31,,Arabica,Papua New Guinea,ANT,TOTAL_BAGS_CERTIFIED,6825,bags
2025-12-31,,Arabica,Peru,ANT,TOTAL_BAGS_CERTIFIED,61986,bags
2025-12-31,,Arabica,Rwanda,ANT,TOTAL_BAGS_CERTIFIED,29423,bags
2025-12-31,,Arabica,Tanzania,ANT,TOTAL_BAGS_CERTIFIED,38827,bags
2025-12-31,,Arabica,Uganda,ANT,TOTAL_BAGS_CERTIFIED,22641,bags
2025-12-31,,Arabica,Burundi,HA/BR,TOTAL_BAGS_CERTIFIED,3134,bags
2025-12-31,,Arabica,Honduras,HA/BR,TOTAL_BAGS_CERTIFIED,9995,bags
2025-12-31,,Arabica,India,HA/BR,TOTAL_BAGS_CERTIFIED,3694,bags
2025-12-31,,Arabica,Kenya,HA/BR,TOTAL_BAGS_CERTIFIED,2832,bags
2025-12-31,,Arabica,Papua New Guinea,HA/BR,TOTAL_BAGS_CERTIFIED,10365,bags
2025-12-31,,Arabica,Peru,HA/BR,TOTAL_BAGS_CERTIFIED,1240,bags
2025-12-31,,Arabica,Tanzania,HA/BR,TOTAL_BAGS_CERTIFIED,2690,bags
2025-12-31,,Arabica,Uganda,HA/BR,TOTAL_BAGS_CERTIFIED,320,bags
2025-12-31,,Arabica,Venezuela,HA/BR,TOTAL_BAGS_CERTIFIED,250,bags
2025-12-31,,Arabica,Brazil,HOU,TOTAL_BAGS_CERTIFIED,1548,bags
2025-12-31,,Arabica,Honduras,HOU,TOTAL_BAGS_CERTIFIED,9625,bags
2025-12-31,,Arabica,Mexico,HOU,TOTAL_BAGS_CERTIFIED,856,bags
2025-12-31,,Arabica,Nicaragua,HOU,TOTAL_BAGS_CERTIFIED,275,bags
2025-12-31,,Arabica,India,MIAMI,TOTAL_BAGS_CERTIFIED,1030,bags
2025-12-31,,Arabica,Kenya,MIAMI,TOTAL_BAGS_CERTIFIED,710,bags
2025-12-31,,Arabica,Peru,MIAMI,TOTAL_BAGS_CERTIFIED,5000,bags
2025-12-31,,Arabica,Venezuela,MIAMI,TOTAL_BAGS_CERTIFIED,250,bags
2025-12-31,,Arabica,Colombia,NOLA,TOTAL_BAGS_CERTIFIED,471,bags
2025-12-31,,Arabica,Mexico,NOLA,TOTAL_BAGS_CERTIFIED,1612,bags
2025-12-31,,Arabica,Brazil,NY,TOTAL_BAGS_CERTIFIED,580,bags
2025-12-31,,Arabica,Honduras,NY,TOTAL_BAGS_CERTIFIED,35,bags
2025-12-31,,Arabica,Mexico,NY,TOTAL_BAGS_CERTIFIED,20836,bags
2025-12-31,,Arabica,Papua New Guinea,NY,TOTAL_BAGS_CERTIFIED,995,bags
2025-12-31,,Arabica,Peru,NY,TOTAL_BAGS_CERTIFIED,851,bags
2025-12-31,,Arabica,Venezuela,NY,TOTAL_BAGS_CERTIFIED,1000,bags
2025-12-31,2025-12-30,Robusta,,ANT,NON_TENDERABLE,8,lots
2025-12-31,2025-12-30,Robusta,,ANT,SUSPENDED,5,lots
2025-12-31,2025-12-30,Robusta,,ANT,VALID_CERTIFICATE,2180,lots
2025-12-31,2025-12-30,Robusta,,BAR,VALID_CERTIFICATE,27,lots
2025-12-31,2025-12-30,Robusta,,FEL,VALID_CERTIFICATE,141,lots
2025-12-31,2025-12-30,Robusta,,LON,NON_TENDERABLE,2,lots
2025-12-31,2025-12-30,Robusta,,LON,VALID_CERTIFICATE,1872,lots
2025-12-31,2025-12-30,Robusta,,NOR,SUSPENDED,2,lots
2025-12-31,2025-12-30,Robusta,,TRI,VALID_CERTIFICATE,1,lots
2026-01-02,,Arabica,Brazil,ANT,TOTAL_BAGS_CERTIFIED,79399,bags
2026-01-02,,Arabica,Burundi,ANT,TOTAL_BAGS_CERTIFIED,4645,bags
2026-01-02,,Arabica,Colombia,ANT,TOTAL_BAGS_CERTIFIED,25,bags
2026-01-02,,Arabica,Costa Rica,ANT,TOTAL_BAGS_CERTIFIED,250,bags
2026-01-02,,Arabica,El Salvador,ANT,TOTAL_BAGS_CERTIFIED,4941,bags
2026-01-02,,Arabica,Honduras,ANT,TOTAL_BAGS_CERTIFIED,17624,bags
2026-01-02,,Arabica,India,ANT,TOTAL_BAGS_CERTIFIED,8003,bags
2026-01-02,,Arabica,Kenya,ANT,TOTAL_BAGS_CERTIFIED,14809,bags
2026-01-02,,Arabica,Mexico,ANT,TOTAL_BAGS_CERTIFIED,48506,bags
2026-01-02,,Arabica,Nicaragua,ANT,TOTAL_BAGS_CERTIFIED,35057,bags
2026-01-02,,Arabica,Papua New Guinea,ANT,TOTAL_BAGS_CERTIFIED,6825,bags
2026-01-02,,Arabica,Peru,ANT,TOTAL_BAGS_CERTIFIED,61986,bags
2026-01-02,,Arabica,Rwanda,ANT,TOTAL_BAGS_CERTIFIED,29423,bags
2026-01-02,,Arabica,Tanzania,ANT,TOTAL_BAGS_CERTIFIED,38827,bags
2026-01-02,,Arabica,Uganda,ANT,TOTAL_BAGS_CERTIFIED,22641,bags
2026-01-02,,Arabica,Burundi,HA/BR,TOTAL_BAGS_CERTIFIED,3134,bags
2026-01-02,,Arabica,Honduras,HA/BR,TOTAL_BAGS_CERTIFIED,9995,bags
2026-01-02,,Arabica,India,HA/BR,TOTAL_BAGS_CERTIFIED,3694,bags
2026-01-02,,Arabica,Kenya,HA/BR,TOTAL_BAGS_CERTIFIED,2832,bags
2026-01-02,,Arabica,Papua New Guinea,HA/BR,TOTAL_BAGS_CERTIFIED,10365,bags
2026-01-02,,Arabica,Peru,HA/BR,TOTAL_BAGS_CERTIFIED,1240,bags
2026-01-02,,Arabica,Tanzania,HA/BR,TOTAL_BAGS_CERTIFIED,2690,bags
2026-01-02,,Arabica,Uganda,HA/BR,TOTAL_BAGS_CERTIFIED,320,bags
2026-01-02,,Arabica,Venezuela,HA/BR,TOTAL_BAGS_CERTIFIED,250,bags
2026-01-02,,Arabica,Brazil,HOU,TOTAL_BAGS_CERTIFIED,1548,bags
2026-01-02,,Arabica,Honduras,HOU,TOTAL_BAGS_CERTIFIED,9376,bags
2026-01-02,,Arabica,Mexico,HOU,TOTAL_BAGS_CERTIFIED,856,bags
2026-01-02,,Arabica,Nicaragua,HOU,TOTAL_BAGS_CERTIFIED,275,bags
2026-01-02,,Arabica,India,MIAMI,TOTAL_BAGS_CERTIFIED,1030,bags
2026-01-02,,Arabica,Kenya,MIAMI,TOTAL_BAGS_CERTIFIED,710,bags
2026-01-02,,Arabica,Peru,MIAMI,TOTAL_BAGS_CERTIFIED,5000,bags
2026-01-02,,Arabica,Venezuela,MIAMI,TOTAL_BAGS_CERTIFIED,250,bags
2026-01-02,,Arabica,Colombia,NOLA,TOTAL_BAGS_CERTIFIED,471,bags
2026-01-02,,Arabica,Mexico,NOLA,TOTAL_BAGS_CERTIFIED,1612,bags
2026-01-02,,Arabica,Brazil,NY,TOTAL_BAGS_CERTIFIED,580,bags
2026-01-02,,Arabica,Honduras,NY,TOTAL_BAGS_CERTIFIED,35,bags
2026-01-02,,Arabica,Mexico,NY,TOTAL_BAGS_CERTIFIED,20836,bags
2026-01-02,,Arabica,Papua New Guinea,NY,TOTAL_BAGS_CERTIFIED,995,bags
2026-01-02,,Arabica,Peru,NY,TOTAL_BAGS_CERTIFIED,851,bags
2026-01-02,,Arabica,Venezuela,NY,TOTAL_BAGS_CERTIFIED,1000,bags
2026-01-02,2026-01-01,Robusta,,ANT,NON_TENDERABLE,8,lots
2026-01-02,2026-01-01,Robusta,,ANT,SUSPENDED,5,lots
2026-01-02,2026-01-01,Robusta,,ANT,VALID_CERTIFICATE,2179,lots
2026-01-02,2026-01-01,Robusta,,BAR,VALID_CERTIFICATE,27,lots
2026-01-02,2026-01-01,Robusta,,FEL,VALID_CERTIFICATE,141,lots
2026-01-02,2026-01-01,Robusta,,LON,NON_TENDERABLE,2,lots
2026-01-02,2026-01-01,Robusta,,LON,VALID_CERTIFICATE,1862,lots
2026-01-02,2026-01-01,Robusta,,NOR,SUSPENDED,2,lots
2026-01-02,2026-01-01,Robusta,,TRI,VALID_CERTIFICATE,1,lots
2026-01-05,,Arabica,Brazil,ANT,TOTAL_BAGS_CERTIFIED,79399,bags
2026-01-05,,Arabica,Burundi,ANT,TOTAL_BAGS_CERTIFIED,4645,bags
2026-01-05,,Arabica,Colombia,ANT,TOTAL_BAGS_CERTIFIED,25,bags
2026-01-05,,Arabica,Costa Rica,ANT,TOTAL_BAGS_CERTIFIED,250,bags
2026-01-05,,Arabica,El Salvador,ANT,TOTAL_BAGS_CERTIFIED,4941,bags
2026-01-05,,Arabica,Honduras,ANT,TOTAL_BAGS_CERTIFIED,17624,bags
2026-01-05,,Arabica,India,ANT,TOTAL_BAGS_CERTIFIED,8003,bags
2026-01-05,,Arabica,Kenya,ANT,TOTAL_BAGS_CERTIFIED,14809,bags
2026-01-05,,Arabica,Mexico,ANT,TOTAL_BAGS_CERTIFIED,48506,bags
2026-01-05,,Arabica,Nicaragua,ANT,TOTAL_BAGS_CERTIFIED,35057,bags
2026-01-05,,Arabica,Papua New Guinea,ANT,TOTAL_BAGS_CERTIFIED,6825,bags
2026-01-05,,Arabica,Peru,ANT,TOTAL_BAGS_CERTIFIED,61986,bags
2026-01-05,,Arabica,Rwanda,ANT,TOTAL_BAGS_CERTIFIED,29423,bags
2026-01-05,,Arabica,Tanzania,ANT,TOTAL_BAGS_CERTIFIED,38827,bags
2026-01-05,,Arabica,Uganda,ANT,TOTAL_BAGS_CERTIFIED,22641,bags
2026-01-05,,Arabica,Burundi,HA/BR,TOTAL_BAGS_CERTIFIED,3134,bags
2026-01-05,,Arabica,Honduras,HA/BR,TOTAL_BAGS_CERTIFIED,9995,bags
2026-01-05,,Arabica,India,HA/BR,TOTAL_BAGS_CERTIFIED,3694,bags
2026-01-05,,Arabica,Kenya,HA/BR,TOTAL_BAGS_CERTIFIED,2832,bags
2026-01-05,,Arabica,Papua New Guinea,HA/BR,TOTAL_BAGS_CERTIFIED,10365,bags
2026-01-05,,Arabica,Peru,HA/BR,TOTAL_BAGS_CERTIFIED,1240,bags
2026-01-05,,Arabica,Tanzania,HA/BR,TOTAL_BAGS_CERTIFIED,2690,bags
2026-01-05,,Arabica,Uganda,HA/BR,TOTAL_BAGS_CERTIFIED,320,bags
2026-01-05,,Arabica,Venezuela,HA/BR,TOTAL_BAGS_CERTIFIED,250,bags
2026-01-05,,Arabica,Brazil,HOU,TOTAL_BAGS_CERTIFIED,1548,bags
2026-01-05,,Arabica,Honduras,HOU,TOTAL_BAGS_CERTIFIED,9376,bags
2026-01-05,,Arabica,Mexico,HOU,TOTAL_BAGS_CERTIFIED,856,bags
2026-01-05,,Arabica,Nicaragua,HOU,TOTAL_BAGS_CERTIFIED,275,bags
2026-01-05,,Arabica,India,MIAMI,TOTAL_BAGS_CERTIFIED,1030,bags
2026-01-05,,Arabica,Kenya,MIAMI,TOTAL_BAGS_CERTIFIED,710,bags
2026-01-05,,Arabica,Peru,MIAMI,TOTAL_BAGS_CERTIFIED,5000,bags
2026-01-05,,Arabica,Venezuela,MIAMI,TOTAL_BAGS_CERTIFIED,250,bags
2026-01-05,,Arabica,Colombia,NOLA,TOTAL_BAGS_CERTIFIED,471,bags
2026-01-05,,Arabica,Mexico,NOLA,TOTAL_BAGS_CERTIFIED,1612,bags
2026-01-05,,Arabica,Brazil,NY,TOTAL_BAGS_CERTIFIED,580,bags
2026-01-05,,Arabica,Honduras,NY,TOTAL_BAGS_CERTIFIED,35,bags
2026-01-05,,Arabica,Mexico,NY,TOTAL_BAGS_CERTIFIED,20836,bags
2026-01-05,,Arabica,Papua New Guinea,NY,TOTAL_BAGS_CERTIFIED,995,bags
2026-01-05,,Arabica,Peru,NY,TOTAL_BAGS_CERTIFIED,851,bags
2026-01-05,,Arabica,Venezuela,NY,TOTAL_BAGS_CERTIFIED,1000,bags
2026-01-05,2026-01-04,Robusta,,ANT,NON_TENDERABLE,8,lots
2026-01-05,2026-01-04,Robusta,,ANT,VALID_CERTIFICATE,2133,lots
2026-01-05,2026-01-04,Robusta,,BAR,VALID_CERTIFICATE,27,lots
2026-01-05,2026-01-04,Robusta,,FEL,VALID_CERTIFICATE,141,lots
2026-01-05,2026-01-04,Robusta,,LON,NON_TENDERABLE,2,lots
2026-01-05,2026-01-04,Robusta,,LON,VALID_CERTIFICATE,1862,lots
2026-01-05,2026-01-04,Robusta,,NOR,SUSPENDED,2,lots
2026-01-05,2026-01-04,Robusta,,TRI,VALID_CERTIFICATE,1,lots
2026-01-06,,Arabica,Brazil,ANT,TOTAL_BAGS_CERTIFIED,82944,bags
2026-01-06,,Arabica,Burundi,ANT,TOTAL_BAGS_CERTIFIED,4645,bags
2026-01-06,,Arabica,Colombia,ANT,TOTAL_BAGS_CERTIFIED,25,bags
2026-01-06,,Arabica,Costa Rica,ANT,TOTAL_BAGS_CERTIFIED,250,bags
2026-01-06,,Arabica,El Salvador,ANT,TOTAL_BAGS_CERTIFIED,4941,bags
2026-01-06,,Arabica,Honduras,ANT,TOTAL_BAGS_CERTIFIED,17624,bags
2026-01-06,,Arabica,India,ANT,TOTAL_BAGS_CERTIFIED,8003,bags
2026-01-06,,Arabica,Kenya,ANT,TOTAL_BAGS_CERTIFIED,14809,bags
2026-01-06,,Arabica,Mexico,ANT,TOTAL_BAGS_CERTIFIED,48506,bags
2026-01-06,,Arabica,Nicaragua,ANT,TOTAL_BAGS_CERTIFIED,35057,bags
2026-01-06,,Arabica,Papua New Guinea,ANT,TOTAL_BAGS_CERTIFIED,6825,bags
2026-01-06,,Arabica,Peru,ANT,TOTAL_BAGS_CERTIFIED,61986,bags
2026-01-06,,Arabica,Rwanda,ANT,TOTAL_BAGS_CERTIFIED,29423,bags
2026-01-06,,Arabica,Tanzania,ANT,TOTAL_BAGS_CERTIFIED,38827,bags
2026-01-06,,Arabica,Uganda,ANT,TOTAL_BAGS_CERTIFIED,22971,bags
2026-01-06,,Arabica,Burundi,HA/BR,TOTAL_BAGS_CERTIFIED,3134,bags
2026-01-06,,Arabica,Honduras,HA/BR,TOTAL_BAGS_CERTIFIED,9995,bags
2026-01-06,,Arabica,India,HA/BR,TOTAL_BAGS_CERTIFIED,3694,bags
2026-01-06,,Arabica,Kenya,HA/BR,TOTAL_BAGS_CERTIFIED,2832,bags
2026-01-06,,Arabica,Papua New Guinea,HA/BR,TOTAL_BAGS_CERTIFIED,10365,bags
2026-01-06,,Arabica,Peru,HA/BR,TOTAL_BAGS_CERTIFIED,1240,bags
2026-01-06,,Arabica,Tanzania,HA/BR,TOTAL_BAGS_CERTIFIED,2690,bags
2026-01-06,,Arabica,Uganda,HA/BR,TOTAL_BAGS_CERTIFIED,320,bags
2026-01-06,,Arabica,Venezuela,HA/BR,TOTAL_BAGS_CERTIFIED,750,bags
2026-01-06,,Arabica,Brazil,HOU,TOTAL_BAGS_CERTIFIED,1548,bags
2026-01-06,,Arabica,Honduras,HOU,TOTAL_BAGS_CERTIFIED,9376,bags
2026-01-06,,Arabica,Mexico,HOU,TOTAL_BAGS_CERTIFIED,856,bags
2026-01-06,,Arabica,Nicaragua,HOU,TOTAL_BAGS_CERTIFIED,275,bags
2026-01-06,,Arabica,India,MIAMI,TOTAL_BAGS_CERTIFIED,1030,bags
2026-01-06,,Arabica,Kenya,MIAMI,TOTAL_BAGS_CERTIFIED,710,bags
2026-01-06,,Arabica,Peru,MIAMI,TOTAL_BAGS_CERTIFIED,5000,bags
2026-01-06,,Arabica,Venezuela,MIAMI,TOTAL_BAGS_CERTIFIED,250,bags
2026-01-06,,Arabica,Colombia,NOLA,TOTAL_BAGS_CERTIFIED,471,bags
2026-01-06,,Arabica,Mexico,NOLA,TOTAL_BAGS_CERTIFIED,1612,bags
2026-01-06,,Arabica,Brazil,NY,TOTAL_BAGS_CERTIFIED,580,bags
2026-01-06,,Arabica,Honduras,NY,TOTAL_BAGS_CERTIFIED,35,bags
2026-01-06,,Arabica,Mexico,NY,TOTAL_BAGS_CERTIFIED,20586,bags
2026-01-06,,Arabica,Papua New Guinea,NY,TOTAL_BAGS_CERTIFIED,995,bags
2026-01-06,,Arabica,Peru,NY,TOTAL_BAGS_CERTIFIED,851,bags
2026-01-06,,Arabica,Venezuela,NY,TOTAL_BAGS_CERTIFIED,1000,bags
2026-01-06,2026-01-05,Robusta,,ANT,NON_TENDERABLE,8,lots
2026-01-06,2026-01-05,Robusta,,ANT,VALID_CERTIFICATE,2121,lots
2026-01-06,2026-01-05,Robusta,,BAR,VALID_CERTIFICATE,27,lots
2026-01-06,2026-01-05,Robusta,,FEL,VALID_CERTIFICATE,141,lots
2026-01-06,2026-01-05,Robusta,,LON,NON_TENDERABLE,2,lots
2026-01-06,2026-01-05,Robusta,,LON,VALID_CERTIFICATE,1862,lots
2026-01-06,2026-01-05,Robusta,,NOR,SUSPENDED,2,lots
2026-01-06,2026-01-05,Robusta,,TRI,VALID_CERTIFICATE,1,lots
2026-01-07,,Arabica,Brazil,ANT,TOTAL_BAGS_CERTIFIED,87796,bags
2026-01-07,,Arabica,Burundi,ANT,TOTAL_BAGS_CERTIFIED,4442,bags
2026-01-07,,Arabica,Colombia,ANT,TOTAL_BAGS_CERTIFIED,25,bags
2026-01-07,,Arabica,Costa Rica,ANT,TOTAL_BAGS_CERTIFIED,250,bags
2026-01-07,,Arabica,El Salvador,ANT,TOTAL_BAGS_CERTIFIED,4941,bags
2026-01-07,,Arabica,Honduras,ANT,TOTAL_BAGS_CERTIFIED,17624,bags
2026-01-07,,Arabica,India,ANT,TOTAL_BAGS_CERTIFIED,8003,bags
2026-01-07,,Arabica,Kenya,ANT,TOTAL_BAGS_CERTIFIED,14809,bags
2026-01-07,,Arabica,Mexico,ANT,TOTAL_BAGS_CERTIFIED,48506,bags
2026-01-07,,Arabica,Nicaragua,ANT,TOTAL_BAGS_CERTIFIED,34706,bags
2026-01-07,,Arabica,Papua New Guinea,ANT,TOTAL_BAGS_CERTIFIED,6825,bags
2026-01-07,,Arabica,Peru,ANT,TOTAL_BAGS_CERTIFIED,61986,bags
2026-01-07,,Arabica,Rwanda,ANT,TOTAL_BAGS_CERTIFIED,29423,bags
2026-01-07,,Arabica,Tanzania,ANT,TOTAL_BAGS_CERTIFIED,38827,bags
2026-01-07,,Arabica,Uganda,ANT,TOTAL_BAGS_CERTIFIED,22971,bags
2026-01-07,,Arabica,Burundi,HA/BR,TOTAL_BAGS_CERTIFIED,3134,bags
2026-01-07,,Arabica,Honduras,HA/BR,TOTAL_BAGS_CERTIFIED,9995,bags
2026-01-07,,Arabica,India,HA/BR,TOTAL_BAGS_CERTIFIED,3694,bags
2026-01-07,,Arabica,Kenya,HA/BR,TOTAL_BAGS_CERTIFIED,2832,bags
2026-01-07,,Arabica,Papua New Guinea,HA/BR,TOTAL_BAGS_CERTIFIED,10365,bags
2026-01-07,,Arabica,Peru,HA/BR,TOTAL_BAGS_CERTIFIED,1240,bags
2026-01-07,,Arabica,Tanzania,HA/BR,TOTAL_BAGS_CERTIFIED,2690,bags
2026-01-07,,Arabica,Uganda,HA/BR,TOTAL_BAGS_CERTIFIED,320,bags
2026-01-07,,Arabica,Venezuela,HA/BR,TOTAL_BAGS_CERTIFIED,1000,bags
2026-01-07,,Arabica,Brazil,HOU,TOTAL_BAGS_CERTIFIED,1548,bags
2026-01-07,,Arabica,Honduras,HOU,TOTAL_BAGS_CERTIFIED,9376,bags
2026-01-07,,Arabica,Mexico,HOU,TOTAL_BAGS_CERTIFIED,856,bags
2026-01-07,,Arabica,Nicaragua,HOU,TOTAL_BAGS_CERTIFIED,275,bags
2026-01-07,,Arabica,India,MIAMI,TOTAL_BAGS_CERTIFIED,1030,bags
2026-01-07,,Arabica,Kenya,MIAMI,TOTAL_BAGS_CERTIFIED,710,bags
2026-01-07,,Arabica,Peru,MIAMI,TOTAL_BAGS_CERTIFIED,5250,bags
2026-01-07,,Arabica,Venezuela,MIAMI,TOTAL_BAGS_CERTIFIED,250,bags
2026-01-07,,Arabica,Colombia,NOLA,TOTAL_BAGS_CERTIFIED,471,bags
2026-01-07,,Arabica,Mexico,NOLA,TOTAL_BAGS_CERTIFIED,1612,bags
2026-01-07,,Arabica,Brazil,NY,TOTAL_BAGS_CERTIFIED,580,bags
2026-01-07,,Arabica,Honduras,NY,TOTAL_BAGS_CERTIFIED,35,bags
2026-01-07,,Arabica,Mexico,NY,TOTAL_BAGS_CERTIFIED,20586,bags
2026-01-07,,Arabica,Papua New Guinea,NY,TOTAL_BAGS_CERTIFIED,995,bags
2026-01-07,,Arabica,Peru,NY,TOTAL_BAGS_CERTIFIED,851,bags
2026-01-07,,Arabica,Venezuela,NY,TOTAL_BAGS_CERTIFIED,1000,bags
2026-01-07,2026-01-06,Robusta,,ANT,NON_TENDERABLE,8,lots
2026-01-07,2026-01-06,Robusta,,ANT,VALID_CERTIFICATE,2105,lots
2026-01-07,2026-01-06,Robusta,,BAR,VALID_CERTIFICATE,27,lots
2026-01-07,2026-01-06,Robusta,,FEL,VALID_CERTIFICATE,141,lots
2026-01-07,2026-01-06,Robusta,,LON,NON_TENDERABLE,2,lots
2026-01-07,2026-01-06,Robusta,,LON,VALID_CERTIFICATE,1862,lots
2026-01-07,2026-01-06,Robusta,,NOR,SUSPENDED,2,lots
2026-01-07,2026-01-06,Robusta,,TRI,VALID_CERTIFICATE,1,lots
2026-01-08,,Arabica,Brazil,ANT,TOTAL_BAGS_CERTIFIED,87436,bags
2026-01-08,,Arabica,Burundi,ANT,TOTAL_BAGS_CERTIFIED,4442,bags
2026-01-08,,Arabica,Colombia,ANT,TOTAL_BAGS_CERTIFIED,25,bags
2026-01-08,,Arabica,Costa Rica,ANT,TOTAL_BAGS_CERTIFIED,250,bags
2026-01-08,,Arabica,El Salvador,ANT,TOTAL_BAGS_CERTIFIED,4941,bags
2026-01-08,,Arabica,Honduras,ANT,TOTAL_BAGS_CERTIFIED,17624,bags
2026-01-08,,Arabica,India,ANT,TOTAL_BAGS_CERTIFIED,8003,bags
2026-01-08,,Arabica,Kenya,ANT,TOTAL_BAGS_CERTIFIED,14809,bags
2026-01-08,,Arabica,Mexico,ANT,TOTAL_BAGS_CERTIFIED,48506,bags
2026-01-08,,Arabica,Nicaragua,ANT,TOTAL_BAGS_CERTIFIED,34706,bags
2026-01-08,,Arabica,Papua New Guinea,ANT,TOTAL_BAGS_CERTIFIED,6825,bags
2026-01-08,,Arabica,Peru,ANT,TOTAL_BAGS_CERTIFIED,61986,bags
2026-01-08,,Arabica,Rwanda,ANT,TOTAL_BAGS_CERTIFIED,29423,bags
2026-01-08,,Arabica,Tanzania,ANT,TOTAL_BAGS_CERTIFIED,38827,bags
2026-01-08,,Arabica,Uganda,ANT,TOTAL_BAGS_CERTIFIED,22971,bags
2026-01-08,,Arabica,Burundi,HA/BR,TOTAL_BAGS_CERTIFIED,3134,bags
2026-01-08,,Arabica,Honduras,HA/BR,TOTAL_BAGS_CERTIFIED,9995,bags
2026-01-08,,Arabica,India,HA/BR,TOTAL_BAGS_CERTIFIED,3694,bags
2026-01-08,,Arabica,Kenya,HA/BR,TOTAL_BAGS_CERTIFIED,2832,bags
2026-01-08,,Arabica,Papua New Guinea,HA/BR,TOTAL_BAGS_CERTIFIED,10365,bags
2026-01-08,,Arabica,Peru,HA/BR,TOTAL_BAGS_CERTIFIED,1240,bags
2026-01-08,,Arabica,Tanzania,HA/BR,TOTAL_BAGS_CERTIFIED,2690,bags
2026-01-08,,Arabica,Uganda,HA/BR,TOTAL_BAGS_CERTIFIED,320,bags
2026-01-08,,Arabica,Venezuela,HA/BR,TOTAL_BAGS_CERTIFIED,1000,bags
2026-01-08,,Arabica,Brazil,HOU,TOTAL_BAGS_CERTIFIED,1548,bags
2026-01-08,,Arabica,Honduras,HOU,TOTAL_BAGS_CERTIFIED,9376,bags
2026-01-08,,Arabica,Mexico,HOU,TOTAL_BAGS_CERTIFIED,856,bags
2026-01-08,,Arabica,Nicaragua,HOU,TOTAL_BAGS_CERTIFIED,275,bags
2026-01-08,,Arabica,India,MIAMI,TOTAL_BAGS_CERTIFIED,1030,bags
2026-01-08,,Arabica,Kenya,MIAMI,TOTAL_BAGS_CERTIFIED,710,bags
2026-01-08,,Arabica,Peru,MIAMI,TOTAL_BAGS_CERTIFIED,5250,bags
2026-01-08,,Arabica,Venezuela,MIAMI,TOTAL_BAGS_CERTIFIED,250,bags
2026-01-08,,Arabica,Colombia,NOLA,TOTAL_BAGS_CERTIFIED,471,bags
2026-01-08,,Arabica,Mexico,NOLA,TOTAL_BAGS_CERTIFIED,1612,bags
2026-01-08,,Arabica,Brazil,NY,TOTAL_BAGS_CERTIFIED,580,bags
2026-01-08,,Arabica,Honduras,NY,TOTAL_BAGS_CERTIFIED,35,bags
2026-01-08,,Arabica,Mexico,NY,TOTAL_BAGS_CERTIFIED,20586,bags
2026-01-08,,Arabica,Papua New Guinea,NY,TOTAL_BAGS_CERTIFIED,995,bags
2026-01-08,,Arabica,Peru,NY,TOTAL_BAGS_CERTIFIED,851,bags
2026-01-08,,Arabica,Venezuela,NY,TOTAL_BAGS_CERTIFIED,1000,bags
2026-01-08,2026-01-07,Robusta,,ANT,NON_TENDERABLE,8,lots
2026-01-08,2026-01-07,Robusta,,ANT,VALID_CERTIFICATE,2105,lots
2026-01-08,2026-01-07,Robusta,,BAR,VALID_CERTIFICATE,27,lots
2026-01-08,2026-01-07,Robusta,,FEL,VALID_CERTIFICATE,141,lots
2026-01-08,2026-01-07,Robusta,,LON,NON_TENDERABLE,2,lots
2026-01-08,2026-01-07,Robusta,,LON,VALID_CERTIFICATE,1862,lots
2026-01-08,2026-01-07,Robusta,,NOR,SUSPENDED,2,lots
2026-01-08,2026-01-07,Robusta,,TRI,VALID_CERTIFICATE,1,lots
2026-01-09,,Arabica,Brazil,ANT,TOTAL_BAGS_CERTIFIED,87436,bags
2026-01-09,,Arabica,Burundi,ANT,TOTAL_BAGS_CERTIFIED,4442,bags
2026-01-09,,Arabica,Colombia,ANT,TOTAL_BAGS_CERTIFIED,25,bags
2026-01-09,,Arabica,Costa Rica,ANT,TOTAL_BAGS_CERTIFIED,250,bags
2026-01-09,,Arabica,El Salvador,ANT,TOTAL_BAGS_CERTIFIED,4941,bags
2026-01-09,,Arabica,Honduras,ANT,TOTAL_BAGS_CERTIFIED,17624,bags
2026-01-09,,Arabica,India,ANT,TOTAL_BAGS_CERTIFIED,8003,bags
2026-01-09,,Arabica,Kenya,ANT,TOTAL_BAGS_CERTIFIED,14674,bags
2026-01-09,,Arabica,Mexico,ANT,TOTAL_BAGS_CERTIFIED,48506,bags
2026-01-09,,Arabica,Nicaragua,ANT,TOTAL_BAGS_CERTIFIED,34706,bags
2026-01-09,,Arabica,Papua New Guinea,ANT,TOTAL_BAGS_CERTIFIED,6825,bags
2026-01-09,,Arabica,Peru,ANT,TOTAL_BAGS_CERTIFIED,61986,bags
2026-01-09,,Arabica,Rwanda,ANT,TOTAL_BAGS_CERTIFIED,29423,bags
2026-01-09,,Arabica,Tanzania,ANT,TOTAL_BAGS_CERTIFIED,38827,bags
2026-01-09,,Arabica,Uganda,ANT,TOTAL_BAGS_CERTIFIED,22971,bags
2026-01-09,,Arabica,Burundi,HA/BR,TOTAL_BAGS_CERTIFIED,3134,bags
2026-01-09,,Arabica,Honduras,HA/BR,TOTAL_BAGS_CERTIFIED,9995,bags
2026-01-09,,Arabica,India,HA/BR,TOTAL_BAGS_CERTIFIED,3694,bags
2026-01-09,,Arabica,Kenya,HA/BR,TOTAL_BAGS_CERTIFIED,2832,bags
2026-01-09,,Arabica,Papua New Guinea,HA/BR,TOTAL_BAGS_CERTIFIED,10365,bags
2026-01-09,,Arabica,Peru,HA/BR,TOTAL_BAGS_CERTIFIED,1240,bags
2026-01-09,,Arabica,Tanzania,HA/BR,TOTAL_BAGS_CERTIFIED,2690,bags
2026-01-09,,Arabica,Uganda,HA/BR,TOTAL_BAGS_CERTIFIED,320,bags
2026-01-09,,Arabica,Venezuela,HA/BR,TOTAL_BAGS_CERTIFIED,1000,bags
2026-01-09,,Arabica,Brazil,HOU,TOTAL_BAGS_CERTIFIED,1548,bags
2026-01-09,,Arabica,Honduras,HOU,TOTAL_BAGS_CERTIFIED,9376,bags
2026-01-09,,Arabica,Mexico,HOU,TOTAL_BAGS_CERTIFIED,856,bags
2026-01-09,,Arabica,Nicaragua,HOU,TOTAL_BAGS_CERTIFIED,275,bags
2026-01-09,,Arabica,India,MIAMI,TOTAL_BAGS_CERTIFIED,1030,bags
2026-01-09,,Arabica,Kenya,MIAMI,TOTAL_BAGS_CERTIFIED,710,bags
2026-01-09,,Arabica,Peru,MIAMI,TOTAL_BAGS_CERTIFIED,5250,bags
2026-01-09,,Arabica,Venezuela,MIAMI,TOTAL_BAGS_CERTIFIED,250,bags
2026-01-09,,Arabica,Colombia,NOLA,TOTAL_BAGS_CERTIFIED,471,bags
2026-01-09,,Arabica,Mexico,NOLA,TOTAL_BAGS_CERTIFIED,1612,bags
2026-01-09,,Arabica,Brazil,NY,TOTAL_BAGS_CERTIFIED,580,bags
2026-01-09,,Arabica,Honduras,NY,TOTAL_BAGS_CERTIFIED,35,bags
2026-01-09,,Arabica,Mexico,NY,TOTAL_BAGS_CERTIFIED,20586,bags
2026-01-09,,Arabica,Papua New Guinea,NY,TOTAL_BAGS_CERTIFIED,995,bags
2026-01-09,,Arabica,Peru,NY,TOTAL_BAGS_CERTIFIED,851,bags
2026-01-09,,Arabica,Venezuela,NY,TOTAL_BAGS_CERTIFIED,1000,bags
2026-01-09,2026-01-08,Robusta,,ANT,NON_TENDERABLE,8,lots
2026-01-09,2026-01-08,Robusta,,ANT,VALID_CERTIFICATE,2101,lots
2026-01-09,2026-01-08,Robusta,,BAR,VALID_CERTIFICATE,27,lots
2026-01-09,2026-01-08,Robusta,,FEL,VALID_CERTIFICATE,141,lots
2026-01-09,2026-01-08,Robusta,,LON,NON_TENDERABLE,2,lots
2026-01-09,2026-01-08,Robusta,,LON,VALID_CERTIFICATE,1862,lots
2026-01-09,2026-01-08,Robusta,,NOR,SUSPENDED,2,lots
2026-01-09,2026-01-08,Robusta,,TRI,VALID_CERTIFICATE,1,lots
2026-01-12,,Arabica,Brazil,ANT,TOTAL_BAGS_CERTIFIED,87436,bags
2026-01-12,,Arabica,Burundi,ANT,TOTAL_BAGS_CERTIFIED,4442,bags
2026-01-12,,Arabica,Colombia,ANT,TOTAL_BAGS_CERTIFIED,25,bags
2026-01-12,,Arabica,Costa Rica,ANT,TOTAL_BAGS_CERTIFIED,250,bags
2026-01-12,,Arabica,El Salvador,ANT,TOTAL_BAGS_CERTIFIED,4941,bags
2026-01-12,,Arabica,Honduras,ANT,TOTAL_BAGS_CERTIFIED,17624,bags
2026-01-12,,Arabica,India,ANT,TOTAL_BAGS_CERTIFIED,7718,bags
2026-01-12,,Arabica,Kenya,ANT,TOTAL_BAGS_CERTIFIED,14674,bags
2026-01-12,,Arabica,Mexico,ANT,TOTAL_BAGS_CERTIFIED,48009,bags
2026-01-12,,Arabica,Nicaragua,ANT,TOTAL_BAGS_CERTIFIED,31978,bags
2026-01-12,,Arabica,Papua New Guinea,ANT,TOTAL_BAGS_CERTIFIED,6825,bags
2026-01-12,,Arabica,Peru,ANT,TOTAL_BAGS_CERTIFIED,59253,bags
2026-01-12,,Arabica,Rwanda,ANT,TOTAL_BAGS_CERTIFIED,27773,bags
2026-01-12,,Arabica,Tanzania,ANT,TOTAL_BAGS_CERTIFIED,37690,bags
2026-01-12,,Arabica,Uganda,ANT,TOTAL_BAGS_CERTIFIED,20986,bags
2026-01-12,,Arabica,Burundi,HA/BR,TOTAL_BAGS_CERTIFIED,3134,bags
2026-01-12,,Arabica,Honduras,HA/BR,TOTAL_BAGS_CERTIFIED,9995,bags
2026-01-12,,Arabica,India,HA/BR,TOTAL_BAGS_CERTIFIED,3694,bags
2026-01-12,,Arabica,Kenya,HA/BR,TOTAL_BAGS_CERTIFIED,2832,bags
2026-01-12,,Arabica,Papua New Guinea,HA/BR,TOTAL_BAGS_CERTIFIED,10365,bags
2026-01-12,,Arabica,Peru,HA/BR,TOTAL_BAGS_CERTIFIED,1240,bags
2026-01-12,,Arabica,Tanzania,HA/BR,TOTAL_BAGS_CERTIFIED,2690,bags
2026-01-12,,Arabica,Uganda,HA/BR,TOTAL_BAGS_CERTIFIED,320,bags
2026-01-12,,Arabica,Venezuela,HA/BR,TOTAL_BAGS_CERTIFIED,1000,bags
2026-01-12,,Arabica,Brazil,HOU,TOTAL_BAGS_CERTIFIED,1548,bags
2026-01-12,,Arabica,Honduras,HOU,TOTAL_BAGS_CERTIFIED,9376,bags
2026-01-12,,Arabica,Mexico,HOU,TOTAL_BAGS_CERTIFIED,856,bags
2026-01-12,,Arabica,Nicaragua,HOU,TOTAL_BAGS_CERTIFIED,275,bags
2026-01-12,,Arabica,India,MIAMI,TOTAL_BAGS_CERTIFIED,1030,bags
2026-01-12,,Arabica,Kenya,MIAMI,TOTAL_BAGS_CERTIFIED,710,bags
2026-01-12,,Arabica,Peru,MIAMI,TOTAL_BAGS_CERTIFIED,5250,bags
2026-01-12,,Arabica,Venezuela,MIAMI,TOTAL_BAGS_CERTIFIED,250,bags
2026-01-12,,Arabica,Colombia,NOLA,TOTAL_BAGS_CERTIFIED,471,bags
2026-01-12,,Arabica,Mexico,NOLA,TOTAL_BAGS_CERTIFIED,1612,bags
2026-01-12,,Arabica,Brazil,NY,TOTAL_BAGS_CERTIFIED,580,bags
2026-01-12,,Arabica,Honduras,NY,TOTAL_BAGS_CERTIFIED,35,bags
2026-01-12,,Arabica,Mexico,NY,TOTAL_BAGS_CERTIFIED,20586,bags
2026-01-12,,Arabica,Papua New Guinea,NY,TOTAL_BAGS_CERTIFIED,995,bags
2026-01-12,,Arabica,Peru,NY,TOTAL_BAGS_CERTIFIED,851,bags
2026-01-12,,Arabica,Venezuela,NY,TOTAL_BAGS_CERTIFIED,1000,bags
2026-01-12,2026-01-11,Robusta,,ANT,NON_TENDERABLE,8,lots
2026-01-12,2026-01-11,Robusta,,ANT,VALID_CERTIFICATE,2119,lots
2026-01-12,2026-01-11,Robusta,,BAR,VALID_CERTIFICATE,27,lots
2026-01-12,2026-01-11,Robusta,,FEL,VALID_CERTIFICATE,141,lots
2026-01-12,2026-01-11,Robusta,,LON,NON_TENDERABLE,2,lots
2026-01-12,2026-01-11,Robusta,,LON,VALID_CERTIFICATE,1861,lots
2026-01-12,2026-01-11,Robusta,,NOR,SUSPENDED,2,lots
2026-01-12,2026-01-11,Robusta,,TRI,VALID_CERTIFICATE,1,lots
2026-01-13,,Arabica,Brazil,ANT,TOTAL_BAGS_CERTIFIED,91856,bags
2026-01-13,,Arabica,Burundi,ANT,TOTAL_BAGS_CERTIFIED,4442,bags
2026-01-13,,Arabica,Colombia,ANT,TOTAL_BAGS_CERTIFIED,25,bags
2026-01-13,,Arabica,Costa Rica,ANT,TOTAL_BAGS_CERTIFIED,250,bags
2026-01-13,,Arabica,El Salvador,ANT,TOTAL_BAGS_CERTIFIED,4941,bags
2026-01-13,,Arabica,Honduras,ANT,TOTAL_BAGS_CERTIFIED,17624,bags
2026-01-13,,Arabica,India,ANT,TOTAL_BAGS_CERTIFIED,7718,bags
2026-01-13,,Arabica,Kenya,ANT,TOTAL_BAGS_CERTIFIED,14034,bags
2026-01-13,,Arabica,Mexico,ANT,TOTAL_BAGS_CERTIFIED,48009,bags
2026-01-13,,Arabica,Nicaragua,ANT,TOTAL_BAGS_CERTIFIED,31978,bags
2026-01-13,,Arabica,Papua New Guinea,ANT,TOTAL_BAGS_CERTIFIED,6825,bags
2026-01-13,,Arabica,Peru,ANT,TOTAL_BAGS_CERTIFIED,59253,bags
2026-01-13,,Arabica,Rwanda,ANT,TOTAL_BAGS_CERTIFIED,27773,bags
2026-01-13,,Arabica,Tanzania,ANT,TOTAL_BAGS_CERTIFIED,37690,bags
2026-01-13,,Arabica,Uganda,ANT,TOTAL_BAGS_CERTIFIED,20986,bags
2026-01-13,,Arabica,Burundi,HA/BR,TOTAL_BAGS_CERTIFIED,3134,bags
2026-01-13,,Arabica,Honduras,HA/BR,TOTAL_BAGS_CERTIFIED,8925,bags
2026-01-13,,Arabica,India,HA/BR,TOTAL_BAGS_CERTIFIED,3694,bags
2026-01-13,,Arabica,Kenya,HA/BR,TOTAL_BAGS_CERTIFIED,2832,bags
2026-01-13,,Arabica,Papua New Guinea,HA/BR,TOTAL_BAGS_CERTIFIED,10365,bags
2026-01-13,,Arabica,Peru,HA/BR,TOTAL_BAGS_CERTIFIED,1240,bags
2026-01-13,,Arabica,Tanzania,HA/BR,TOTAL_BAGS_CERTIFIED,2690,bags
2026-01-13,,Arabica,Uganda,HA/BR,TOTAL_BAGS_CERTIFIED,320,bags
2026-01-13,,Arabica,Venezuela,HA/BR,TOTAL_BAGS_CERTIFIED,1000,bags
2026-01-13,,Arabica,Brazil,HOU,TOTAL_BAGS_CERTIFIED,1548,bags
2026-01-13,,Arabica,Honduras,HOU,TOTAL_BAGS_CERTIFIED,9376,bags
2026-01-13,,Arabica,Mexico,HOU,TOTAL_BAGS_CERTIFIED,856,bags
2026-01-13,,Arabica,Nicaragua,HOU,TOTAL_BAGS_CERTIFIED,275,bags
2026-01-13,,Arabica,India,MIAMI,TOTAL_BAGS_CERTIFIED,1030,bags
2026-01-13,,Arabica,Kenya,MIAMI,TOTAL_BAGS_CERTIFIED,710,bags
2026-01-13,,Arabica,Peru,MIAMI,TOTAL_BAGS_CERTIFIED,5250,bags
2026-01-13,,Arabica,Venezuela,MIAMI,TOTAL_BAGS_CERTIFIED,250,bags
2026-01-13,,Arabica,Colombia,NOLA,TOTAL_BAGS_CERTIFIED,471,bags
2026-01-13,,Arabica,Mexico,NOLA,TOTAL_BAGS_CERTIFIED,1612,bags
2026-01-13,,Arabica,Brazil,NY,TOTAL_BAGS_CERTIFIED,580,bags
2026-01-13,,Arabica,Honduras,NY,TOTAL_BAGS_CERTIFIED,35,bags
2026-01-13,,Arabica,Mexico,NY,TOTAL_BAGS_CERTIFIED,20586,bags
2026-01-13,,Arabica,Papua New Guinea,NY,TOTAL_BAGS_CERTIFIED,995,bags
2026-01-13,,Arabica,Peru,NY,TOTAL_BAGS_CERTIFIED,851,bags
2026-01-13,,Arabica,Venezuela,NY,TOTAL_BAGS_CERTIFIED,1000,bags
2026-01-13,2026-01-12,Robusta,,ANT,NON_TENDERABLE,8,lots
2026-01-13,2026-01-12,Robusta,,ANT,VALID_CERTIFICATE,2191,lots
2026-01-13,2026-01-12,Robusta,,BAR,VALID_CERTIFICATE,27,lots
2026-01-13,2026-01-12,Robusta,,FEL,VALID_CERTIFICATE,141,lots
2026-01-13,2026-01-12,Robusta,,LON,NON_TENDERABLE,2,lots
2026-01-13,2026-01-12,Robusta,,LON,VALID_CERTIFICATE,1861,lots
2026-01-13,2026-01-12,Robusta,,NOR,SUSPENDED,2,lots
2026-01-13,2026-01-12,Robusta,,TRI,VALID_CERTIFICATE,1,lots
2026-01-14,,Arabica,Brazil,ANT,TOTAL_BAGS_CERTIFIED,93185,bags
2026-01-14,,Arabica,Burundi,ANT,TOTAL_BAGS_CERTIFIED,4442,bags
2026-01-14,,Arabica,Colombia,ANT,TOTAL_BAGS_CERTIFIED,25,bags
2026-01-14,,Arabica,Costa Rica,ANT,TOTAL_BAGS_CERTIFIED,250,bags
2026-01-14,,Arabica,El Salvador,ANT,TOTAL_BAGS_CERTIFIED,4441,bags
2026-01-14,,Arabica,Honduras,ANT,TOTAL_BAGS_CERTIFIED,15624,bags
2026-01-14,,Arabica,India,ANT,TOTAL_BAGS_CERTIFIED,7718,bags
2026-01-14,,Arabica,Kenya,ANT,TOTAL_BAGS_CERTIFIED,14034,bags
2026-01-14,,Arabica,Mexico,ANT,TOTAL_BAGS_CERTIFIED,48009,bags
2026-01-14,,Arabica,Nicaragua,ANT,TOTAL_BAGS_CERTIFIED,34197,bags
2026-01-14,,Arabica,Papua New Guinea,ANT,TOTAL_BAGS_CERTIFIED,6825,bags
2026-01-14,,Arabica,Peru,ANT,TOTAL_BAGS_CERTIFIED,59253,bags
2026-01-14,,Arabica,Rwanda,ANT,TOTAL_BAGS_CERTIFIED,27773,bags
2026-01-14,,Arabica,Tanzania,ANT,TOTAL_BAGS_CERTIFIED,37690,bags
2026-01-14,,Arabica,Uganda,ANT,TOTAL_BAGS_CERTIFIED,20986,bags
2026-01-14,,Arabica,Burundi,HA/BR,TOTAL_BAGS_CERTIFIED,3134,bags
2026-01-14,,Arabica,Honduras,HA/BR,TOTAL_BAGS_CERTIFIED,8925,bags
2026-01-14,,Arabica,India,HA/BR,TOTAL_BAGS_CERTIFIED,3694,bags
2026-01-14,,Arabica,Kenya,HA/BR,TOTAL_BAGS_CERTIFIED,2832,bags
2026-01-14,,Arabica,Papua New Guinea,HA/BR,TOTAL_BAGS_CERTIFIED,10365,bags
2026-01-14,,Arabica,Peru,HA/BR,TOTAL_BAGS_CERTIFIED,1240,bags
2026-01-14,,Arabica,Tanzania,HA/BR,TOTAL_BAGS_CERTIFIED,2690,bags
2026-01-14,,Arabica,Uganda,HA/BR,TOTAL_BAGS_CERTIFIED,320,bags
2026-01-14,,Arabica,Venezuela,HA/BR,TOTAL_BAGS_CERTIFIED,1000,bags
2026-01-14,,Arabica,Brazil,HOU,TOTAL_BAGS_CERTIFIED,123,bags
2026-01-14,,Arabica,Honduras,HOU,TOTAL_BAGS_CERTIFIED,9376,bags
2026-01-14,,Arabica,Mexico,HOU,TOTAL_BAGS_CERTIFIED,106,bags
2026-01-14,,Arabica,Nicaragua,HOU,TOTAL_BAGS_CERTIFIED,275,bags
2026-01-14,,Arabica,India,MIAMI,TOTAL_BAGS_CERTIFIED,1030,bags
2026-01-14,,Arabica,Kenya,MIAMI,TOTAL_BAGS_CERTIFIED,710,bags
2026-01-14,,Arabica,Peru,MIAMI,TOTAL_BAGS_CERTIFIED,5250,bags
2026-01-14,,Arabica,Venezuela,MIAMI,TOTAL_BAGS_CERTIFIED,250,bags
2026-01-14,,Arabica,Colombia,NOLA,TOTAL_BAGS_CERTIFIED,471,bags
2026-01-14,,Arabica,Mexico,NOLA,TOTAL_BAGS_CERTIFIED,1612,bags
2026-01-14,,Arabica,Honduras,NY,TOTAL_BAGS_CERTIFIED,35,bags
2026-01-14,,Arabica,Mexico,NY,TOTAL_BAGS_CERTIFIED,19586,bags
2026-01-14,,Arabica,Papua New Guinea,NY,TOTAL_BAGS_CERTIFIED,995,bags
2026-01-14,,Arabica,Peru,NY,TOTAL_BAGS_CERTIFIED,851,bags
2026-01-14,2026-01-13,Robusta,,ANT,NON_TENDERABLE,8,lots
2026-01-14,2026-01-13,Robusta,,ANT,VALID_CERTIFICATE,2157,lots
2026-01-14,2026-01-13,Robusta,,BAR,VALID_CERTIFICATE,27,lots
2026-01-14,2026-01-13,Robusta,,FEL,VALID_CERTIFICATE,141,lots
2026-01-14,2026-01-13,Robusta,,LON,NON_TENDERABLE,2,lots
2026-01-14,2026-01-13,Robusta,,LON,VALID_CERTIFICATE,1861,lots
2026-01-14,2026-01-13,Robusta,,NOR,SUSPENDED,2,lots
2026-01-14,2026-01-13,Robusta,,TRI,VALID_CERTIFICATE,1,lots
2026-01-15,,Arabica,Brazil,ANT,TOTAL_BAGS_CERTIFIED,93185,bags
2026-01-15,,Arabica,Burundi,ANT,TOTAL_BAGS_CERTIFIED,4442,bags
2026-01-15,,Arabica,Colombia,ANT,TOTAL_BAGS_CERTIFIED,25,bags
2026-01-15,,Arabica,Costa Rica,ANT,TOTAL_BAGS_CERTIFIED,250,bags
2026-01-15,,Arabica,El Salvador,ANT,TOTAL_BAGS_CERTIFIED,4441,bags
2026-01-15,,Arabica,Honduras,ANT,TOTAL_BAGS_CERTIFIED,15624,bags
2026-01-15,,Arabica,India,ANT,TOTAL_BAGS_CERTIFIED,7718,bags
2026-01-15,,Arabica,Kenya,ANT,TOTAL_BAGS_CERTIFIED,14034,bags
2026-01-15,,Arabica,Mexico,ANT,TOTAL_BAGS_CERTIFIED,48009,bags
2026-01-15,,Arabica,Nicaragua,ANT,TOTAL_BAGS_CERTIFIED,34197,bags
2026-01-15,,Arabica,Papua New Guinea,ANT,TOTAL_BAGS_CERTIFIED,6825,bags
2026-01-15,,Arabica,Peru,ANT,TOTAL_BAGS_CERTIFIED,59253,bags
2026-01-15,,Arabica,Rwanda,ANT,TOTAL_BAGS_CERTIFIED,27773,bags
2026-01-15,,Arabica,Tanzania,ANT,TOTAL_BAGS_CERTIFIED,37690,bags
2026-01-15,,Arabica,Uganda,ANT,TOTAL_BAGS_CERTIFIED,20986,bags
2026-01-15,,Arabica,Burundi,HA/BR,TOTAL_BAGS_CERTIFIED,3134,bags
2026-01-15,,Arabica,Honduras,HA/BR,TOTAL_BAGS_CERTIFIED,8925,bags
2026-01-15,,Arabica,India,HA/BR,TOTAL_BAGS_CERTIFIED,3694,bags
2026-01-15,,Arabica,Kenya,HA/BR,TOTAL_BAGS_CERTIFIED,2832,bags
2026-01-15,,Arabica,Papua New Guinea,HA/BR,TOTAL_BAGS_CERTIFIED,10365,bags
2026-01-15,,Arabica,Peru,HA/BR,TOTAL_BAGS_CERTIFIED,1240,bags
2026-01-15,,Arabica,Tanzania,HA/BR,TOTAL_BAGS_CERTIFIED,2690,bags
2026-01-15,,Arabica,Uganda,HA/BR,TOTAL_BAGS_CERTIFIED,320,bags
2026-01-15,,Arabica,Venezuela,HA/BR,TOTAL_BAGS_CERTIFIED,1000,bags
2026-01-15,,Arabica,Brazil,HOU,TOTAL_BAGS_CERTIFIED,123,bags
2026-01-15,,Arabica,Honduras,HOU,TOTAL_BAGS_CERTIFIED,9376,bags
2026-01-15,,Arabica,Mexico,HOU,TOTAL_BAGS_CERTIFIED,106,bags
2026-01-15,,Arabica,Nicaragua,HOU,TOTAL_BAGS_CERTIFIED,275,bags
2026-01-15,,Arabica,India,MIAMI,TOTAL_BAGS_CERTIFIED,1030,bags
2026-01-15,,Arabica,Kenya,MIAMI,TOTAL_BAGS_CERTIFIED,710,bags
2026-01-15,,Arabica,Peru,MIAMI,TOTAL_BAGS_CERTIFIED,5250,bags
2026-01-15,,Arabica,Venezuela,MIAMI,TOTAL_BAGS_CERTIFIED,250,bags
2026-01-15,,Arabica,Colombia,NOLA,TOTAL_BAGS_CERTIFIED,471,bags
2026-01-15,,Arabica,Mexico,NOLA,TOTAL_BAGS_CERTIFIED,1612,bags
2026-01-15,,Arabica,Honduras,NY,TOTAL_BAGS_CERTIFIED,35,bags
2026-01-15,,Arabica,Mexico,NY,TOTAL_BAGS_CERTIFIED,19586,bags
2026-01-15,,Arabica,Papua New Guinea,NY,TOTAL_BAGS_CERTIFIED,995,bags
2026-01-15,,Arabica,Peru,NY,TOTAL_BAGS_CERTIFIED,851,bags
2026-01-15,2026-01-14,Robusta,,ANT,NON_TENDERABLE,8,lots
2026-01-15,2026-01-14,Robusta,,ANT,VALID_CERTIFICATE,2246,lots
2026-01-15,2026-01-14,Robusta,,BAR,VALID_CERTIFICATE,27,lots
2026-01-15,2026-01-14,Robusta,,FEL,VALID_CERTIFICATE,141,lots
2026-01-15,2026-01-14,Robusta,,LON,NON_TENDERABLE,2,lots
2026-01-15,2026-01-14,Robusta,,LON,VALID_CERTIFICATE,1861,lots
2026-01-15,2026-01-14,Robusta,,NOR,SUSPENDED,2,lots
2026-01-15,2026-01-14,Robusta,,TRI,VALID_CERTIFICATE,1,lots
2026-01-16,,Arabica,Brazil,ANT,TOTAL_BAGS_CERTIFIED,93185,bags
2026-01-16,,Arabica,Burundi,ANT,TOTAL_BAGS_CERTIFIED,4442,bags
2026-01-16,,Arabica,Colombia,ANT,TOTAL_BAGS_CERTIFIED,25,bags
2026-01-16,,Arabica,Costa Rica,ANT,TOTAL_BAGS_CERTIFIED,250,bags
2026-01-16,,Arabica,El Salvador,ANT,TOTAL_BAGS_CERTIFIED,4441,bags
2026-01-16,,Arabica,Honduras,ANT,TOTAL_BAGS_CERTIFIED,15624,bags
2026-01-16,,Arabica,India,ANT,TOTAL_BAGS_CERTIFIED,7718,bags
2026-01-16,,Arabica,Kenya,ANT,TOTAL_BAGS_CERTIFIED,14034,bags
2026-01-16,,Arabica,Mexico,ANT,TOTAL_BAGS_CERTIFIED,48009,bags
2026-01-16,,Arabica,Nicaragua,ANT,TOTAL_BAGS_CERTIFIED,32947,bags
2026-01-16,,Arabica,Papua New Guinea,ANT,TOTAL_BAGS_CERTIFIED,6825,bags
2026-01-16,,Arabica,Peru,ANT,TOTAL_BAGS_CERTIFIED,59253,bags
2026-01-16,,Arabica,Rwanda,ANT,TOTAL_BAGS_CERTIFIED,27773,bags
2026-01-16,,Arabica,Tanzania,ANT,TOTAL_BAGS_CERTIFIED,37690,bags
2026-01-16,,Arabica,Uganda,ANT,TOTAL_BAGS_CERTIFIED,20986,bags
2026-01-16,,Arabica,Burundi,HA/BR,TOTAL_BAGS_CERTIFIED,2279,bags
2026-01-16,,Arabica,Honduras,HA/BR,TOTAL_BAGS_CERTIFIED,8925,bags
2026-01-16,,Arabica,India,HA/BR,TOTAL_BAGS_CERTIFIED,3694,bags
2026-01-16,,Arabica,Kenya,HA/BR,TOTAL_BAGS_CERTIFIED,2543,bags
2026-01-16,,Arabica,Papua New Guinea,HA/BR,TOTAL_BAGS_CERTIFIED,10365,bags
2026-01-16,,Arabica,Peru,HA/BR,TOTAL_BAGS_CERTIFIED,1240,bags
2026-01-16,,Arabica,Tanzania,HA/BR,TOTAL_BAGS_CERTIFIED,2690,bags
2026-01-16,,Arabica,Uganda,HA/BR,TOTAL_BAGS_CERTIFIED,320,bags
2026-01-16,,Arabica,Venezuela,HA/BR,TOTAL_BAGS_CERTIFIED,1000,bags
2026-01-16,,Arabica,Brazil,HOU,TOTAL_BAGS_CERTIFIED,123,bags
2026-01-16,,Arabica,Honduras,HOU,TOTAL_BAGS_CERTIFIED,9376,bags
2026-01-16,,Arabica,Mexico,HOU,TOTAL_BAGS_CERTIFIED,106,bags
2026-01-16,,Arabica,Nicaragua,HOU,TOTAL_BAGS_CERTIFIED,275,bags
2026-01-16,,Arabica,India,MIAMI,TOTAL_BAGS_CERTIFIED,1030,bags
2026-01-16,,Arabica,Kenya,MIAMI,TOTAL_BAGS_CERTIFIED,710,bags
2026-01-16,,Arabica,Peru,MIAMI,TOTAL_BAGS_CERTIFIED,5000,bags
2026-01-16,,Arabica,Venezuela,MIAMI,TOTAL_BAGS_CERTIFIED,250,bags
2026-01-16,,Arabica,Colombia,NOLA,TOTAL_BAGS_CERTIFIED,471,bags
2026-01-16,,Arabica,Mexico,NOLA,TOTAL_BAGS_CERTIFIED,1612,bags
2026-01-16,,Arabica,Honduras,NY,TOTAL_BAGS_CERTIFIED,35,bags
2026-01-16,,Arabica,Mexico,NY,TOTAL_BAGS_CERTIFIED,19586,bags
2026-01-16,,Arabica,Papua New Guinea,NY,TOTAL_BAGS_CERTIFIED,995,bags
2026-01-16,,Arabica,Peru,NY,TOTAL_BAGS_CERTIFIED,851,bags
2026-01-16,2026-01-15,Robusta,,ANT,NON_TENDERABLE,8,lots
2026-01-16,2026-01-15,Robusta,,ANT,VALID_CERTIFICATE,2219,lots
2026-01-16,2026-01-15,Robusta,,BAR,VALID_CERTIFICATE,27,lots
2026-01-16,2026-01-15,Robusta,,FEL,VALID_CERTIFICATE,141,lots
2026-01-16,2026-01-15,Robusta,,LON,NON_TENDERABLE,2,lots
2026-01-16,2026-01-15,Robusta,,LON,VALID_CERTIFICATE,1861,lots
2026-01-16,2026-01-15,Robusta,,NOR,SUSPENDED,2,lots
2026-01-16,2026-01-15,Robusta,,TRI,VALID_CERTIFICATE,1,lots
2026-01-19,2026-01-18,Robusta,,ANT,NON_TENDERABLE,6,lots
2026-01-19,2026-01-18,Robusta,,ANT,VALID_CERTIFICATE,2279,lots
2026-01-19,2026-01-18,Robusta,,BAR,VALID_CERTIFICATE,27,lots
2026-01-19,2026-01-18,Robusta,,FEL,VALID_CERTIFICATE,141,lots
2026-01-19,2026-01-18,Robusta,,LON,NON_TENDERABLE,2,lots
2026-01-19,2026-01-18,Robusta,,LON,VALID_CERTIFICATE,1861,lots
2026-01-19,2026-01-18,Robusta,,NOR,SUSPENDED,2,lots
2026-01-19,2026-01-18,Robusta,,TRI,VALID_CERTIFICATE,1,lots
2026-01-20,,Arabica,Brazil,ANT,TOTAL_BAGS_CERTIFIED,88369,bags
2026-01-20,,Arabica,Burundi,ANT,TOTAL_BAGS_CERTIFIED,4442,bags
2026-01-20,,Arabica,Colombia,ANT,TOTAL_BAGS_CERTIFIED,25,bags
2026-01-20,,Arabica,Costa Rica,ANT,TOTAL_BAGS_CERTIFIED,250,bags
2026-01-20,,Arabica,El Salvador,ANT,TOTAL_BAGS_CERTIFIED,4441,bags
2026-01-20,,Arabica,Honduras,ANT,TOTAL_BAGS_CERTIFIED,15248,bags
2026-01-20,,Arabica,India,ANT,TOTAL_BAGS_CERTIFIED,7718,bags
2026-01-20,,Arabica,Kenya,ANT,TOTAL_BAGS_CERTIFIED,14034,bags
2026-01-20,,Arabica,Mexico,ANT,TOTAL_BAGS_CERTIFIED,47654,bags
2026-01-20,,Arabica,Nicaragua,ANT,TOTAL_BAGS_CERTIFIED,32947,bags
2026-01-20,,Arabica,Papua New Guinea,ANT,TOTAL_BAGS_CERTIFIED,6825,bags
2026-01-20,,Arabica,Peru,ANT,TOTAL_BAGS_CERTIFIED,59253,bags
2026-01-20,,Arabica,Rwanda,ANT,TOTAL_BAGS_CERTIFIED,27773,bags
2026-01-20,,Arabica,Tanzania,ANT,TOTAL_BAGS_CERTIFIED,37690,bags
2026-01-20,,Arabica,Uganda,ANT,TOTAL_BAGS_CERTIFIED,20986,bags
2026-01-20,,Arabica,Burundi,HA/BR,TOTAL_BAGS_CERTIFIED,2279,bags
2026-01-20,,Arabica,Honduras,HA/BR,TOTAL_BAGS_CERTIFIED,8925,bags
2026-01-20,,Arabica,India,HA/BR,TOTAL_BAGS_CERTIFIED,3694,bags
2026-01-20,,Arabica,Kenya,HA/BR,TOTAL_BAGS_CERTIFIED,2543,bags
2026-01-20,,Arabica,Papua New Guinea,HA/BR,TOTAL_BAGS_CERTIFIED,10365,bags
2026-01-20,,Arabica,Peru,HA/BR,TOTAL_BAGS_CERTIFIED,1240,bags
2026-01-20,,Arabica,Tanzania,HA/BR,TOTAL_BAGS_CERTIFIED,2690,bags
2026-01-20,,Arabica,Uganda,HA/BR,TOTAL_BAGS_CERTIFIED,320,bags
2026-01-20,,Arabica,Venezuela,HA/BR,TOTAL_BAGS_CERTIFIED,1000,bags
2026-01-20,,Arabica,Brazil,HOU,TOTAL_BAGS_CERTIFIED,123,bags
2026-01-20,,Arabica,Honduras,HOU,TOTAL_BAGS_CERTIFIED,9376,bags
2026-01-20,,Arabica,Mexico,HOU,TOTAL_BAGS_CERTIFIED,106,bags
2026-01-20,,Arabica,Nicaragua,HOU,TOTAL_BAGS_CERTIFIED,275,bags
2026-01-20,,Arabica,India,MIAMI,TOTAL_BAGS_CERTIFIED,1030,bags
2026-01-20,,Arabica,Kenya,MIAMI,TOTAL_BAGS_CERTIFIED,710,bags
2026-01-20,,Arabica,Peru,MIAMI,TOTAL_BAGS_CERTIFIED,5000,bags
2026-01-20,,Arabica,Venezuela,MIAMI,TOTAL_BAGS_CERTIFIED,250,bags
2026-01-20,,Arabica,Colombia,NOLA,TOTAL_BAGS_CERTIFIED,471,bags
2026-01-20,,Arabica,Mexico,NOLA,TOTAL_BAGS_CERTIFIED,1612,bags
2026-01-20,,Arabica,Honduras,NY,TOTAL_BAGS_CERTIFIED,35,bags
2026-01-20,,Arabica,Mexico,NY,TOTAL_BAGS_CERTIFIED,19586,bags
2026-01-20,,Arabica,Papua New Guinea,NY,TOTAL_BAGS_CERTIFIED,710,bags
2026-01-20,,Arabica,Peru,NY,TOTAL_BAGS_CERTIFIED,851,bags
2026-01-20,2026-01-19,Robusta,,ANT,NON_TENDERABLE,6,lots
2026-01-20,2026-01-19,Robusta,,ANT,VALID_CERTIFICATE,2334,lots
2026-01-20,2026-01-19,Robusta,,BAR,VALID_CERTIFICATE,27,lots
2026-01-20,2026-01-19,Robusta,,FEL,VALID_CERTIFICATE,141,lots
2026-01-20,2026-01-19,Robusta,,LON,NON_TENDERABLE,2,lots
2026-01-20,2026-01-19,Robusta,,LON,VALID_CERTIFICATE,1861,lots
2026-01-20,2026-01-19,Robusta,,NOR,SUSPENDED,2,lots
2026-01-20,2026-01-19,Robusta,,TRI,VALID_CERTIFICATE,1,lots
2026-01-21,,Arabica,Brazil,ANT,TOTAL_BAGS_CERTIFIED,88369,bags
2026-01-21,,Arabica,Burundi,ANT,TOTAL_BAGS_CERTIFIED,4442,bags
2026-01-21,,Arabica,Colombia,ANT,TOTAL_BAGS_CERTIFIED,25,bags
2026-01-21,,Arabica,Costa Rica,ANT,TOTAL_BAGS_CERTIFIED,250,bags
2026-01-21,,Arabica,El Salvador,ANT,TOTAL_BAGS_CERTIFIED,4441,bags
2026-01-21,,Arabica,Honduras,ANT,TOTAL_BAGS_CERTIFIED,15155,bags
2026-01-21,,Arabica,India,ANT,TOTAL_BAGS_CERTIFIED,7718,bags
2026-01-21,,Arabica,Kenya,ANT,TOTAL_BAGS_CERTIFIED,14034,bags
2026-01-21,,Arabica,Mexico,ANT,TOTAL_BAGS_CERTIFIED,47654,bags
2026-01-21,,Arabica,Nicaragua,ANT,TOTAL_BAGS_CERTIFIED,32947,bags
2026-01-21,,Arabica,Papua New Guinea,ANT,TOTAL_BAGS_CERTIFIED,6825,bags
2026-01-21,,Arabica,Peru,ANT,TOTAL_BAGS_CERTIFIED,59053,bags
2026-01-21,,Arabica,Rwanda,ANT,TOTAL_BAGS_CERTIFIED,27773,bags
2026-01-21,,Arabica,Tanzania,ANT,TOTAL_BAGS_CERTIFIED,37690,bags
2026-01-21,,Arabica,Uganda,ANT,TOTAL_BAGS_CERTIFIED,20986,bags
2026-01-21,,Arabica,Burundi,HA/BR,TOTAL_BAGS_CERTIFIED,2279,bags
2026-01-21,,Arabica,Honduras,HA/BR,TOTAL_BAGS_CERTIFIED,8925,bags
2026-01-21,,Arabica,India,HA/BR,TOTAL_BAGS_CERTIFIED,3694,bags
2026-01-21,,Arabica,Kenya,HA/BR,TOTAL_BAGS_CERTIFIED,2543,bags
2026-01-21,,Arabica,Papua New Guinea,HA/BR,TOTAL_BAGS_CERTIFIED,10365,bags
2026-01-21,,Arabica,Peru,HA/BR,TOTAL_BAGS_CERTIFIED,1240,bags
2026-01-21,,Arabica,Tanzania,HA/BR,TOTAL_BAGS_CERTIFIED,2690,bags
2026-01-21,,Arabica,Uganda,HA/BR,TOTAL_BAGS_CERTIFIED,320,bags
2026-01-21,,Arabica,Venezuela,HA/BR,TOTAL_BAGS_CERTIFIED,1000,bags
2026-01-21,,Arabica,Brazil,HOU,TOTAL_BAGS_CERTIFIED,123,bags
2026-01-21,,Arabica,Honduras,HOU,TOTAL_BAGS_CERTIFIED,9376,bags
2026-01-21,,Arabica,Mexico,HOU,TOTAL_BAGS_CERTIFIED,106,bags
2026-01-21,,Arabica,Nicaragua,HOU,TOTAL_BAGS_CERTIFIED,275,bags
2026-01-21,,Arabica,India,MIAMI,TOTAL_BAGS_CERTIFIED,1030,bags
2026-01-21,,Arabica,Kenya,MIAMI,TOTAL_BAGS_CERTIFIED,710,bags
2026-01-21,,Arabica,Peru,MIAMI,TOTAL_BAGS_CERTIFIED,5000,bags
2026-01-21,,Arabica,Venezuela,MIAMI,TOTAL_BAGS_CERTIFIED,250,bags
2026-01-21,,Arabica,Colombia,NOLA,TOTAL_BAGS_CERTIFIED,471,bags
2026-01-21,,Arabica,Mexico,NOLA,TOTAL_BAGS_CERTIFIED,1612,bags
2026-01-21,,Arabica,Honduras,NY,TOTAL_BAGS_CERTIFIED,35,bags
2026-01-21,,Arabica,Mexico,NY,TOTAL_BAGS_CERTIFIED,19586,bags
2026-01-21,,Arabica,Papua New Guinea,NY,TOTAL_BAGS_CERTIFIED,710,bags
2026-01-21,,Arabica,Peru,NY,TOTAL_BAGS_CERTIFIED,851,bags
2026-01-21,2026-01-20,Robusta,,ANT,NON_TENDERABLE,6,lots
2026-01-21,2026-01-20,Robusta,,ANT,VALID_CERTIFICATE,2420,lots
2026-01-21,2026-01-20,Robusta,,BAR,VALID_CERTIFICATE,27,lots
2026-01-21,2026-01-20,Robusta,,FEL,VALID_CERTIFICATE,141,lots
2026-01-21,2026-01-20,Robusta,,LON,NON_TENDERABLE,2,lots
2026-01-21,2026-01-20,Robusta,,LON,VALID_CERTIFICATE,1861,lots
2026-01-21,2026-01-20,Robusta,,NOR,SUSPENDED,2,lots
2026-01-21,2026-01-20,Robusta,,TRI,VALID_CERTIFICATE,1,lots
2026-01-22,,Arabica,Brazil,ANT,TOTAL_BAGS_CERTIFIED,88369,bags
2026-01-22,,Arabica,Burundi,ANT,TOTAL_BAGS_CERTIFIED,4442,bags
2026-01-22,,Arabica,Colombia,ANT,TOTAL_BAGS_CERTIFIED,25,bags
2026-01-22,,Arabica,Costa Rica,ANT,TOTAL_BAGS_CERTIFIED,250,bags
2026-01-22,,Arabica,El Salvador,ANT,TOTAL_BAGS_CERTIFIED,4441,bags
2026-01-22,,Arabica,Honduras,ANT,TOTAL_BAGS_CERTIFIED,15155,bags
2026-01-22,,Arabica,India,ANT,TOTAL_BAGS_CERTIFIED,7718,bags
2026-01-22,,Arabica,Kenya,ANT,TOTAL_BAGS_CERTIFIED,14034,bags
2026-01-22,,Arabica,Mexico,ANT,TOTAL_BAGS_CERTIFIED,47654,bags
2026-01-22,,Arabica,Nicaragua,ANT,TOTAL_BAGS_CERTIFIED,34853,bags
2026-01-22,,Arabica,Papua New Guinea,ANT,TOTAL_BAGS_CERTIFIED,6825,bags
2026-01-22,,Arabica,Peru,ANT,TOTAL_BAGS_CERTIFIED,59053,bags
2026-01-22,,Arabica,Rwanda,ANT,TOTAL_BAGS_CERTIFIED,27773,bags
2026-01-22,,Arabica,Tanzania,ANT,TOTAL_BAGS_CERTIFIED,37690,bags
2026-01-22,,Arabica,Uganda,ANT,TOTAL_BAGS_CERTIFIED,20986,bags
2026-01-22,,Arabica,Burundi,HA/BR,TOTAL_BAGS_CERTIFIED,2279,bags
2026-01-22,,Arabica,Honduras,HA/BR,TOTAL_BAGS_CERTIFIED,8925,bags
2026-01-22,,Arabica,India,HA/BR,TOTAL_BAGS_CERTIFIED,3694,bags
2026-01-22,,Arabica,Kenya,HA/BR,TOTAL_BAGS_CERTIFIED,2543,bags
2026-01-22,,Arabica,Papua New Guinea,HA/BR,TOTAL_BAGS_CERTIFIED,10365,bags
2026-01-22,,Arabica,Peru,HA/BR,TOTAL_BAGS_CERTIFIED,1240,bags
2026-01-22,,Arabica,Tanzania,HA/BR,TOTAL_BAGS_CERTIFIED,2690,bags
2026-01-22,,Arabica,Uganda,HA/BR,TOTAL_BAGS_CERTIFIED,320,bags
2026-01-22,,Arabica,Venezuela,HA/BR,TOTAL_BAGS_CERTIFIED,1000,bags
2026-01-22,,Arabica,Brazil,HOU,TOTAL_BAGS_CERTIFIED,123,bags
2026-01-22,,Arabica,Honduras,HOU,TOTAL_BAGS_CERTIFIED,9376,bags
2026-01-22,,Arabica,Mexico,HOU,TOTAL_BAGS_CERTIFIED,106,bags
2026-01-22,,Arabica,Nicaragua,HOU,TOTAL_BAGS_CERTIFIED,275,bags
2026-01-22,,Arabica,India,MIAMI,TOTAL_BAGS_CERTIFIED,1030,bags
2026-01-22,,Arabica,Kenya,MIAMI,TOTAL_BAGS_CERTIFIED,710,bags
2026-01-22,,Arabica,Peru,MIAMI,TOTAL_BAGS_CERTIFIED,5000,bags
2026-01-22,,Arabica,Venezuela,MIAMI,TOTAL_BAGS_CERTIFIED,250,bags
2026-01-22,,Arabica,Colombia,NOLA,TOTAL_BAGS_CERTIFIED,471,bags
2026-01-22,,Arabica,Mexico,NOLA,TOTAL_BAGS_CERTIFIED,1612,bags
2026-01-22,,Arabica,Honduras,NY,TOTAL_BAGS_CERTIFIED,35,bags
2026-01-22,,Arabica,Mexico,NY,TOTAL_BAGS_CERTIFIED,19586,bags
2026-01-22,,Arabica,Papua New Guinea,NY,TOTAL_BAGS_CERTIFIED,710,bags
2026-01-22,,Arabica,Peru,NY,TOTAL_BAGS_CERTIFIED,851,bags
2026-01-22,2026-01-21,Robusta,,ANT,NON_TENDERABLE,6,lots
2026-01-22,2026-01-21,Robusta,,ANT,VALID_CERTIFICATE,2500,lots
2026-01-22,2026-01-21,Robusta,,BAR,VALID_CERTIFICATE,27,lots
2026-01-22,2026-01-21,Robusta,,FEL,VALID_CERTIFICATE,141,lots
2026-01-22,2026-01-21,Robusta,,LON,NON_TENDERABLE,2,lots
2026-01-22,2026-01-21,Robusta,,LON,VALID_CERTIFICATE,1861,lots
2026-01-22,2026-01-21,Robusta,,NOR,VALID_CERTIFICATE,2,lots
2026-01-22,2026-01-21,Robusta,,TRI,VALID_CERTIFICATE,1,lots
2026-01-23,,Arabica,Brazil,ANT,TOTAL_BAGS_CERTIFIED,89695,bags
2026-01-23,,Arabica,Burundi,ANT,TOTAL_BAGS_CERTIFIED,4442,bags
2026-01-23,,Arabica,Colombia,ANT,TOTAL_BAGS_CERTIFIED,25,bags
2026-01-23,,Arabica,Costa Rica,ANT,TOTAL_BAGS_CERTIFIED,250,bags
2026-01-23,,Arabica,El Salvador,ANT,TOTAL_BAGS_CERTIFIED,4441,bags
2026-01-23,,Arabica,Honduras,ANT,TOTAL_BAGS_CERTIFIED,15155,bags
2026-01-23,,Arabica,India,ANT,TOTAL_BAGS_CERTIFIED,7718,bags
2026-01-23,,Arabica,Kenya,ANT,TOTAL_BAGS_CERTIFIED,13179,bags
2026-01-23,,Arabica,Mexico,ANT,TOTAL_BAGS_CERTIFIED,47154,bags
2026-01-23,,Arabica,Nicaragua,ANT,TOTAL_BAGS_CERTIFIED,34558,bags
2026-01-23,,Arabica,Papua New Guinea,ANT,TOTAL_BAGS_CERTIFIED,6825,bags
2026-01-23,,Arabica,Peru,ANT,TOTAL_BAGS_CERTIFIED,65103,bags
2026-01-23,,Arabica,Rwanda,ANT,TOTAL_BAGS_CERTIFIED,27113,bags
2026-01-23,,Arabica,Tanzania,ANT,TOTAL_BAGS_CERTIFIED,37690,bags
2026-01-23,,Arabica,Uganda,ANT,TOTAL_BAGS_CERTIFIED,21316,bags
2026-01-23,,Arabica,Burundi,HA/BR,TOTAL_BAGS_CERTIFIED,2279,bags
2026-01-23,,Arabica,Honduras,HA/BR,TOTAL_BAGS_CERTIFIED,8925,bags
2026-01-23,,Arabica,India,HA/BR,TOTAL_BAGS_CERTIFIED,3694,bags
2026-01-23,,Arabica,Kenya,HA/BR,TOTAL_BAGS_CERTIFIED,2543,bags
2026-01-23,,Arabica,Papua New Guinea,HA/BR,TOTAL_BAGS_CERTIFIED,10365,bags
2026-01-23,,Arabica,Peru,HA/BR,TOTAL_BAGS_CERTIFIED,1240,bags
2026-01-23,,Arabica,Tanzania,HA/BR,TOTAL_BAGS_CERTIFIED,2690,bags
2026-01-23,,Arabica,Uganda,HA/BR,TOTAL_BAGS_CERTIFIED,320,bags
2026-01-23,,Arabica,Venezuela,HA/BR,TOTAL_BAGS_CERTIFIED,1000,bags
2026-01-23,,Arabica,Brazil,HOU,TOTAL_BAGS_CERTIFIED,123,bags
2026-01-23,,Arabica,Honduras,HOU,TOTAL_BAGS_CERTIFIED,9376,bags
2026-01-23,,Arabica,Mexico,HOU,TOTAL_BAGS_CERTIFIED,106,bags
2026-01-23,,Arabica,Nicaragua,HOU,TOTAL_BAGS_CERTIFIED,275,bags
2026-01-23,,Arabica,India,MIAMI,TOTAL_BAGS_CERTIFIED,1030,bags
2026-01-23,,Arabica,Kenya,MIAMI,TOTAL_BAGS_CERTIFIED,710,bags
2026-01-23,,Arabica,Peru,MIAMI,TOTAL_BAGS_CERTIFIED,5000,bags
2026-01-23,,Arabica,Venezuela,MIAMI,TOTAL_BAGS_CERTIFIED,250,bags
2026-01-23,,Arabica,Colombia,NOLA,TOTAL_BAGS_CERTIFIED,471,bags
2026-01-23,,Arabica,Mexico,NOLA,TOTAL_BAGS_CERTIFIED,1612,bags
2026-01-23,,Arabica,Honduras,NY,TOTAL_BAGS_CERTIFIED,35,bags
2026-01-23,,Arabica,Mexico,NY,TOTAL_BAGS_CERTIFIED,19586,bags
2026-01-23,,Arabica,Papua New Guinea,NY,TOTAL_BAGS_CERTIFIED,710,bags
2026-01-23,,Arabica,Peru,NY,TOTAL_BAGS_CERTIFIED,851,bags
2026-01-23,2026-01-22,Robusta,,ANT,NON_TENDERABLE,6,lots
2026-01-23,2026-01-22,Robusta,,ANT,VALID_CERTIFICATE,2591,lots
2026-01-23,2026-01-22,Robusta,,BAR,VALID_CERTIFICATE,27,lots
2026-01-23,2026-01-22,Robusta,,FEL,VALID_CERTIFICATE,141,lots
2026-01-23,2026-01-22,Robusta,,LON,NON_TENDERABLE,2,lots
2026-01-23,2026-01-22,Robusta,,LON,VALID_CERTIFICATE,1849,lots
2026-01-23,2026-01-22,Robusta,,NOR,SUSPENDED,2,lots
2026-01-23,2026-01-22,Robusta,,TRI,VALID_CERTIFICATE,1,lots
2026-01-26,,Arabica,Brazil,ANT,TOTAL_BAGS_CERTIFIED,86272,bags
2026-01-26,,Arabica,Burundi,ANT,TOTAL_BAGS_CERTIFIED,4442,bags
2026-01-26,,Arabica,Colombia,ANT,TOTAL_BAGS_CERTIFIED,25,bags
2026-01-26,,Arabica,Costa Rica,ANT,TOTAL_BAGS_CERTIFIED,250,bags
2026-01-26,,Arabica,El Salvador,ANT,TOTAL_BAGS_CERTIFIED,4191,bags
2026-01-26,,Arabica,Honduras,ANT,TOTAL_BAGS_CERTIFIED,13780,bags
2026-01-26,,Arabica,India,ANT,TOTAL_BAGS_CERTIFIED,7148,bags
2026-01-26,,Arabica,Kenya,ANT,TOTAL_BAGS_CERTIFIED,13179,bags
2026-01-26,,Arabica,Mexico,ANT,TOTAL_BAGS_CERTIFIED,47154,bags
2026-01-26,,Arabica,Nicaragua,ANT,TOTAL_BAGS_CERTIFIED,33558,bags
2026-01-26,,Arabica,Papua New Guinea,ANT,TOTAL_BAGS_CERTIFIED,6825,bags
2026-01-26,,Arabica,Peru,ANT,TOTAL_BAGS_CERTIFIED,65103,bags
2026-01-26,,Arabica,Rwanda,ANT,TOTAL_BAGS_CERTIFIED,27043,bags
2026-01-26,,Arabica,Tanzania,ANT,TOTAL_BAGS_CERTIFIED,37690,bags
2026-01-26,,Arabica,Uganda,ANT,TOTAL_BAGS_CERTIFIED,21316,bags
2026-01-26,,Arabica,Burundi,HA/BR,TOTAL_BAGS_CERTIFIED,2279,bags
2026-01-26,,Arabica,Honduras,HA/BR,TOTAL_BAGS_CERTIFIED,8925,bags
2026-01-26,,Arabica,India,HA/BR,TOTAL_BAGS_CERTIFIED,2839,bags
2026-01-26,,Arabica,Kenya,HA/BR,TOTAL_BAGS_CERTIFIED,2543,bags
2026-01-26,,Arabica,Papua New Guinea,HA/BR,TOTAL_BAGS_CERTIFIED,10365,bags
2026-01-26,,Arabica,Peru,HA/BR,TOTAL_BAGS_CERTIFIED,1240,bags
2026-01-26,,Arabica,Tanzania,HA/BR,TOTAL_BAGS_CERTIFIED,2690,bags
2026-01-26,,Arabica,Uganda,HA/BR,TOTAL_BAGS_CERTIFIED,320,bags
2026-01-26,,Arabica,Venezuela,HA/BR,TOTAL_BAGS_CERTIFIED,1000,bags
2026-01-26,,Arabica,Brazil,HOU,TOTAL_BAGS_CERTIFIED,123,bags
2026-01-26,,Arabica,Honduras,HOU,TOTAL_BAGS_CERTIFIED,9376,bags
2026-01-26,,Arabica,Mexico,HOU,TOTAL_BAGS_CERTIFIED,106,bags
2026-01-26,,Arabica,Nicaragua,HOU,TOTAL_BAGS_CERTIFIED,275,bags
2026-01-26,,Arabica,India,MIAMI,TOTAL_BAGS_CERTIFIED,1030,bags
2026-01-26,,Arabica,Kenya,MIAMI,TOTAL_BAGS_CERTIFIED,710,bags
2026-01-26,,Arabica,Peru,MIAMI,TOTAL_BAGS_CERTIFIED,5000,bags
2026-01-26,,Arabica,Venezuela,MIAMI,TOTAL_BAGS_CERTIFIED,250,bags
2026-01-26,,Arabica,Colombia,NOLA,TOTAL_BAGS_CERTIFIED,471,bags
2026-01-26,,Arabica,Mexico,NOLA,TOTAL_BAGS_CERTIFIED,1612,bags
2026-01-26,,Arabica,Honduras,NY,TOTAL_BAGS_CERTIFIED,35,bags
2026-01-26,,Arabica,Mexico,NY,TOTAL_BAGS_CERTIFIED,19586,bags
2026-01-26,,Arabica,Papua New Guinea,NY,TOTAL_BAGS_CERTIFIED,710,bags
2026-01-26,,Arabica,Peru,NY,TOTAL_BAGS_CERTIFIED,851,bags
2026-01-26,2026-01-25,Robusta,,ANT,NON_TENDERABLE,6,lots
2026-01-26,2026-01-25,Robusta,,ANT,VALID_CERTIFICATE,2644,lots
2026-01-26,2026-01-25,Robusta,,BAR,VALID_CERTIFICATE,27,lots
2026-01-26,2026-01-25,Robusta,,FEL,VALID_CERTIFICATE,141,lots
2026-01-26,2026-01-25,Robusta,,LON,NON_TENDERABLE,2,lots
2026-01-26,2026-01-25,Robusta,,LON,VALID_CERTIFICATE,1849,lots
2026-01-26,2026-01-25,Robusta,,TRI,VALID_CERTIFICATE,1,lots
2026-01-27,,Arabica,Brazil,ANT,TOTAL_BAGS_CERTIFIED,78578,bags
2026-01-27,,Arabica,Burundi,ANT,TOTAL_BAGS_CERTIFIED,4442,bags
2026-01-27,,Arabica,Colombia,ANT,TOTAL_BAGS_CERTIFIED,25,bags
2026-01-27,,Arabica,Costa Rica,ANT,TOTAL_BAGS_CERTIFIED,250,bags
2026-01-27,,Arabica,El Salvador,ANT,TOTAL_BAGS_CERTIFIED,4191,bags
2026-01-27,,Arabica,Honduras,ANT,TOTAL_BAGS_CERTIFIED,13780,bags
2026-01-27,,Arabica,India,ANT,TOTAL_BAGS_CERTIFIED,7148,bags
2026-01-27,,Arabica,Kenya,ANT,TOTAL_BAGS_CERTIFIED,13179,bags
2026-01-27,,Arabica,Mexico,ANT,TOTAL_BAGS_CERTIFIED,47154,bags
2026-01-27,,Arabica,Nicaragua,ANT,TOTAL_BAGS_CERTIFIED,33558,bags
2026-01-27,,Arabica,Papua New Guinea,ANT,TOTAL_BAGS_CERTIFIED,6825,bags
2026-01-27,,Arabica,Peru,ANT,TOTAL_BAGS_CERTIFIED,65103,bags
2026-01-27,,Arabica,Rwanda,ANT,TOTAL_BAGS_CERTIFIED,27043,bags
2026-01-27,,Arabica,Tanzania,ANT,TOTAL_BAGS_CERTIFIED,37690,bags
2026-01-27,,Arabica,Uganda,ANT,TOTAL_BAGS_CERTIFIED,21316,bags
2026-01-27,,Arabica,Burundi,HA/BR,TOTAL_BAGS_CERTIFIED,2279,bags
2026-01-27,,Arabica,Honduras,HA/BR,TOTAL_BAGS_CERTIFIED,7675,bags
2026-01-27,,Arabica,India,HA/BR,TOTAL_BAGS_CERTIFIED,2839,bags
2026-01-27,,Arabica,Kenya,HA/BR,TOTAL_BAGS_CERTIFIED,2543,bags
2026-01-27,,Arabica,Papua New Guinea,HA/BR,TOTAL_BAGS_CERTIFIED,10365,bags
2026-01-27,,Arabica,Peru,HA/BR,TOTAL_BAGS_CERTIFIED,1240,bags
2026-01-27,,Arabica,Tanzania,HA/BR,TOTAL_BAGS_CERTIFIED,2690,bags
2026-01-27,,Arabica,Uganda,HA/BR,TOTAL_BAGS_CERTIFIED,320,bags
2026-01-27,,Arabica,Venezuela,HA/BR,TOTAL_BAGS_CERTIFIED,1000,bags
2026-01-27,,Arabica,Brazil,HOU,TOTAL_BAGS_CERTIFIED,123,bags
2026-01-27,,Arabica,Honduras,HOU,TOTAL_BAGS_CERTIFIED,9376,bags
2026-01-27,,Arabica,Mexico,HOU,TOTAL_BAGS_CERTIFIED,106,bags
2026-01-27,,Arabica,Nicaragua,HOU,TOTAL_BAGS_CERTIFIED,275,bags
2026-01-27,,Arabica,India,MIAMI,TOTAL_BAGS_CERTIFIED,1030,bags
2026-01-27,,Arabica,Kenya,MIAMI,TOTAL_BAGS_CERTIFIED,710,bags
2026-01-27,,Arabica,Peru,MIAMI,TOTAL_BAGS_CERTIFIED,5000,bags
2026-01-27,,Arabica,Venezuela,MIAMI,TOTAL_BAGS_CERTIFIED,250,bags
2026-01-27,,Arabica,Colombia,NOLA,TOTAL_BAGS_CERTIFIED,471,bags
2026-01-27,,Arabica,Mexico,NOLA,TOTAL_BAGS_CERTIFIED,1612,bags
2026-01-27,,Arabica,Honduras,NY,TOTAL_BAGS_CERTIFIED,35,bags
2026-01-27,,Arabica,Mexico,NY,TOTAL_BAGS_CERTIFIED,19336,bags
2026-01-27,,Arabica,Papua New Guinea,NY,TOTAL_BAGS_CERTIFIED,710,bags
2026-01-27,,Arabica,Peru,NY,TOTAL_BAGS_CERTIFIED,851,bags
2026-01-27,2026-01-26,Robusta,,ANT,NON_TENDERABLE,6,lots
2026-01-27,2026-01-26,Robusta,,ANT,VALID_CERTIFICATE,2542,lots
2026-01-27,2026-01-26,Robusta,,BAR,VALID_CERTIFICATE,27,lots
2026-01-27,2026-01-26,Robusta,,FEL,VALID_CERTIFICATE,141,lots
2026-01-27,2026-01-26,Robusta,,LON,NON_TENDERABLE,2,lots
2026-01-27,2026-01-26,Robusta,,LON,VALID_CERTIFICATE,1849,lots
2026-01-27,2026-01-26,Robusta,,TRI,VALID_CERTIFICATE,1,lots
2026-01-28,,Arabica,Brazil,ANT,TOTAL_BAGS_CERTIFIED,78578,bags
2026-01-28,,Arabica,Burundi,ANT,TOTAL_BAGS_CERTIFIED,4442,bags
2026-01-28,,Arabica,Colombia,ANT,TOTAL_BAGS_CERTIFIED,25,bags
2026-01-28,,Arabica,Costa Rica,ANT,TOTAL_BAGS_CERTIFIED,250,bags
2026-01-28,,Arabica,El Salvador,ANT,TOTAL_BAGS_CERTIFIED,4191,bags
2026-01-28,,Arabica,Honduras,ANT,TOTAL_BAGS_CERTIFIED,13780,bags
2026-01-28,,Arabica,India,ANT,TOTAL_BAGS_CERTIFIED,7148,bags
2026-01-28,,Arabica,Kenya,ANT,TOTAL_BAGS_CERTIFIED,13179,bags
2026-01-28,,Arabica,Mexico,ANT,TOTAL_BAGS_CERTIFIED,47154,bags
2026-01-28,,Arabica,Nicaragua,ANT,TOTAL_BAGS_CERTIFIED,33558,bags
2026-01-28,,Arabica,Papua New Guinea,ANT,TOTAL_BAGS_CERTIFIED,6825,bags
2026-01-28,,Arabica,Peru,ANT,TOTAL_BAGS_CERTIFIED,65103,bags
2026-01-28,,Arabica,Rwanda,ANT,TOTAL_BAGS_CERTIFIED,27043,bags
2026-01-28,,Arabica,Tanzania,ANT,TOTAL_BAGS_CERTIFIED,37690,bags
2026-01-28,,Arabica,Uganda,ANT,TOTAL_BAGS_CERTIFIED,21316,bags
2026-01-28,,Arabica,Burundi,HA/BR,TOTAL_BAGS_CERTIFIED,2279,bags
2026-01-28,,Arabica,Honduras,HA/BR,TOTAL_BAGS_CERTIFIED,7675,bags
2026-01-28,,Arabica,India,HA/BR,TOTAL_BAGS_CERTIFIED,2839,bags
2026-01-28,,Arabica,Kenya,HA/BR,TOTAL_BAGS_CERTIFIED,2543,bags
2026-01-28,,Arabica,Papua New Guinea,HA/BR,TOTAL_BAGS_CERTIFIED,10365,bags
2026-01-28,,Arabica,Peru,HA/BR,TOTAL_BAGS_CERTIFIED,1240,bags
2026-01-28,,Arabica,Tanzania,HA/BR,TOTAL_BAGS_CERTIFIED,2690,bags
2026-01-28,,Arabica,Uganda,HA/BR,TOTAL_BAGS_CERTIFIED,320,bags
2026-01-28,,Arabica,Venezuela,HA/BR,TOTAL_BAGS_CERTIFIED,1000,bags
2026-01-28,,Arabica,Brazil,HOU,TOTAL_BAGS_CERTIFIED,123,bags
2026-01-28,,Arabica,Honduras,HOU,TOTAL_BAGS_CERTIFIED,9376,bags
2026-01-28,,Arabica,Mexico,HOU,TOTAL_BAGS_CERTIFIED,106,bags
2026-01-28,,Arabica,Nicaragua,HOU,TOTAL_BAGS_CERTIFIED,275,bags
2026-01-28,,Arabica,India,MIAMI,TOTAL_BAGS_CERTIFIED,1030,bags
2026-01-28,,Arabica,Kenya,MIAMI,TOTAL_BAGS_CERTIFIED,710,bags
2026-01-28,,Arabica,Peru,MIAMI,TOTAL_BAGS_CERTIFIED,5000,bags
2026-01-28,,Arabica,Venezuela,MIAMI,TOTAL_BAGS_CERTIFIED,250,bags
2026-01-28,,Arabica,Colombia,NOLA,TOTAL_BAGS_CERTIFIED,471,bags
2026-01-28,,Arabica,Mexico,NOLA,TOTAL_BAGS_CERTIFIED,1612,bags
2026-01-28,,Arabica,Honduras,NY,TOTAL_BAGS_CERTIFIED,35,bags
2026-01-28,,Arabica,Mexico,NY,TOTAL_BAGS_CERTIFIED,19336,bags
2026-01-28,,Arabica,Papua New Guinea,NY,TOTAL_BAGS_CERTIFIED,710,bags
2026-01-28,,Arabica,Peru,NY,TOTAL_BAGS_CERTIFIED,851,bags
2026-01-28,2026-01-27,Robusta,,ANT,NON_TENDERABLE,6,lots
2026-01-28,2026-01-27,Robusta,,ANT,VALID_CERTIFICATE,2540,lots
2026-01-28,2026-01-27,Robusta,,BAR,VALID_CERTIFICATE,27,lots
2026-01-28,2026-01-27,Robusta,,FEL,VALID_CERTIFICATE,141,lots
2026-01-28,2026-01-27,Robusta,,LON,NON_TENDERABLE,2,lots
2026-01-28,2026-01-27,Robusta,,LON,VALID_CERTIFICATE,1849,lots
2026-01-28,2026-01-27,Robusta,,TRI,VALID_CERTIFICATE,1,lots
2026-01-29,,Arabica,Brazil,ANT,TOTAL_BAGS_CERTIFIED,78578,bags
2026-01-29,,Arabica,Burundi,ANT,TOTAL_BAGS_CERTIFIED,4442,bags
2026-01-29,,Arabica,Colombia,ANT,TOTAL_BAGS_CERTIFIED,25,bags
2026-01-29,,Arabica,Costa Rica,ANT,TOTAL_BAGS_CERTIFIED,250,bags
2026-01-29,,Arabica,El Salvador,ANT,TOTAL_BAGS_CERTIFIED,4191,bags
2026-01-29,,Arabica,Honduras,ANT,TOTAL_BAGS_CERTIFIED,13279,bags
2026-01-29,,Arabica,India,ANT,TOTAL_BAGS_CERTIFIED,7148,bags
2026-01-29,,Arabica,Kenya,ANT,TOTAL_BAGS_CERTIFIED,13179,bags
2026-01-29,,Arabica,Mexico,ANT,TOTAL_BAGS_CERTIFIED,47154,bags
2026-01-29,,Arabica,Nicaragua,ANT,TOTAL_BAGS_CERTIFIED,33558,bags
2026-01-29,,Arabica,Papua New Guinea,ANT,TOTAL_BAGS_CERTIFIED,6825,bags
2026-01-29,,Arabica,Peru,ANT,TOTAL_BAGS_CERTIFIED,68678,bags
2026-01-29,,Arabica,Rwanda,ANT,TOTAL_BAGS_CERTIFIED,27043,bags
2026-01-29,,Arabica,Tanzania,ANT,TOTAL_BAGS_CERTIFIED,37120,bags
2026-01-29,,Arabica,Uganda,ANT,TOTAL_BAGS_CERTIFIED,21316,bags
2026-01-29,,Arabica,Burundi,HA/BR,TOTAL_BAGS_CERTIFIED,2279,bags
2026-01-29,,Arabica,Honduras,HA/BR,TOTAL_BAGS_CERTIFIED,7425,bags
2026-01-29,,Arabica,India,HA/BR,TOTAL_BAGS_CERTIFIED,2839,bags
2026-01-29,,Arabica,Kenya,HA/BR,TOTAL_BAGS_CERTIFIED,2543,bags
2026-01-29,,Arabica,Papua New Guinea,HA/BR,TOTAL_BAGS_CERTIFIED,10365,bags
2026-01-29,,Arabica,Peru,HA/BR,TOTAL_BAGS_CERTIFIED,1240,bags
2026-01-29,,Arabica,Tanzania,HA/BR,TOTAL_BAGS_CERTIFIED,2690,bags
2026-01-29,,Arabica,Uganda,HA/BR,TOTAL_BAGS_CERTIFIED,320,bags
2026-01-29,,Arabica,Venezuela,HA/BR,TOTAL_BAGS_CERTIFIED,1000,bags
2026-01-29,,Arabica,Brazil,HOU,TOTAL_BAGS_CERTIFIED,123,bags
2026-01-29,,Arabica,Honduras,HOU,TOTAL_BAGS_CERTIFIED,9376,bags
2026-01-29,,Arabica,Mexico,HOU,TOTAL_BAGS_CERTIFIED,106,bags
2026-01-29,,Arabica,Nicaragua,HOU,TOTAL_BAGS_CERTIFIED,275,bags
2026-01-29,,Arabica,India,MIAMI,TOTAL_BAGS_CERTIFIED,1030,bags
2026-01-29,,Arabica,Kenya,MIAMI,TOTAL_BAGS_CERTIFIED,710,bags
2026-01-29,,Arabica,Peru,MIAMI,TOTAL_BAGS_CERTIFIED,5000,bags
2026-01-29,,Arabica,Venezuela,MIAMI,TOTAL_BAGS_CERTIFIED,250,bags
2026-01-29,,Arabica,Colombia,NOLA,TOTAL_BAGS_CERTIFIED,471,bags
2026-01-29,,Arabica,Mexico,NOLA,TOTAL_BAGS_CERTIFIED,1612,bags
2026-01-29,,Arabica,Honduras,NY,TOTAL_BAGS_CERTIFIED,35,bags
2026-01-29,,Arabica,Mexico,NY,TOTAL_BAGS_CERTIFIED,19336,bags
2026-01-29,,Arabica,Papua New Guinea,NY,TOTAL_BAGS_CERTIFIED,710,bags
2026-01-29,,Arabica,Peru,NY,TOTAL_BAGS_CERTIFIED,851,bags
2026-01-29,2026-01-28,Robusta,,ANT,NON_TENDERABLE,6,lots
2026-01-29,2026-01-28,Robusta,,ANT,VALID_CERTIFICATE,2538,lots
2026-01-29,2026-01-28,Robusta,,BAR,VALID_CERTIFICATE,27,lots
2026-01-29,2026-01-28,Robusta,,FEL,VALID_CERTIFICATE,141,lots
2026-01-29,2026-01-28,Robusta,,LON,NON_TENDERABLE,2,lots
2026-01-29,2026-01-28,Robusta,,LON,VALID_CERTIFICATE,1838,lots
2026-01-29,2026-01-28,Robusta,,TRI,VALID_CERTIFICATE,1,lots
2026-01-30,,Arabica,Brazil,ANT,TOTAL_BAGS_CERTIFIED,78578,bags
2026-01-30,,Arabica,Burundi,ANT,TOTAL_BAGS_CERTIFIED,4442,bags
2026-01-30,,Arabica,Colombia,ANT,TOTAL_BAGS_CERTIFIED,25,bags
2026-01-30,,Arabica,Costa Rica,ANT,TOTAL_BAGS_CERTIFIED,250,bags
2026-01-30,,Arabica,El Salvador,ANT,TOTAL_BAGS_CERTIFIED,4191,bags
2026-01-30,,Arabica,Honduras,ANT,TOTAL_BAGS_CERTIFIED,17681,bags
2026-01-30,,Arabica,India,ANT,TOTAL_BAGS_CERTIFIED,7148,bags
2026-01-30,,Arabica,Kenya,ANT,TOTAL_BAGS_CERTIFIED,13119,bags
2026-01-30,,Arabica,Mexico,ANT,TOTAL_BAGS_CERTIFIED,46404,bags
2026-01-30,,Arabica,Nicaragua,ANT,TOTAL_BAGS_CERTIFIED,32814,bags
2026-01-30,,Arabica,Papua New Guinea,ANT,TOTAL_BAGS_CERTIFIED,6825,bags
2026-01-30,,Arabica,Peru,ANT,TOTAL_BAGS_CERTIFIED,68179,bags
2026-01-30,,Arabica,Rwanda,ANT,TOTAL_BAGS_CERTIFIED,27043,bags
2026-01-30,,Arabica,Tanzania,ANT,TOTAL_BAGS_CERTIFIED,37120,bags
2026-01-30,,Arabica,Uganda,ANT,TOTAL_BAGS_CERTIFIED,21316,bags
2026-01-30,,Arabica,Burundi,HA/BR,TOTAL_BAGS_CERTIFIED,2279,bags
2026-01-30,,Arabica,Honduras,HA/BR,TOTAL_BAGS_CERTIFIED,7425,bags
2026-01-30,,Arabica,India,HA/BR,TOTAL_BAGS_CERTIFIED,2839,bags
2026-01-30,,Arabica,Kenya,HA/BR,TOTAL_BAGS_CERTIFIED,2543,bags
2026-01-30,,Arabica,Papua New Guinea,HA/BR,TOTAL_BAGS_CERTIFIED,10365,bags
2026-01-30,,Arabica,Peru,HA/BR,TOTAL_BAGS_CERTIFIED,1240,bags
2026-01-30,,Arabica,Tanzania,HA/BR,TOTAL_BAGS_CERTIFIED,2690,bags
2026-01-30,,Arabica,Uganda,HA/BR,TOTAL_BAGS_CERTIFIED,320,bags
2026-01-30,,Arabica,Venezuela,HA/BR,TOTAL_BAGS_CERTIFIED,1000,bags
2026-01-30,,Arabica,Brazil,HOU,TOTAL_BAGS_CERTIFIED,123,bags
2026-01-30,,Arabica,Honduras,HOU,TOTAL_BAGS_CERTIFIED,9376,bags
2026-01-30,,Arabica,Mexico,HOU,TOTAL_BAGS_CERTIFIED,106,bags
2026-01-30,,Arabica,Nicaragua,HOU,TOTAL_BAGS_CERTIFIED,275,bags
2026-01-30,,Arabica,India,MIAMI,TOTAL_BAGS_CERTIFIED,1030,bags
2026-01-30,,Arabica,Kenya,MIAMI,TOTAL_BAGS_CERTIFIED,710,bags
2026-01-30,,Arabica,Peru,MIAMI,TOTAL_BAGS_CERTIFIED,5000,bags
2026-01-30,,Arabica,Venezuela,MIAMI,TOTAL_BAGS_CERTIFIED,250,bags
2026-01-30,,Arabica,Colombia,NOLA,TOTAL_BAGS_CERTIFIED,471,bags
2026-01-30,,Arabica,Mexico,NOLA,TOTAL_BAGS_CERTIFIED,1612,bags
2026-01-30,,Arabica,Honduras,NY,TOTAL_BAGS_CERTIFIED,35,bags
2026-01-30,,Arabica,Mexico,NY,TOTAL_BAGS_CERTIFIED,19336,bags
2026-01-30,,Arabica,Papua New Guinea,NY,TOTAL_BAGS_CERTIFIED,710,bags
2026-01-30,,Arabica,Peru,NY,TOTAL_BAGS_CERTIFIED,851,bags
2026-01-30,2026-01-29,Robusta,,ANT,NON_TENDERABLE,6,lots
2026-01-30,2026-01-29,Robusta,,ANT,VALID_CERTIFICATE,2538,lots
2026-01-30,2026-01-29,Robusta,,BAR,VALID_CERTIFICATE,27,lots
2026-01-30,2026-01-29,Robusta,,FEL,VALID_CERTIFICATE,141,lots
2026-01-30,2026-01-29,Robusta,,LON,NON_TENDERABLE,2,lots
2026-01-30,2026-01-29,Robusta,,LON,VALID_CERTIFICATE,1838,lots
2026-02-02,,Arabica,Brazil,ANT,TOTAL_BAGS_CERTIFIED,78538,bags
2026-02-02,,Arabica,Burundi,ANT,TOTAL_BAGS_CERTIFIED,4442,bags
2026-02-02,,Arabica,Colombia,ANT,TOTAL_BAGS_CERTIFIED,25,bags
2026-02-02,,Arabica,Costa Rica,ANT,TOTAL_BAGS_CERTIFIED,250,bags
2026-02-02,,Arabica,El Salvador,ANT,TOTAL_BAGS_CERTIFIED,4191,bags
2026-02-02,,Arabica,Honduras,ANT,TOTAL_BAGS_CERTIFIED,17681,bags
2026-02-02,,Arabica,India,ANT,TOTAL_BAGS_CERTIFIED,7148,bags
2026-02-02,,Arabica,Kenya,ANT,TOTAL_BAGS_CERTIFIED,13119,bags
2026-02-02,,Arabica,Mexico,ANT,TOTAL_BAGS_CERTIFIED,46404,bags
2026-02-02,,Arabica,Nicaragua,ANT,TOTAL_BAGS_CERTIFIED,32814,bags
2026-02-02,,Arabica,Papua New Guinea,ANT,TOTAL_BAGS_CERTIFIED,6825,bags
2026-02-02,,Arabica,Peru,ANT,TOTAL_BAGS_CERTIFIED,68179,bags
2026-02-02,,Arabica,Rwanda,ANT,TOTAL_BAGS_CERTIFIED,27043,bags
2026-02-02,,Arabica,Tanzania,ANT,TOTAL_BAGS_CERTIFIED,37120,bags
2026-02-02,,Arabica,Uganda,ANT,TOTAL_BAGS_CERTIFIED,21316,bags
2026-02-02,,Arabica,Burundi,HA/BR,TOTAL_BAGS_CERTIFIED,2279,bags
2026-02-02,,Arabica,Honduras,HA/BR,TOTAL_BAGS_CERTIFIED,7425,bags
2026-02-02,,Arabica,India,HA/BR,TOTAL_BAGS_CERTIFIED,2839,bags
2026-02-02,,Arabica,Kenya,HA/BR,TOTAL_BAGS_CERTIFIED,2543,bags
2026-02-02,,Arabica,Papua New Guinea,HA/BR,TOTAL_BAGS_CERTIFIED,10365,bags
2026-02-02,,Arabica,Peru,HA/BR,TOTAL_BAGS_CERTIFIED,1240,bags
2026-02-02,,Arabica,Tanzania,HA/BR,TOTAL_BAGS_CERTIFIED,2690,bags
2026-02-02,,Arabica,Uganda,HA/BR,TOTAL_BAGS_CERTIFIED,320,bags
2026-02-02,,Arabica,Venezuela,HA/BR,TOTAL_BAGS_CERTIFIED,1000,bags
2026-02-02,,Arabica,Brazil,HOU,TOTAL_BAGS_CERTIFIED,123,bags
2026-02-02,,Arabica,Honduras,HOU,TOTAL_BAGS_CERTIFIED,9376,bags
2026-02-02,,Arabica,Mexico,HOU,TOTAL_BAGS_CERTIFIED,106,bags
2026-02-02,,Arabica,Nicaragua,HOU,TOTAL_BAGS_CERTIFIED,275,bags
2026-02-02,,Arabica,India,MIAMI,TOTAL_BAGS_CERTIFIED,1030,bags
2026-02-02,,Arabica,Kenya,MIAMI,TOTAL_BAGS_CERTIFIED,710,bags
2026-02-02,,Arabica,Peru,MIAMI,TOTAL_BAGS_CERTIFIED,5000,bags
2026-02-02,,Arabica,Venezuela,MIAMI,TOTAL_BAGS_CERTIFIED,250,bags
2026-02-02,,Arabica,Colombia,NOLA,TOTAL_BAGS_CERTIFIED,471,bags
2026-02-02,,Arabica,Mexico,NOLA,TOTAL_BAGS_CERTIFIED,1612,bags
2026-02-02,,Arabica,Honduras,NY,TOTAL_BAGS_CERTIFIED,35,bags
2026-02-02,,Arabica,Mexico,NY,TOTAL_BAGS_CERTIFIED,19336,bags
2026-02-02,,Arabica,Papua New Guinea,NY,TOTAL_BAGS_CERTIFIED,710,bags
2026-02-02,,Arabica,Peru,NY,TOTAL_BAGS_CERTIFIED,851,bags
2026-02-02,2026-02-01,Robusta,,ANT,NON_TENDERABLE,6,lots
2026-02-02,2026-02-01,Robusta,,ANT,VALID_CERTIFICATE,2538,lots
2026-02-02,2026-02-01,Robusta,,BAR,VALID_CERTIFICATE,27,lots
2026-02-02,2026-02-01,Robusta,,FEL,VALID_CERTIFICATE,141,lots
2026-02-02,2026-02-01,Robusta,,LON,NON_TENDERABLE,2,lots
2026-02-02,2026-02-01,Robusta,,LON,VALID_CERTIFICATE,1838,lots
2026-02-03,,Arabica,Brazil,ANT,TOTAL_BAGS_CERTIFIED,78538,bags
2026-02-03,,Arabica,Burundi,ANT,TOTAL_BAGS_CERTIFIED,4442,bags
2026-02-03,,Arabica,Colombia,ANT,TOTAL_BAGS_CERTIFIED,25,bags
2026-02-03,,Arabica,Costa Rica,ANT,TOTAL_BAGS_CERTIFIED,250,bags
2026-02-03,,Arabica,El Salvador,ANT,TOTAL_BAGS_CERTIFIED,4191,bags
2026-02-03,,Arabica,Honduras,ANT,TOTAL_BAGS_CERTIFIED,17681,bags
2026-02-03,,Arabica,India,ANT,TOTAL_BAGS_CERTIFIED,7148,bags
2026-02-03,,Arabica,Kenya,ANT,TOTAL_BAGS_CERTIFIED,13119,bags
2026-02-03,,Arabica,Mexico,ANT,TOTAL_BAGS_CERTIFIED,46404,bags
2026-02-03,,Arabica,Nicaragua,ANT,TOTAL_BAGS_CERTIFIED,33100,bags
2026-02-03,,Arabica,Papua New Guinea,ANT,TOTAL_BAGS_CERTIFIED,6505,bags
2026-02-03,,Arabica,Peru,ANT,TOTAL_BAGS_CERTIFIED,68010,bags
2026-02-03,,Arabica,Rwanda,ANT,TOTAL_BAGS_CERTIFIED,27043,bags
2026-02-03,,Arabica,Tanzania,ANT,TOTAL_BAGS_CERTIFIED,37120,bags
2026-02-03,,Arabica,Uganda,ANT,TOTAL_BAGS_CERTIFIED,21316,bags
2026-02-03,,Arabica,Burundi,HA/BR,TOTAL_BAGS_CERTIFIED,2279,bags
2026-02-03,,Arabica,Honduras,HA/BR,TOTAL_BAGS_CERTIFIED,7425,bags
2026-02-03,,Arabica,India,HA/BR,TOTAL_BAGS_CERTIFIED,2839,bags
2026-02-03,,Arabica,Kenya,HA/BR,TOTAL_BAGS_CERTIFIED,2543,bags
2026-02-03,,Arabica,Papua New Guinea,HA/BR,TOTAL_BAGS_CERTIFIED,10365,bags
2026-02-03,,Arabica,Peru,HA/BR,TOTAL_BAGS_CERTIFIED,1240,bags
2026-02-03,,Arabica,Tanzania,HA/BR,TOTAL_BAGS_CERTIFIED,2690,bags
2026-02-03,,Arabica,Uganda,HA/BR,TOTAL_BAGS_CERTIFIED,320,bags
2026-02-03,,Arabica,Venezuela,HA/BR,TOTAL_BAGS_CERTIFIED,1000,bags
2026-02-03,,Arabica,Brazil,HOU,TOTAL_BAGS_CERTIFIED,123,bags
2026-02-03,,Arabica,Honduras,HOU,TOTAL_BAGS_CERTIFIED,10476,bags
2026-02-03,,Arabica,Mexico,HOU,TOTAL_BAGS_CERTIFIED,106,bags
2026-02-03,,Arabica,Nicaragua,HOU,TOTAL_BAGS_CERTIFIED,275,bags
2026-02-03,,Arabica,India,MIAMI,TOTAL_BAGS_CERTIFIED,1030,bags
2026-02-03,,Arabica,Kenya,MIAMI,TOTAL_BAGS_CERTIFIED,710,bags
2026-02-03,,Arabica,Peru,MIAMI,TOTAL_BAGS_CERTIFIED,5000,bags
2026-02-03,,Arabica,Venezuela,MIAMI,TOTAL_BAGS_CERTIFIED,250,bags
2026-02-03,,Arabica,Colombia,NOLA,TOTAL_BAGS_CERTIFIED,471,bags
2026-02-03,,Arabica,Mexico,NOLA,TOTAL_BAGS_CERTIFIED,1612,bags
2026-02-03,,Arabica,Honduras,NY,TOTAL_BAGS_CERTIFIED,35,bags
2026-02-03,,Arabica,Mexico,NY,TOTAL_BAGS_CERTIFIED,19336,bags
2026-02-03,,Arabica,Papua New Guinea,NY,TOTAL_BAGS_CERTIFIED,710,bags
2026-02-03,,Arabica,Peru,NY,TOTAL_BAGS_CERTIFIED,851,bags
2026-02-03,2026-02-02,Robusta,,ANT,NON_TENDERABLE,6,lots
2026-02-03,2026-02-02,Robusta,,ANT,VALID_CERTIFICATE,2536,lots
2026-02-03,2026-02-02,Robusta,,BAR,VALID_CERTIFICATE,27,lots
2026-02-03,2026-02-02,Robusta,,FEL,VALID_CERTIFICATE,141,lots
2026-02-03,2026-02-02,Robusta,,LON,NON_TENDERABLE,2,lots
2026-02-03,2026-02-02,Robusta,,LON,VALID_CERTIFICATE,1838,lots
2026-02-04,,Arabica,Brazil,ANT,TOTAL_BAGS_CERTIFIED,78538,bags
2026-02-04,,Arabica,Burundi,ANT,TOTAL_BAGS_CERTIFIED,4442,bags
2026-02-04,,Arabica,Colombia,ANT,TOTAL_BAGS_CERTIFIED,25,bags
2026-02-04,,Arabica,Costa Rica,ANT,TOTAL_BAGS_CERTIFIED,250,bags
2026-02-04,,Arabica,El Salvador,ANT,TOTAL_BAGS_CERTIFIED,4191,bags
2026-02-04,,Arabica,Honduras,ANT,TOTAL_BAGS_CERTIFIED,17681,bags
2026-02-04,,Arabica,India,ANT,TOTAL_BAGS_CERTIFIED,7148,bags
2026-02-04,,Arabica,Kenya,ANT,TOTAL_BAGS_CERTIFIED,13119,bags
2026-02-04,,Arabica,Mexico,ANT,TOTAL_BAGS_CERTIFIED,46404,bags
2026-02-04,,Arabica,Nicaragua,ANT,TOTAL_BAGS_CERTIFIED,34200,bags
2026-02-04,,Arabica,Papua New Guinea,ANT,TOTAL_BAGS_CERTIFIED,6505,bags
2026-02-04,,Arabica,Peru,ANT,TOTAL_BAGS_CERTIFIED,68560,bags
2026-02-04,,Arabica,Rwanda,ANT,TOTAL_BAGS_CERTIFIED,26723,bags
2026-02-04,,Arabica,Tanzania,ANT,TOTAL_BAGS_CERTIFIED,37120,bags
2026-02-04,,Arabica,Uganda,ANT,TOTAL_BAGS_CERTIFIED,21316,bags
2026-02-04,,Arabica,Burundi,HA/BR,TOTAL_BAGS_CERTIFIED,2279,bags
2026-02-04,,Arabica,Honduras,HA/BR,TOTAL_BAGS_CERTIFIED,7425,bags
2026-02-04,,Arabica,India,HA/BR,TOTAL_BAGS_CERTIFIED,2839,bags
2026-02-04,,Arabica,Kenya,HA/BR,TOTAL_BAGS_CERTIFIED,2543,bags
2026-02-04,,Arabica,Papua New Guinea,HA/BR,TOTAL_BAGS_CERTIFIED,10365,bags
2026-02-04,,Arabica,Peru,HA/BR,TOTAL_BAGS_CERTIFIED,1240,bags
2026-02-04,,Arabica,Tanzania,HA/BR,TOTAL_BAGS_CERTIFIED,2690,bags
2026-02-04,,Arabica,Uganda,HA/BR,TOTAL_BAGS_CERTIFIED,320,bags
2026-02-04,,Arabica,Venezuela,HA/BR,TOTAL_BAGS_CERTIFIED,1000,bags
2026-02-04,,Arabica,Brazil,HOU,TOTAL_BAGS_CERTIFIED,123,bags
2026-02-04,,Arabica,Honduras,HOU,TOTAL_BAGS_CERTIFIED,10476,bags
2026-02-04,,Arabica,Mexico,HOU,TOTAL_BAGS_CERTIFIED,106,bags
2026-02-04,,Arabica,Nicaragua,HOU,TOTAL_BAGS_CERTIFIED,25,bags
2026-02-04,,Arabica,India,MIAMI,TOTAL_BAGS_CERTIFIED,1030,bags
2026-02-04,,Arabica,Kenya,MIAMI,TOTAL_BAGS_CERTIFIED,710,bags
2026-02-04,,Arabica,Peru,MIAMI,TOTAL_BAGS_CERTIFIED,5000,bags
2026-02-04,,Arabica,Venezuela,MIAMI,TOTAL_BAGS_CERTIFIED,250,bags
2026-02-04,,Arabica,Colombia,NOLA,TOTAL_BAGS_CERTIFIED,471,bags
2026-02-04,,Arabica,Mexico,NOLA,TOTAL_BAGS_CERTIFIED,1612,bags
2026-02-04,,Arabica,Honduras,NY,TOTAL_BAGS_CERTIFIED,35,bags
2026-02-04,,Arabica,Mexico,NY,TOTAL_BAGS_CERTIFIED,19086,bags
2026-02-04,,Arabica,Papua New Guinea,NY,TOTAL_BAGS_CERTIFIED,710,bags
2026-02-04,,Arabica,Peru,NY,TOTAL_BAGS_CERTIFIED,851,bags
2026-02-04,2026-02-03,Robusta,,ANT,NON_TENDERABLE,2,lots
2026-02-04,2026-02-03,Robusta,,ANT,VALID_CERTIFICATE,2518,lots
2026-02-04,2026-02-03,Robusta,,BAR,VALID_CERTIFICATE,27,lots
2026-02-04,2026-02-03,Robusta,,FEL,VALID_CERTIFICATE,141,lots
2026-02-04,2026-02-03,Robusta,,LON,NON_TENDERABLE,2,lots
2026-02-04,2026-02-03,Robusta,,LON,VALID_CERTIFICATE,1838,lots
2026-02-05,,Arabica,Brazil,ANT,TOTAL_BAGS_CERTIFIED,57169,bags
2026-02-05,,Arabica,Burundi,ANT,TOTAL_BAGS_CERTIFIED,4442,bags
2026-02-05,,Arabica,Colombia,ANT,TOTAL_BAGS_CERTIFIED,25,bags
2026-02-05,,Arabica,Costa Rica,ANT,TOTAL_BAGS_CERTIFIED,250,bags
2026-02-05,,Arabica,El Salvador,ANT,TOTAL_BAGS_CERTIFIED,4191,bags
2026-02-05,,Arabica,Honduras,ANT,TOTAL_BAGS_CERTIFIED,18780,bags
2026-02-05,,Arabica,India,ANT,TOTAL_BAGS_CERTIFIED,7148,bags
2026-02-05,,Arabica,Kenya,ANT,TOTAL_BAGS_CERTIFIED,13119,bags
2026-02-05,,Arabica,Mexico,ANT,TOTAL_BAGS_CERTIFIED,46404,bags
2026-02-05,,Arabica,Nicaragua,ANT,TOTAL_BAGS_CERTIFIED,45793,bags
2026-02-05,,Arabica,Papua New Guinea,ANT,TOTAL_BAGS_CERTIFIED,6505,bags
2026-02-05,,Arabica,Peru,ANT,TOTAL_BAGS_CERTIFIED,68035,bags
2026-02-05,,Arabica,Rwanda,ANT,TOTAL_BAGS_CERTIFIED,26723,bags
2026-02-05,,Arabica,Tanzania,ANT,TOTAL_BAGS_CERTIFIED,37120,bags
2026-02-05,,Arabica,Uganda,ANT,TOTAL_BAGS_CERTIFIED,21316,bags
2026-02-05,,Arabica,Burundi,HA/BR,TOTAL_BAGS_CERTIFIED,2279,bags
2026-02-05,,Arabica,Honduras,HA/BR,TOTAL_BAGS_CERTIFIED,5550,bags
2026-02-05,,Arabica,India,HA/BR,TOTAL_BAGS_CERTIFIED,2839,bags
2026-02-05,,Arabica,Kenya,HA/BR,TOTAL_BAGS_CERTIFIED,2543,bags
2026-02-05,,Arabica,Papua New Guinea,HA/BR,TOTAL_BAGS_CERTIFIED,10365,bags
2026-02-05,,Arabica,Peru,HA/BR,TOTAL_BAGS_CERTIFIED,1240,bags
2026-02-05,,Arabica,Tanzania,HA/BR,TOTAL_BAGS_CERTIFIED,2690,bags
2026-02-05,,Arabica,Uganda,HA/BR,TOTAL_BAGS_CERTIFIED,320,bags
2026-02-05,,Arabica,Venezuela,HA/BR,TOTAL_BAGS_CERTIFIED,1000,bags
2026-02-05,,Arabica,Brazil,HOU,TOTAL_BAGS_CERTIFIED,123,bags
2026-02-05,,Arabica,Honduras,HOU,TOTAL_BAGS_CERTIFIED,10476,bags
2026-02-05,,Arabica,Mexico,HOU,TOTAL_BAGS_CERTIFIED,106,bags
2026-02-05,,Arabica,Nicaragua,HOU,TOTAL_BAGS_CERTIFIED,25,bags
2026-02-05,,Arabica,India,MIAMI,TOTAL_BAGS_CERTIFIED,1030,bags
2026-02-05,,Arabica,Kenya,MIAMI,TOTAL_BAGS_CERTIFIED,710,bags
2026-02-05,,Arabica,Peru,MIAMI,TOTAL_BAGS_CERTIFIED,5000,bags
2026-02-05,,Arabica,Venezuela,MIAMI,TOTAL_BAGS_CERTIFIED,250,bags
2026-02-05,,Arabica,Colombia,NOLA,TOTAL_BAGS_CERTIFIED,471,bags
2026-02-05,,Arabica,Mexico,NOLA,TOTAL_BAGS_CERTIFIED,612,bags
2026-02-05,,Arabica,Honduras,NY,TOTAL_BAGS_CERTIFIED,35,bags
2026-02-05,,Arabica,Mexico,NY,TOTAL_BAGS_CERTIFIED,19086,bags
2026-02-05,,Arabica,Papua New Guinea,NY,TOTAL_BAGS_CERTIFIED,710,bags
2026-02-05,,Arabica,Peru,NY,TOTAL_BAGS_CERTIFIED,851,bags
2026-02-05,2026-02-04,Robusta,,ANT,NON_TENDERABLE,2,lots
2026-02-05,2026-02-04,Robusta,,ANT,VALID_CERTIFICATE,2518,lots
2026-02-05,2026-02-04,Robusta,,BAR,VALID_CERTIFICATE,27,lots
2026-02-05,2026-02-04,Robusta,,FEL,VALID_CERTIFICATE,141,lots
2026-02-05,2026-02-04,Robusta,,LON,VALID_CERTIFICATE,1831,lots
2026-02-06,,Arabica,Brazil,ANT,TOTAL_BAGS_CERTIFIED,50330,bags
2026-02-06,,Arabica,Burundi,ANT,TOTAL_BAGS_CERTIFIED,4442,bags
2026-02-06,,Arabica,Colombia,ANT,TOTAL_BAGS_CERTIFIED,25,bags
2026-02-06,,Arabica,Costa Rica,ANT,TOTAL_BAGS_CERTIFIED,250,bags
2026-02-06,,Arabica,El Salvador,ANT,TOTAL_BAGS_CERTIFIED,4191,bags
2026-02-06,,Arabica,Honduras,ANT,TOTAL_BAGS_CERTIFIED,18280,bags
2026-02-06,,Arabica,India,ANT,TOTAL_BAGS_CERTIFIED,7148,bags
2026-02-06,,Arabica,Kenya,ANT,TOTAL_BAGS_CERTIFIED,13119,bags
2026-02-06,,Arabica,Mexico,ANT,TOTAL_BAGS_CERTIFIED,46354,bags
2026-02-06,,Arabica,Nicaragua,ANT,TOTAL_BAGS_CERTIFIED,49098,bags
2026-02-06,,Arabica,Papua New Guinea,ANT,TOTAL_BAGS_CERTIFIED,6505,bags
2026-02-06,,Arabica,Peru,ANT,TOTAL_BAGS_CERTIFIED,67044,bags
2026-02-06,,Arabica,Rwanda,ANT,TOTAL_BAGS_CERTIFIED,26723,bags
2026-02-06,,Arabica,Tanzania,ANT,TOTAL_BAGS_CERTIFIED,36253,bags
2026-02-06,,Arabica,Uganda,ANT,TOTAL_BAGS_CERTIFIED,21027,bags
2026-02-06,,Arabica,Burundi,HA/BR,TOTAL_BAGS_CERTIFIED,2279,bags
2026-02-06,,Arabica,Honduras,HA/BR,TOTAL_BAGS_CERTIFIED,5550,bags
2026-02-06,,Arabica,India,HA/BR,TOTAL_BAGS_CERTIFIED,2839,bags
2026-02-06,,Arabica,Kenya,HA/BR,TOTAL_BAGS_CERTIFIED,2543,bags
2026-02-06,,Arabica,Papua New Guinea,HA/BR,TOTAL_BAGS_CERTIFIED,10365,bags
2026-02-06,,Arabica,Peru,HA/BR,TOTAL_BAGS_CERTIFIED,1240,bags
2026-02-06,,Arabica,Tanzania,HA/BR,TOTAL_BAGS_CERTIFIED,2690,bags
2026-02-06,,Arabica,Uganda,HA/BR,TOTAL_BAGS_CERTIFIED,320,bags
2026-02-06,,Arabica,Venezuela,HA/BR,TOTAL_BAGS_CERTIFIED,1000,bags
2026-02-06,,Arabica,Brazil,HOU,TOTAL_BAGS_CERTIFIED,123,bags
2026-02-06,,Arabica,Honduras,HOU,TOTAL_BAGS_CERTIFIED,10476,bags
2026-02-06,,Arabica,Mexico,HOU,TOTAL_BAGS_CERTIFIED,106,bags
2026-02-06,,Arabica,Nicaragua,HOU,TOTAL_BAGS_CERTIFIED,3600,bags
2026-02-06,,Arabica,India,MIAMI,TOTAL_BAGS_CERTIFIED,1030,bags
2026-02-06,,Arabica,Kenya,MIAMI,TOTAL_BAGS_CERTIFIED,710,bags
2026-02-06,,Arabica,Peru,MIAMI,TOTAL_BAGS_CERTIFIED,4500,bags
2026-02-06,,Arabica,Venezuela,MIAMI,TOTAL_BAGS_CERTIFIED,250,bags
2026-02-06,,Arabica,Colombia,NOLA,TOTAL_BAGS_CERTIFIED,225,bags
2026-02-06,,Arabica,Mexico,NOLA,TOTAL_BAGS_CERTIFIED,112,bags
2026-02-06,,Arabica,Honduras,NY,TOTAL_BAGS_CERTIFIED,35,bags
2026-02-06,,Arabica,Mexico,NY,TOTAL_BAGS_CERTIFIED,19086,bags
2026-02-06,,Arabica,Papua New Guinea,NY,TOTAL_BAGS_CERTIFIED,710,bags
2026-02-06,,Arabica,Peru,NY,TOTAL_BAGS_CERTIFIED,595,bags
2026-02-06,2026-02-05,Robusta,,ANT,NON_TENDERABLE,2,lots
2026-02-06,2026-02-05,Robusta,,ANT,VALID_CERTIFICATE,2516,lots
2026-02-06,2026-02-05,Robusta,,BAR,VALID_CERTIFICATE,27,lots
2026-02-06,2026-02-05,Robusta,,FEL,VALID_CERTIFICATE,141,lots
2026-02-06,2026-02-05,Robusta,,LON,VALID_CERTIFICATE,1831,lots
2026-02-09,,Arabica,Brazil,ANT,TOTAL_BAGS_CERTIFIED,50330,bags
2026-02-09,,Arabica,Burundi,ANT,TOTAL_BAGS_CERTIFIED,4442,bags
2026-02-09,,Arabica,Colombia,ANT,TOTAL_BAGS_CERTIFIED,25,bags
2026-02-09,,Arabica,Costa Rica,ANT,TOTAL_BAGS_CERTIFIED,250,bags
2026-02-09,,Arabica,El Salvador,ANT,TOTAL_BAGS_CERTIFIED,4191,bags
2026-02-09,,Arabica,Honduras,ANT,TOTAL_BAGS_CERTIFIED,20754,bags
2026-02-09,,Arabica,India,ANT,TOTAL_BAGS_CERTIFIED,7148,bags
2026-02-09,,Arabica,Kenya,ANT,TOTAL_BAGS_CERTIFIED,13119,bags
2026-02-09,,Arabica,Mexico,ANT,TOTAL_BAGS_CERTIFIED,46354,bags
2026-02-09,,Arabica,Nicaragua,ANT,TOTAL_BAGS_CERTIFIED,52115,bags
2026-02-09,,Arabica,Papua New Guinea,ANT,TOTAL_BAGS_CERTIFIED,6505,bags
2026-02-09,,Arabica,Peru,ANT,TOTAL_BAGS_CERTIFIED,67044,bags
2026-02-09,,Arabica,Rwanda,ANT,TOTAL_BAGS_CERTIFIED,26723,bags
2026-02-09,,Arabica,Tanzania,ANT,TOTAL_BAGS_CERTIFIED,36253,bags
2026-02-09,,Arabica,Uganda,ANT,TOTAL_BAGS_CERTIFIED,21027,bags
2026-02-09,,Arabica,Burundi,HA/BR,TOTAL_BAGS_CERTIFIED,2279,bags
2026-02-09,,Arabica,Honduras,HA/BR,TOTAL_BAGS_CERTIFIED,5550,bags
2026-02-09,,Arabica,India,HA/BR,TOTAL_BAGS_CERTIFIED,2839,bags
2026-02-09,,Arabica,Kenya,HA/BR,TOTAL_BAGS_CERTIFIED,2543,bags
2026-02-09,,Arabica,Papua New Guinea,HA/BR,TOTAL_BAGS_CERTIFIED,10365,bags
2026-02-09,,Arabica,Peru,HA/BR,TOTAL_BAGS_CERTIFIED,1240,bags
2026-02-09,,Arabica,Tanzania,HA/BR,TOTAL_BAGS_CERTIFIED,2690,bags
2026-02-09,,Arabica,Uganda,HA/BR,TOTAL_BAGS_CERTIFIED,320,bags
2026-02-09,,Arabica,Venezuela,HA/BR,TOTAL_BAGS_CERTIFIED,1000,bags
2026-02-09,,Arabica,Brazil,HOU,TOTAL_BAGS_CERTIFIED,123,bags
2026-02-09,,Arabica,Honduras,HOU,TOTAL_BAGS_CERTIFIED,11576,bags
2026-02-09,,Arabica,Mexico,HOU,TOTAL_BAGS_CERTIFIED,106,bags
2026-02-09,,Arabica,Nicaragua,HOU,TOTAL_BAGS_CERTIFIED,4150,bags
2026-02-09,,Arabica,India,MIAMI,TOTAL_BAGS_CERTIFIED,1030,bags
2026-02-09,,Arabica,Kenya,MIAMI,TOTAL_BAGS_CERTIFIED,710,bags
2026-02-09,,Arabica,Peru,MIAMI,TOTAL_BAGS_CERTIFIED,4250,bags
2026-02-09,,Arabica,Venezuela,MIAMI,TOTAL_BAGS_CERTIFIED,250,bags
2026-02-09,,Arabica,Colombia,NOLA,TOTAL_BAGS_CERTIFIED,225,bags
2026-02-09,,Arabica,Mexico,NOLA,TOTAL_BAGS_CERTIFIED,112,bags
2026-02-09,,Arabica,Honduras,NY,TOTAL_BAGS_CERTIFIED,35,bags
2026-02-09,,Arabica,Mexico,NY,TOTAL_BAGS_CERTIFIED,19086,bags
2026-02-09,,Arabica,Papua New Guinea,NY,TOTAL_BAGS_CERTIFIED,710,bags
2026-02-09,,Arabica,Peru,NY,TOTAL_BAGS_CERTIFIED,595,bags
2026-02-09,2026-02-08,Robusta,,ANT,NON_TENDERABLE,2,lots
2026-02-09,2026-02-08,Robusta,,ANT,VALID_CERTIFICATE,2508,lots
2026-02-09,2026-02-08,Robusta,,BAR,VALID_CERTIFICATE,27,lots
2026-02-09,2026-02-08,Robusta,,FEL,VALID_CERTIFICATE,141,lots
2026-02-09,2026-02-08,Robusta,,LON,VALID_CERTIFICATE,1831,lots
2026-02-10,,Arabica,Brazil,ANT,TOTAL_BAGS_CERTIFIED,41530,bags
2026-02-10,,Arabica,Burundi,ANT,TOTAL_BAGS_CERTIFIED,4442,bags
2026-02-10,,Arabica,Colombia,ANT,TOTAL_BAGS_CERTIFIED,25,bags
2026-02-10,,Arabica,Costa Rica,ANT,TOTAL_BAGS_CERTIFIED,250,bags
2026-02-10,,Arabica,El Salvador,ANT,TOTAL_BAGS_CERTIFIED,4191,bags
2026-02-10,,Arabica,Honduras,ANT,TOTAL_BAGS_CERTIFIED,23503,bags
2026-02-10,,Arabica,India,ANT,TOTAL_BAGS_CERTIFIED,7148,bags
2026-02-10,,Arabica,Kenya,ANT,TOTAL_BAGS_CERTIFIED,13119,bags
2026-02-10,,Arabica,Mexico,ANT,TOTAL_BAGS_CERTIFIED,46354,bags
2026-02-10,,Arabica,Nicaragua,ANT,TOTAL_BAGS_CERTIFIED,55172,bags
2026-02-10,,Arabica,Papua New Guinea,ANT,TOTAL_BAGS_CERTIFIED,6381,bags
2026-02-10,,Arabica,Peru,ANT,TOTAL_BAGS_CERTIFIED,67044,bags
2026-02-10,,Arabica,Rwanda,ANT,TOTAL_BAGS_CERTIFIED,26723,bags
2026-02-10,,Arabica,Tanzania,ANT,TOTAL_BAGS_CERTIFIED,36253,bags
2026-02-10,,Arabica,Uganda,ANT,TOTAL_BAGS_CERTIFIED,21027,bags
2026-02-10,,Arabica,Burundi,HA/BR,TOTAL_BAGS_CERTIFIED,2279,bags
2026-02-10,,Arabica,Honduras,HA/BR,TOTAL_BAGS_CERTIFIED,5550,bags
2026-02-10,,Arabica,India,HA/BR,TOTAL_BAGS_CERTIFIED,2839,bags
2026-02-10,,Arabica,Kenya,HA/BR,TOTAL_BAGS_CERTIFIED,2543,bags
2026-02-10,,Arabica,Papua New Guinea,HA/BR,TOTAL_BAGS_CERTIFIED,10365,bags
2026-02-10,,Arabica,Peru,HA/BR,TOTAL_BAGS_CERTIFIED,1240,bags
2026-02-10,,Arabica,Tanzania,HA/BR,TOTAL_BAGS_CERTIFIED,2690,bags
2026-02-10,,Arabica,Uganda,HA/BR,TOTAL_BAGS_CERTIFIED,320,bags
2026-02-10,,Arabica,Venezuela,HA/BR,TOTAL_BAGS_CERTIFIED,1000,bags
2026-02-10,,Arabica,Brazil,HOU,TOTAL_BAGS_CERTIFIED,123,bags
2026-02-10,,Arabica,Honduras,HOU,TOTAL_BAGS_CERTIFIED,11576,bags
2026-02-10,,Arabica,Mexico,HOU,TOTAL_BAGS_CERTIFIED,106,bags
2026-02-10,,Arabica,Nicaragua,HOU,TOTAL_BAGS_CERTIFIED,5525,bags
2026-02-10,,Arabica,India,MIAMI,TOTAL_BAGS_CERTIFIED,1030,bags
2026-02-10,,Arabica,Kenya,MIAMI,TOTAL_BAGS_CERTIFIED,710,bags
2026-02-10,,Arabica,Peru,MIAMI,TOTAL_BAGS_CERTIFIED,4250,bags
2026-02-10,,Arabica,Venezuela,MIAMI,TOTAL_BAGS_CERTIFIED,250,bags
2026-02-10,,Arabica,Colombia,NOLA,TOTAL_BAGS_CERTIFIED,225,bags
2026-02-10,,Arabica,Mexico,NOLA,TOTAL_BAGS_CERTIFIED,112,bags
2026-02-10,,Arabica,Honduras,NY,TOTAL_BAGS_CERTIFIED,35,bags
2026-02-10,,Arabica,Mexico,NY,TOTAL_BAGS_CERTIFIED,19086,bags
2026-02-10,,Arabica,Papua New Guinea,NY,TOTAL_BAGS_CERTIFIED,710,bags
2026-02-10,,Arabica,Peru,NY,TOTAL_BAGS_CERTIFIED,595,bags
2026-02-10,2026-02-09,Robusta,,ANT,NON_TENDERABLE,2,lots
2026-02-10,2026-02-09,Robusta,,ANT,VALID_CERTIFICATE,2504,lots
2026-02-10,2026-02-09,Robusta,,BAR,VALID_CERTIFICATE,27,lots
2026-02-10,2026-02-09,Robusta,,FEL,VALID_CERTIFICATE,131,lots
2026-02-10,2026-02-09,Robusta,,LON,VALID_CERTIFICATE,1826,lots
2026-02-11,,Arabica,Brazil,ANT,TOTAL_BAGS_CERTIFIED,41530,bags
2026-02-11,,Arabica,Burundi,ANT,TOTAL_BAGS_CERTIFIED,4442,bags
2026-02-11,,Arabica,Colombia,ANT,TOTAL_BAGS_CERTIFIED,25,bags
2026-02-11,,Arabica,Costa Rica,ANT,TOTAL_BAGS_CERTIFIED,250,bags
2026-02-11,,Arabica,El Salvador,ANT,TOTAL_BAGS_CERTIFIED,4191,bags
2026-02-11,,Arabica,Honduras,ANT,TOTAL_BAGS_CERTIFIED,23503,bags
2026-02-11,,Arabica,India,ANT,TOTAL_BAGS_CERTIFIED,6863,bags
2026-02-11,,Arabica,Kenya,ANT,TOTAL_BAGS_CERTIFIED,13119,bags
2026-02-11,,Arabica,Mexico,ANT,TOTAL_BAGS_CERTIFIED,46354,bags
2026-02-11,,Arabica,Nicaragua,ANT,TOTAL_BAGS_CERTIFIED,56380,bags
2026-02-11,,Arabica,Papua New Guinea,ANT,TOTAL_BAGS_CERTIFIED,6381,bags
2026-02-11,,Arabica,Peru,ANT,TOTAL_BAGS_CERTIFIED,67044,bags
2026-02-11,,Arabica,Rwanda,ANT,TOTAL_BAGS_CERTIFIED,27043,bags
2026-02-11,,Arabica,Tanzania,ANT,TOTAL_BAGS_CERTIFIED,36253,bags
2026-02-11,,Arabica,Uganda,ANT,TOTAL_BAGS_CERTIFIED,21027,bags
2026-02-11,,Arabica,Burundi,HA/BR,TOTAL_BAGS_CERTIFIED,2279,bags
2026-02-11,,Arabica,Honduras,HA/BR,TOTAL_BAGS_CERTIFIED,5550,bags
2026-02-11,,Arabica,India,HA/BR,TOTAL_BAGS_CERTIFIED,2839,bags
2026-02-11,,Arabica,Kenya,HA/BR,TOTAL_BAGS_CERTIFIED,2543,bags
2026-02-11,,Arabica,Papua New Guinea,HA/BR,TOTAL_BAGS_CERTIFIED,10365,bags
2026-02-11,,Arabica,Peru,HA/BR,TOTAL_BAGS_CERTIFIED,1240,bags
2026-02-11,,Arabica,Tanzania,HA/BR,TOTAL_BAGS_CERTIFIED,2690,bags
2026-02-11,,Arabica,Uganda,HA/BR,TOTAL_BAGS_CERTIFIED,320,bags
2026-02-11,,Arabica,Venezuela,HA/BR,TOTAL_BAGS_CERTIFIED,1000,bags
2026-02-11,,Arabica,Brazil,HOU,TOTAL_BAGS_CERTIFIED,123,bags
2026-02-11,,Arabica,Honduras,HOU,TOTAL_BAGS_CERTIFIED,15283,bags
2026-02-11,,Arabica,Nicaragua,HOU,TOTAL_BAGS_CERTIFIED,5525,bags
2026-02-11,,Arabica,India,MIAMI,TOTAL_BAGS_CERTIFIED,1030,bags
2026-02-11,,Arabica,Kenya,MIAMI,TOTAL_BAGS_CERTIFIED,710,bags
2026-02-11,,Arabica,Peru,MIAMI,TOTAL_BAGS_CERTIFIED,4250,bags
2026-02-11,,Arabica,Venezuela,MIAMI,TOTAL_BAGS_CERTIFIED,250,bags
2026-02-11,,Arabica,Colombia,NOLA,TOTAL_BAGS_CERTIFIED,225,bags
2026-02-11,,Arabica,Mexico,NOLA,TOTAL_BAGS_CERTIFIED,112,bags
2026-02-11,,Arabica,Honduras,NY,TOTAL_BAGS_CERTIFIED,35,bags
2026-02-11,,Arabica,Mexico,NY,TOTAL_BAGS_CERTIFIED,18586,bags
2026-02-11,,Arabica,Papua New Guinea,NY,TOTAL_BAGS_CERTIFIED,710,bags
2026-02-11,,Arabica,Peru,NY,TOTAL_BAGS_CERTIFIED,595,bags
2026-02-11,2026-02-10,Robusta,,ANT,NON_TENDERABLE,2,lots
2026-02-11,2026-02-10,Robusta,,ANT,VALID_CERTIFICATE,2488,lots
2026-02-11,2026-02-10,Robusta,,BAR,VALID_CERTIFICATE,27,lots
2026-02-11,2026-02-10,Robusta,,FEL,VALID_CERTIFICATE,131,lots
2026-02-11,2026-02-10,Robusta,,LON,VALID_CERTIFICATE,1826,lots
2026-02-12,,Arabica,Brazil,ANT,TOTAL_BAGS_CERTIFIED,41530,bags
2026-02-12,,Arabica,Burundi,ANT,TOTAL_BAGS_CERTIFIED,4442,bags
2026-02-12,,Arabica,Colombia,ANT,TOTAL_BAGS_CERTIFIED,25,bags
2026-02-12,,Arabica,Costa Rica,ANT,TOTAL_BAGS_CERTIFIED,250,bags
2026-02-12,,Arabica,El Salvador,ANT,TOTAL_BAGS_CERTIFIED,3948,bags
2026-02-12,,Arabica,Honduras,ANT,TOTAL_BAGS_CERTIFIED,23503,bags
2026-02-12,,Arabica,India,ANT,TOTAL_BAGS_CERTIFIED,6798,bags
2026-02-12,,Arabica,Kenya,ANT,TOTAL_BAGS_CERTIFIED,13119,bags
2026-02-12,,Arabica,Mexico,ANT,TOTAL_BAGS_CERTIFIED,46354,bags
2026-02-12,,Arabica,Nicaragua,ANT,TOTAL_BAGS_CERTIFIED,56380,bags
2026-02-12,,Arabica,Papua New Guinea,ANT,TOTAL_BAGS_CERTIFIED,5811,bags
2026-02-12,,Arabica,Peru,ANT,TOTAL_BAGS_CERTIFIED,67319,bags
2026-02-12,,Arabica,Rwanda,ANT,TOTAL_BAGS_CERTIFIED,27043,bags
2026-02-12,,Arabica,Tanzania,ANT,TOTAL_BAGS_CERTIFIED,36206,bags
2026-02-12,,Arabica,Uganda,ANT,TOTAL_BAGS_CERTIFIED,21027,bags
2026-02-12,,Arabica,Burundi,HA/BR,TOTAL_BAGS_CERTIFIED,2279,bags
2026-02-12,,Arabica,Honduras,HA/BR,TOTAL_BAGS_CERTIFIED,5550,bags
2026-02-12,,Arabica,India,HA/BR,TOTAL_BAGS_CERTIFIED,2839,bags
2026-02-12,,Arabica,Kenya,HA/BR,TOTAL_BAGS_CERTIFIED,2543,bags
2026-02-12,,Arabica,Papua New Guinea,HA/BR,TOTAL_BAGS_CERTIFIED,10365,bags
2026-02-12,,Arabica,Peru,HA/BR,TOTAL_BAGS_CERTIFIED,1240,bags
2026-02-12,,Arabica,Tanzania,HA/BR,TOTAL_BAGS_CERTIFIED,2690,bags
2026-02-12,,Arabica,Uganda,HA/BR,TOTAL_BAGS_CERTIFIED,320,bags
2026-02-12,,Arabica,Venezuela,HA/BR,TOTAL_BAGS_CERTIFIED,1000,bags
2026-02-12,,Arabica,Brazil,HOU,TOTAL_BAGS_CERTIFIED,123,bags
2026-02-12,,Arabica,Honduras,HOU,TOTAL_BAGS_CERTIFIED,21846,bags
2026-02-12,,Arabica,Nicaragua,HOU,TOTAL_BAGS_CERTIFIED,5525,bags
2026-02-12,,Arabica,India,MIAMI,TOTAL_BAGS_CERTIFIED,1030,bags
2026-02-12,,Arabica,Kenya,MIAMI,TOTAL_BAGS_CERTIFIED,710,bags
2026-02-12,,Arabica,Peru,MIAMI,TOTAL_BAGS_CERTIFIED,4250,bags
2026-02-12,,Arabica,Venezuela,MIAMI,TOTAL_BAGS_CERTIFIED,250,bags
2026-02-12,,Arabica,Colombia,NOLA,TOTAL_BAGS_CERTIFIED,225,bags
2026-02-12,,Arabica,Mexico,NOLA,TOTAL_BAGS_CERTIFIED,112,bags
2026-02-12,,Arabica,Honduras,NY,TOTAL_BAGS_CERTIFIED,35,bags
2026-02-12,,Arabica,Mexico,NY,TOTAL_BAGS_CERTIFIED,18586,bags
2026-02-12,,Arabica,Papua New Guinea,NY,TOTAL_BAGS_CERTIFIED,710,bags
2026-02-12,,Arabica,Peru,NY,TOTAL_BAGS_CERTIFIED,98,bags
2026-02-12,2026-02-11,Robusta,,ANT,NON_TENDERABLE,2,lots
2026-02-12,2026-02-11,Robusta,,ANT,VALID_CERTIFICATE,2486,lots
2026-02-12,2026-02-11,Robusta,,BAR,VALID_CERTIFICATE,27,lots
2026-02-12,2026-02-11,Robusta,,FEL,VALID_CERTIFICATE,131,lots
2026-02-12,2026-02-11,Robusta,,LON,VALID_CERTIFICATE,1826,lots
2026-02-13,,Arabica,Brazil,ANT,TOTAL_BAGS_CERTIFIED,36970,bags
2026-02-13,,Arabica,Burundi,ANT,TOTAL_BAGS_CERTIFIED,4442,bags
2026-02-13,,Arabica,Colombia,ANT,TOTAL_BAGS_CERTIFIED,25,bags
2026-02-13,,Arabica,El Salvador,ANT,TOTAL_BAGS_CERTIFIED,3698,bags
2026-02-13,,Arabica,Honduras,ANT,TOTAL_BAGS_CERTIFIED,23253,bags
2026-02-13,,Arabica,India,ANT,TOTAL_BAGS_CERTIFIED,6798,bags
2026-02-13,,Arabica,Kenya,ANT,TOTAL_BAGS_CERTIFIED,13119,bags
2026-02-13,,Arabica,Mexico,ANT,TOTAL_BAGS_CERTIFIED,46354,bags
2026-02-13,,Arabica,Nicaragua,ANT,TOTAL_BAGS_CERTIFIED,55380,bags
2026-02-13,,Arabica,Papua New Guinea,ANT,TOTAL_BAGS_CERTIFIED,5811,bags
2026-02-13,,Arabica,Peru,ANT,TOTAL_BAGS_CERTIFIED,67067,bags
2026-02-13,,Arabica,Rwanda,ANT,TOTAL_BAGS_CERTIFIED,27043,bags
2026-02-13,,Arabica,Tanzania,ANT,TOTAL_BAGS_CERTIFIED,36173,bags
2026-02-13,,Arabica,Uganda,ANT,TOTAL_BAGS_CERTIFIED,21027,bags
2026-02-13,,Arabica,Burundi,HA/BR,TOTAL_BAGS_CERTIFIED,2279,bags
2026-02-13,,Arabica,Honduras,HA/BR,TOTAL_BAGS_CERTIFIED,5550,bags
2026-02-13,,Arabica,India,HA/BR,TOTAL_BAGS_CERTIFIED,1984,bags
2026-02-13,,Arabica,Kenya,HA/BR,TOTAL_BAGS_CERTIFIED,2543,bags
2026-02-13,,Arabica,Papua New Guinea,HA/BR,TOTAL_BAGS_CERTIFIED,10365,bags
2026-02-13,,Arabica,Peru,HA/BR,TOTAL_BAGS_CERTIFIED,1240,bags
2026-02-13,,Arabica,Tanzania,HA/BR,TOTAL_BAGS_CERTIFIED,2690,bags
2026-02-13,,Arabica,Uganda,HA/BR,TOTAL_BAGS_CERTIFIED,320,bags
2026-02-13,,Arabica,Venezuela,HA/BR,TOTAL_BAGS_CERTIFIED,1000,bags
2026-02-13,,Arabica,Brazil,HOU,TOTAL_BAGS_CERTIFIED,123,bags
2026-02-13,,Arabica,Honduras,HOU,TOTAL_BAGS_CERTIFIED,21846,bags
2026-02-13,,Arabica,Nicaragua,HOU,TOTAL_BAGS_CERTIFIED,5525,bags
2026-02-13,,Arabica,India,MIAMI,TOTAL_BAGS_CERTIFIED,1030,bags
2026-02-13,,Arabica,Kenya,MIAMI,TOTAL_BAGS_CERTIFIED,710,bags
2026-02-13,,Arabica,Peru,MIAMI,TOTAL_BAGS_CERTIFIED,4250,bags
2026-02-13,,Arabica,Venezuela,MIAMI,TOTAL_BAGS_CERTIFIED,250,bags
2026-02-13,,Arabica,Colombia,NOLA,TOTAL_BAGS_CERTIFIED,225,bags
2026-02-13,,Arabica,Mexico,NOLA,TOTAL_BAGS_CERTIFIED,112,bags
2026-02-13,,Arabica,Honduras,NY,TOTAL_BAGS_CERTIFIED,35,bags
2026-02-13,,Arabica,Mexico,NY,TOTAL_BAGS_CERTIFIED,18586,bags
2026-02-13,,Arabica,Papua New Guinea,NY,TOTAL_BAGS_CERTIFIED,710,bags
2026-02-13,,Arabica,Peru,NY,TOTAL_BAGS_CERTIFIED,98,bags
2026-02-13,2026-02-12,Robusta,,ANT,NON_TENDERABLE,2,lots
2026-02-13,2026-02-12,Robusta,,ANT,VALID_CERTIFICATE,2485,lots
2026-02-13,2026-02-12,Robusta,,BAR,VALID_CERTIFICATE,27,lots
2026-02-13,2026-02-12,Robusta,,FEL,VALID_CERTIFICATE,131,lots
2026-02-13,2026-02-12,Robusta,,LON,VALID_CERTIFICATE,1826,lots
2026-02-16,,Arabica,Brazil,ANT,TOTAL_BAGS_CERTIFIED,36970,bags
2026-02-16,,Arabica,Burundi,ANT,TOTAL_BAGS_CERTIFIED,4442,bags
2026-02-16,,Arabica,Colombia,ANT,TOTAL_BAGS_CERTIFIED,25,bags
2026-02-16,,Arabica,El Salvador,ANT,TOTAL_BAGS_CERTIFIED,3448,bags
2026-02-16,,Arabica,Honduras,ANT,TOTAL_BAGS_CERTIFIED,23253,bags
2026-02-16,,Arabica,India,ANT,TOTAL_BAGS_CERTIFIED,6798,bags
2026-02-16,,Arabica,Kenya,ANT,TOTAL_BAGS_CERTIFIED,13119,bags
2026-02-16,,Arabica,Mexico,ANT,TOTAL_BAGS_CERTIFIED,47554,bags
2026-02-16,,Arabica,Nicaragua,ANT,TOTAL_BAGS_CERTIFIED,55380,bags
2026-02-16,,Arabica,Papua New Guinea,ANT,TOTAL_BAGS_CERTIFIED,5811,bags
2026-02-16,,Arabica,Peru,ANT,TOTAL_BAGS_CERTIFIED,67067,bags
2026-02-16,,Arabica,Rwanda,ANT,TOTAL_BAGS_CERTIFIED,27043,bags
2026-02-16,,Arabica,Tanzania,ANT,TOTAL_BAGS_CERTIFIED,36173,bags
2026-02-16,,Arabica,Uganda,ANT,TOTAL_BAGS_CERTIFIED,21027,bags
2026-02-16,,Arabica,Burundi,HA/BR,TOTAL_BAGS_CERTIFIED,2279,bags
2026-02-16,,Arabica,Honduras,HA/BR,TOTAL_BAGS_CERTIFIED,5550,bags
2026-02-16,,Arabica,India,HA/BR,TOTAL_BAGS_CERTIFIED,1984,bags
2026-02-16,,Arabica,Kenya,HA/BR,TOTAL_BAGS_CERTIFIED,2543,bags
2026-02-16,,Arabica,Papua New Guinea,HA/BR,TOTAL_BAGS_CERTIFIED,10365,bags
2026-02-16,,Arabica,Peru,HA/BR,TOTAL_BAGS_CERTIFIED,1240,bags
2026-02-16,,Arabica,Tanzania,HA/BR,TOTAL_BAGS_CERTIFIED,2690,bags
2026-02-16,,Arabica,Uganda,HA/BR,TOTAL_BAGS_CERTIFIED,320,bags
2026-02-16,,Arabica,Venezuela,HA/BR,TOTAL_BAGS_CERTIFIED,1000,bags
2026-02-16,,Arabica,Brazil,HOU,TOTAL_BAGS_CERTIFIED,123,bags
2026-02-16,,Arabica,Honduras,HOU,TOTAL_BAGS_CERTIFIED,27111,bags
2026-02-16,,Arabica,Nicaragua,HOU,TOTAL_BAGS_CERTIFIED,5525,bags
2026-02-16,,Arabica,India,MIAMI,TOTAL_BAGS_CERTIFIED,1030,bags
2026-02-16,,Arabica,Kenya,MIAMI,TOTAL_BAGS_CERTIFIED,710,bags
2026-02-16,,Arabica,Peru,MIAMI,TOTAL_BAGS_CERTIFIED,4250,bags
2026-02-16,,Arabica,Venezuela,MIAMI,TOTAL_BAGS_CERTIFIED,250,bags
2026-02-16,,Arabica,Colombia,NOLA,TOTAL_BAGS_CERTIFIED,225,bags
2026-02-16,,Arabica,Mexico,NOLA,TOTAL_BAGS_CERTIFIED,112,bags
2026-02-16,,Arabica,Honduras,NY,TOTAL_BAGS_CERTIFIED,35,bags
2026-02-16,,Arabica,Mexico,NY,TOTAL_BAGS_CERTIFIED,18586,bags
2026-02-16,,Arabica,Papua New Guinea,NY,TOTAL_BAGS_CERTIFIED,710,bags
2026-02-16,,Arabica,Peru,NY,TOTAL_BAGS_CERTIFIED,98,bags
2026-02-16,2026-02-15,Robusta,,ANT,NON_TENDERABLE,2,lots
2026-02-16,2026-02-15,Robusta,,ANT,VALID_CERTIFICATE,2468,lots
2026-02-16,2026-02-15,Robusta,,BAR,VALID_CERTIFICATE,27,lots
2026-02-16,2026-02-15,Robusta,,FEL,VALID_CERTIFICATE,131,lots
2026-02-16,2026-02-15,Robusta,,LON,VALID_CERTIFICATE,1826,lots
2026-02-17,,Arabica,Brazil,ANT,TOTAL_BAGS_CERTIFIED,36970,bags
2026-02-17,,Arabica,Burundi,ANT,TOTAL_BAGS_CERTIFIED,4442,bags
2026-02-17,,Arabica,Colombia,ANT,TOTAL_BAGS_CERTIFIED,25,bags
2026-02-17,,Arabica,El Salvador,ANT,TOTAL_BAGS_CERTIFIED,3448,bags
2026-02-17,,Arabica,Honduras,ANT,TOTAL_BAGS_CERTIFIED,23253,bags
2026-02-17,,Arabica,India,ANT,TOTAL_BAGS_CERTIFIED,6798,bags
2026-02-17,,Arabica,Kenya,ANT,TOTAL_BAGS_CERTIFIED,13119,bags
2026-02-17,,Arabica,Mexico,ANT,TOTAL_BAGS_CERTIFIED,41939,bags
2026-02-17,,Arabica,Nicaragua,ANT,TOTAL_BAGS_CERTIFIED,57813,bags
2026-02-17,,Arabica,Papua New Guinea,ANT,TOTAL_BAGS_CERTIFIED,5811,bags
2026-02-17,,Arabica,Peru,ANT,TOTAL_BAGS_CERTIFIED,66048,bags
2026-02-17,,Arabica,Rwanda,ANT,TOTAL_BAGS_CERTIFIED,27043,bags
2026-02-17,,Arabica,Tanzania,ANT,TOTAL_BAGS_CERTIFIED,36173,bags
2026-02-17,,Arabica,Uganda,ANT,TOTAL_BAGS_CERTIFIED,21027,bags
2026-02-17,,Arabica,Burundi,HA/BR,TOTAL_BAGS_CERTIFIED,2279,bags
2026-02-17,,Arabica,Honduras,HA/BR,TOTAL_BAGS_CERTIFIED,1800,bags
2026-02-17,,Arabica,India,HA/BR,TOTAL_BAGS_CERTIFIED,1984,bags
2026-02-17,,Arabica,Kenya,HA/BR,TOTAL_BAGS_CERTIFIED,2543,bags
2026-02-17,,Arabica,Papua New Guinea,HA/BR,TOTAL_BAGS_CERTIFIED,10365,bags
2026-02-17,,Arabica,Peru,HA/BR,TOTAL_BAGS_CERTIFIED,1240,bags
2026-02-17,,Arabica,Tanzania,HA/BR,TOTAL_BAGS_CERTIFIED,2690,bags
2026-02-17,,Arabica,Uganda,HA/BR,TOTAL_BAGS_CERTIFIED,320,bags
2026-02-17,,Arabica,Venezuela,HA/BR,TOTAL_BAGS_CERTIFIED,1000,bags
2026-02-17,,Arabica,Brazil,HOU,TOTAL_BAGS_CERTIFIED,123,bags
2026-02-17,,Arabica,Guatemala,HOU,TOTAL_BAGS_CERTIFIED,4125,bags
2026-02-17,,Arabica,Honduras,HOU,TOTAL_BAGS_CERTIFIED,30328,bags
2026-02-17,,Arabica,Nicaragua,HOU,TOTAL_BAGS_CERTIFIED,5525,bags
2026-02-17,,Arabica,Honduras,MIAMI,TOTAL_BAGS_CERTIFIED,1257,bags
2026-02-17,,Arabica,India,MIAMI,TOTAL_BAGS_CERTIFIED,1030,bags
2026-02-17,,Arabica,Kenya,MIAMI,TOTAL_BAGS_CERTIFIED,710,bags
2026-02-17,,Arabica,Peru,MIAMI,TOTAL_BAGS_CERTIFIED,4250,bags
2026-02-17,,Arabica,Venezuela,MIAMI,TOTAL_BAGS_CERTIFIED,250,bags
2026-02-17,,Arabica,Colombia,NOLA,TOTAL_BAGS_CERTIFIED,225,bags
2026-02-17,,Arabica,Mexico,NOLA,TOTAL_BAGS_CERTIFIED,112,bags
2026-02-17,,Arabica,Honduras,NY,TOTAL_BAGS_CERTIFIED,35,bags
2026-02-17,,Arabica,Mexico,NY,TOTAL_BAGS_CERTIFIED,18586,bags
2026-02-17,,Arabica,Papua New Guinea,NY,TOTAL_BAGS_CERTIFIED,710,bags
2026-02-17,,Arabica,Peru,NY,TOTAL_BAGS_CERTIFIED,98,bags
2026-02-17,2026-02-16,Robusta,,ANT,NON_TENDERABLE,2,lots
2026-02-17,2026-02-16,Robusta,,ANT,VALID_CERTIFICATE,2468,lots
2026-02-17,2026-02-16,Robusta,,BAR,VALID_CERTIFICATE,27,lots
2026-02-17,2026-02-16,Robusta,,FEL,VALID_CERTIFICATE,131,lots
2026-02-17,2026-02-16,Robusta,,LON,VALID_CERTIFICATE,1826,lots
2026-02-18,,Arabica,Brazil,ANT,TOTAL_BAGS_CERTIFIED,36970,bags
2026-02-18,,Arabica,Burundi,ANT,TOTAL_BAGS_CERTIFIED,4442,bags
2026-02-18,,Arabica,Colombia,ANT,TOTAL_BAGS_CERTIFIED,25,bags
2026-02-18,,Arabica,El Salvador,ANT,TOTAL_BAGS_CERTIFIED,3448,bags
2026-02-18,,Arabica,Honduras,ANT,TOTAL_BAGS_CERTIFIED,23253,bags
2026-02-18,,Arabica,India,ANT,TOTAL_BAGS_CERTIFIED,6798,bags
2026-02-18,,Arabica,Kenya,ANT,TOTAL_BAGS_CERTIFIED,13119,bags
2026-02-18,,Arabica,Mexico,ANT,TOTAL_BAGS_CERTIFIED,41939,bags
2026-02-18,,Arabica,Nicaragua,ANT,TOTAL_BAGS_CERTIFIED,57638,bags
2026-02-18,,Arabica,Papua New Guinea,ANT,TOTAL_BAGS_CERTIFIED,5811,bags
2026-02-18,,Arabica,Peru,ANT,TOTAL_BAGS_CERTIFIED,66048,bags
2026-02-18,,Arabica,Rwanda,ANT,TOTAL_BAGS_CERTIFIED,27043,bags
2026-02-18,,Arabica,Tanzania,ANT,TOTAL_BAGS_CERTIFIED,36173,bags
2026-02-18,,Arabica,Uganda,ANT,TOTAL_BAGS_CERTIFIED,21027,bags
2026-02-18,,Arabica,Burundi,HA/BR,TOTAL_BAGS_CERTIFIED,2279,bags
2026-02-18,,Arabica,Honduras,HA/BR,TOTAL_BAGS_CERTIFIED,1800,bags
2026-02-18,,Arabica,India,HA/BR,TOTAL_BAGS_CERTIFIED,1984,bags
2026-02-18,,Arabica,Kenya,HA/BR,TOTAL_BAGS_CERTIFIED,2543,bags
2026-02-18,,Arabica,Papua New Guinea,HA/BR,TOTAL_BAGS_CERTIFIED,10365,bags
2026-02-18,,Arabica,Peru,HA/BR,TOTAL_BAGS_CERTIFIED,1240,bags
2026-02-18,,Arabica,Tanzania,HA/BR,TOTAL_BAGS_CERTIFIED,2690,bags
2026-02-18,,Arabica,Uganda,HA/BR,TOTAL_BAGS_CERTIFIED,320,bags
2026-02-18,,Arabica,Venezuela,HA/BR,TOTAL_BAGS_CERTIFIED,1000,bags
2026-02-18,,Arabica,Brazil,HOU,TOTAL_BAGS_CERTIFIED,123,bags
2026-02-18,,Arabica,Guatemala,HOU,TOTAL_BAGS_CERTIFIED,4950,bags
2026-02-18,,Arabica,Honduras,HOU,TOTAL_BAGS_CERTIFIED,42472,bags
2026-02-18,,Arabica,Mexico,HOU,TOTAL_BAGS_CERTIFIED,550,bags
2026-02-18,,Arabica,Nicaragua,HOU,TOTAL_BAGS_CERTIFIED,5525,bags
2026-02-18,,Arabica,Honduras,MIAMI,TOTAL_BAGS_CERTIFIED,2848,bags
2026-02-18,,Arabica,India,MIAMI,TOTAL_BAGS_CERTIFIED,1030,bags
2026-02-18,,Arabica,Kenya,MIAMI,TOTAL_BAGS_CERTIFIED,710,bags
2026-02-18,,Arabica,Peru,MIAMI,TOTAL_BAGS_CERTIFIED,4250,bags
2026-02-18,,Arabica,Venezuela,MIAMI,TOTAL_BAGS_CERTIFIED,250,bags
2026-02-18,,Arabica,Colombia,NOLA,TOTAL_BAGS_CERTIFIED,225,bags
2026-02-18,,Arabica,Mexico,NOLA,TOTAL_BAGS_CERTIFIED,112,bags
2026-02-18,,Arabica,Honduras,NY,TOTAL_BAGS_CERTIFIED,35,bags
2026-02-18,,Arabica,Mexico,NY,TOTAL_BAGS_CERTIFIED,18586,bags
2026-02-18,,Arabica,Papua New Guinea,NY,TOTAL_BAGS_CERTIFIED,710,bags
2026-02-18,,Arabica,Peru,NY,TOTAL_BAGS_CERTIFIED,98,bags
2026-02-18,2026-02-17,Robusta,,ANT,NON_TENDERABLE,2,lots
2026-02-18,2026-02-17,Robusta,,ANT,VALID_CERTIFICATE,2468,lots
2026-02-18,2026-02-17,Robusta,,BAR,VALID_CERTIFICATE,27,lots
2026-02-18,2026-02-17,Robusta,,FEL,VALID_CERTIFICATE,131,lots
2026-02-18,2026-02-17,Robusta,,LON,VALID_CERTIFICATE,1826,lots
2026-02-19,,Arabica,Brazil,ANT,TOTAL_BAGS_CERTIFIED,35350,bags
2026-02-19,,Arabica,Burundi,ANT,TOTAL_BAGS_CERTIFIED,4442,bags
2026-02-19,,Arabica,Colombia,ANT,TOTAL_BAGS_CERTIFIED,25,bags
2026-02-19,,Arabica,El Salvador,ANT,TOTAL_BAGS_CERTIFIED,3448,bags
2026-02-19,,Arabica,Honduras,ANT,TOTAL_BAGS_CERTIFIED,23253,bags
2026-02-19,,Arabica,India,ANT,TOTAL_BAGS_CERTIFIED,6798,bags
2026-02-19,,Arabica,Kenya,ANT,TOTAL_BAGS_CERTIFIED,13119,bags
2026-02-19,,Arabica,Mexico,ANT,TOTAL_BAGS_CERTIFIED,37190,bags
2026-02-19,,Arabica,Nicaragua,ANT,TOTAL_BAGS_CERTIFIED,57638,bags
2026-02-19,,Arabica,Papua New Guinea,ANT,TOTAL_BAGS_CERTIFIED,5811,bags
2026-02-19,,Arabica,Peru,ANT,TOTAL_BAGS_CERTIFIED,64553,bags
2026-02-19,,Arabica,Rwanda,ANT,TOTAL_BAGS_CERTIFIED,27043,bags
2026-02-19,,Arabica,Tanzania,ANT,TOTAL_BAGS_CERTIFIED,36173,bags
2026-02-19,,Arabica,Uganda,ANT,TOTAL_BAGS_CERTIFIED,21027,bags
2026-02-19,,Arabica,Burundi,HA/BR,TOTAL_BAGS_CERTIFIED,1139,bags
2026-02-19,,Arabica,Honduras,HA/BR,TOTAL_BAGS_CERTIFIED,1800,bags
2026-02-19,,Arabica,India,HA/BR,TOTAL_BAGS_CERTIFIED,1984,bags
2026-02-19,,Arabica,Kenya,HA/BR,TOTAL_BAGS_CERTIFIED,2543,bags
2026-02-19,,Arabica,Papua New Guinea,HA/BR,TOTAL_BAGS_CERTIFIED,10365,bags
2026-02-19,,Arabica,Peru,HA/BR,TOTAL_BAGS_CERTIFIED,1240,bags
2026-02-19,,Arabica,Tanzania,HA/BR,TOTAL_BAGS_CERTIFIED,2690,bags
2026-02-19,,Arabica,Uganda,HA/BR,TOTAL_BAGS_CERTIFIED,320,bags
2026-02-19,,Arabica,Venezuela,HA/BR,TOTAL_BAGS_CERTIFIED,1000,bags
2026-02-19,,Arabica,Brazil,HOU,TOTAL_BAGS_CERTIFIED,123,bags
2026-02-19,,Arabica,Guatemala,HOU,TOTAL_BAGS_CERTIFIED,5500,bags
2026-02-19,,Arabica,Honduras,HOU,TOTAL_BAGS_CERTIFIED,50063,bags
2026-02-19,,Arabica,Mexico,HOU,TOTAL_BAGS_CERTIFIED,550,bags
2026-02-19,,Arabica,Nicaragua,HOU,TOTAL_BAGS_CERTIFIED,5525,bags
2026-02-19,,Arabica,Honduras,MIAMI,TOTAL_BAGS_CERTIFIED,2848,bags
2026-02-19,,Arabica,India,MIAMI,TOTAL_BAGS_CERTIFIED,1030,bags
2026-02-19,,Arabica,Kenya,MIAMI,TOTAL_BAGS_CERTIFIED,710,bags
2026-02-19,,Arabica,Peru,MIAMI,TOTAL_BAGS_CERTIFIED,4250,bags
2026-02-19,,Arabica,Venezuela,MIAMI,TOTAL_BAGS_CERTIFIED,250,bags
2026-02-19,,Arabica,Colombia,NOLA,TOTAL_BAGS_CERTIFIED,225,bags
2026-02-19,,Arabica,Mexico,NOLA,TOTAL_BAGS_CERTIFIED,112,bags
2026-02-19,,Arabica,Honduras,NY,TOTAL_BAGS_CERTIFIED,35,bags
2026-02-19,,Arabica,Mexico,NY,TOTAL_BAGS_CERTIFIED,18586,bags
2026-02-19,,Arabica,Papua New Guinea,NY,TOTAL_BAGS_CERTIFIED,710,bags
2026-02-19,,Arabica,Peru,NY,TOTAL_BAGS_CERTIFIED,98,bags
2026-02-19,2026-02-18,Robusta,,ANT,NON_TENDERABLE,2,lots
2026-02-19,2026-02-18,Robusta,,ANT,VALID_CERTIFICATE,2450,lots
2026-02-19,2026-02-18,Robusta,,BAR,VALID_CERTIFICATE,27,lots
2026-02-19,2026-02-18,Robusta,,FEL,VALID_CERTIFICATE,131,lots
2026-02-19,2026-02-18,Robusta,,LON,VALID_CERTIFICATE,1826,lots
2026-02-20,,Arabica,Brazil,ANT,TOTAL_BAGS_CERTIFIED,33582,bags
2026-02-20,,Arabica,Burundi,ANT,TOTAL_BAGS_CERTIFIED,4442,bags
2026-02-20,,Arabica,Colombia,ANT,TOTAL_BAGS_CERTIFIED,25,bags
2026-02-20,,Arabica,El Salvador,ANT,TOTAL_BAGS_CERTIFIED,3448,bags
2026-02-20,,Arabica,Honduras,ANT,TOTAL_BAGS_CERTIFIED,25728,bags
2026-02-20,,Arabica,India,ANT,TOTAL_BAGS_CERTIFIED,6798,bags
2026-02-20,,Arabica,Kenya,ANT,TOTAL_BAGS_CERTIFIED,13119,bags
2026-02-20,,Arabica,Mexico,ANT,TOTAL_BAGS_CERTIFIED,39521,bags
2026-02-20,,Arabica,Nicaragua,ANT,TOTAL_BAGS_CERTIFIED,57638,bags
2026-02-20,,Arabica,Papua New Guinea,ANT,TOTAL_BAGS_CERTIFIED,5811,bags
2026-02-20,,Arabica,Peru,ANT,TOTAL_BAGS_CERTIFIED,65553,bags
2026-02-20,,Arabica,Rwanda,ANT,TOTAL_BAGS_CERTIFIED,27043,bags
2026-02-20,,Arabica,Tanzania,ANT,TOTAL_BAGS_CERTIFIED,36173,bags
2026-02-20,,Arabica,Uganda,ANT,TOTAL_BAGS_CERTIFIED,21027,bags
2026-02-20,,Arabica,Burundi,HA/BR,TOTAL_BAGS_CERTIFIED,1139,bags
2026-02-20,,Arabica,Honduras,HA/BR,TOTAL_BAGS_CERTIFIED,1800,bags
2026-02-20,,Arabica,India,HA/BR,TOTAL_BAGS_CERTIFIED,1984,bags
2026-02-20,,Arabica,Kenya,HA/BR,TOTAL_BAGS_CERTIFIED,2543,bags
2026-02-20,,Arabica,Papua New Guinea,HA/BR,TOTAL_BAGS_CERTIFIED,10365,bags
2026-02-20,,Arabica,Peru,HA/BR,TOTAL_BAGS_CERTIFIED,1240,bags
2026-02-20,,Arabica,Tanzania,HA/BR,TOTAL_BAGS_CERTIFIED,2690,bags
2026-02-20,,Arabica,Uganda,HA/BR,TOTAL_BAGS_CERTIFIED,320,bags
2026-02-20,,Arabica,Venezuela,HA/BR,TOTAL_BAGS_CERTIFIED,1500,bags
2026-02-20,,Arabica,Brazil,HOU,TOTAL_BAGS_CERTIFIED,123,bags
2026-02-20,,Arabica,Guatemala,HOU,TOTAL_BAGS_CERTIFIED,5500,bags
2026-02-20,,Arabica,Honduras,HOU,TOTAL_BAGS_CERTIFIED,50338,bags
2026-02-20,,Arabica,Mexico,HOU,TOTAL_BAGS_CERTIFIED,550,bags
2026-02-20,,Arabica,Nicaragua,HOU,TOTAL_BAGS_CERTIFIED,5525,bags
2026-02-20,,Arabica,Honduras,MIAMI,TOTAL_BAGS_CERTIFIED,6423,bags
2026-02-20,,Arabica,India,MIAMI,TOTAL_BAGS_CERTIFIED,1030,bags
2026-02-20,,Arabica,Kenya,MIAMI,TOTAL_BAGS_CERTIFIED,710,bags
2026-02-20,,Arabica,Peru,MIAMI,TOTAL_BAGS_CERTIFIED,4250,bags
2026-02-20,,Arabica,Venezuela,MIAMI,TOTAL_BAGS_CERTIFIED,250,bags
2026-02-20,,Arabica,Colombia,NOLA,TOTAL_BAGS_CERTIFIED,225,bags
2026-02-20,,Arabica,Mexico,NOLA,TOTAL_BAGS_CERTIFIED,112,bags
2026-02-20,,Arabica,Honduras,NY,TOTAL_BAGS_CERTIFIED,35,bags
2026-02-20,,Arabica,Mexico,NY,TOTAL_BAGS_CERTIFIED,18586,bags
2026-02-20,,Arabica,Papua New Guinea,NY,TOTAL_BAGS_CERTIFIED,710,bags
2026-02-20,,Arabica,Peru,NY,TOTAL_BAGS_CERTIFIED,98,bags
2026-02-20,,Arabica,Venezuela,NY,TOTAL_BAGS_CERTIFIED,1250,bags
2026-02-20,2026-02-19,Robusta,,ANT,NON_TENDERABLE,2,lots
2026-02-20,2026-02-19,Robusta,,ANT,VALID_CERTIFICATE,2446,lots
2026-02-20,2026-02-19,Robusta,,BAR,VALID_CERTIFICATE,27,lots
2026-02-20,2026-02-19,Robusta,,FEL,VALID_CERTIFICATE,131,lots
2026-02-20,2026-02-19,Robusta,,LON,VALID_CERTIFICATE,1823,lots
2026-02-23,,Arabica,Brazil,ANT,TOTAL_BAGS_CERTIFIED,33582,bags
2026-02-23,,Arabica,Burundi,ANT,TOTAL_BAGS_CERTIFIED,4442,bags
2026-02-23,,Arabica,Colombia,ANT,TOTAL_BAGS_CERTIFIED,25,bags
2026-02-23,,Arabica,El Salvador,ANT,TOTAL_BAGS_CERTIFIED,3448,bags
2026-02-23,,Arabica,Honduras,ANT,TOTAL_BAGS_CERTIFIED,25728,bags
2026-02-23,,Arabica,India,ANT,TOTAL_BAGS_CERTIFIED,6798,bags
2026-02-23,,Arabica,Kenya,ANT,TOTAL_BAGS_CERTIFIED,13119,bags
2026-02-23,,Arabica,Mexico,ANT,TOTAL_BAGS_CERTIFIED,39521,bags
2026-02-23,,Arabica,Nicaragua,ANT,TOTAL_BAGS_CERTIFIED,56571,bags
2026-02-23,,Arabica,Papua New Guinea,ANT,TOTAL_BAGS_CERTIFIED,5811,bags
2026-02-23,,Arabica,Peru,ANT,TOTAL_BAGS_CERTIFIED,65553,bags
2026-02-23,,Arabica,Rwanda,ANT,TOTAL_BAGS_CERTIFIED,27043,bags
2026-02-23,,Arabica,Tanzania,ANT,TOTAL_BAGS_CERTIFIED,36173,bags
2026-02-23,,Arabica,Uganda,ANT,TOTAL_BAGS_CERTIFIED,21027,bags
2026-02-23,,Arabica,Burundi,HA/BR,TOTAL_BAGS_CERTIFIED,1139,bags
2026-02-23,,Arabica,Honduras,HA/BR,TOTAL_BAGS_CERTIFIED,1800,bags
2026-02-23,,Arabica,India,HA/BR,TOTAL_BAGS_CERTIFIED,1984,bags
2026-02-23,,Arabica,Kenya,HA/BR,TOTAL_BAGS_CERTIFIED,2543,bags
2026-02-23,,Arabica,Papua New Guinea,HA/BR,TOTAL_BAGS_CERTIFIED,10365,bags
2026-02-23,,Arabica,Peru,HA/BR,TOTAL_BAGS_CERTIFIED,1240,bags
2026-02-23,,Arabica,Tanzania,HA/BR,TOTAL_BAGS_CERTIFIED,2690,bags
2026-02-23,,Arabica,Uganda,HA/BR,TOTAL_BAGS_CERTIFIED,320,bags
2026-02-23,,Arabica,Venezuela,HA/BR,TOTAL_BAGS_CERTIFIED,1500,bags
2026-02-23,,Arabica,Brazil,HOU,TOTAL_BAGS_CERTIFIED,123,bags
2026-02-23,,Arabica,Guatemala,HOU,TOTAL_BAGS_CERTIFIED,5500,bags
2026-02-23,,Arabica,Honduras,HOU,TOTAL_BAGS_CERTIFIED,50338,bags
2026-02-23,,Arabica,Mexico,HOU,TOTAL_BAGS_CERTIFIED,550,bags
2026-02-23,,Arabica,Nicaragua,HOU,TOTAL_BAGS_CERTIFIED,5525,bags
2026-02-23,,Arabica,Honduras,MIAMI,TOTAL_BAGS_CERTIFIED,6423,bags
2026-02-23,,Arabica,India,MIAMI,TOTAL_BAGS_CERTIFIED,1030,bags
2026-02-23,,Arabica,Kenya,MIAMI,TOTAL_BAGS_CERTIFIED,710,bags
2026-02-23,,Arabica,Peru,MIAMI,TOTAL_BAGS_CERTIFIED,4250,bags
2026-02-23,,Arabica,Venezuela,MIAMI,TOTAL_BAGS_CERTIFIED,250,bags
2026-02-23,,Arabica,Colombia,NOLA,TOTAL_BAGS_CERTIFIED,225,bags
2026-02-23,,Arabica,Mexico,NOLA,TOTAL_BAGS_CERTIFIED,112,bags
2026-02-23,,Arabica,Honduras,NY,TOTAL_BAGS_CERTIFIED,35,bags
2026-02-23,,Arabica,Mexico,NY,TOTAL_BAGS_CERTIFIED,18586,bags
2026-02-23,,Arabica,Papua New Guinea,NY,TOTAL_BAGS_CERTIFIED,710,bags
2026-02-23,,Arabica,Peru,NY,TOTAL_BAGS_CERTIFIED,98,bags
2026-02-23,,Arabica,Venezuela,NY,TOTAL_BAGS_CERTIFIED,1250,bags
2026-02-23,2026-02-22,Robusta,,ANT,NON_TENDERABLE,2,lots
2026-02-23,2026-02-22,Robusta,,ANT,VALID_CERTIFICATE,2445,lots
2026-02-23,2026-02-22,Robusta,,BAR,VALID_CERTIFICATE,27,lots
2026-02-23,2026-02-22,Robusta,,FEL,SUSPENDED,18,lots
2026-02-23,2026-02-22,Robusta,,FEL,VALID_CERTIFICATE,113,lots
2026-02-23,2026-02-22,Robusta,,LON,SUSPENDED,342,lots
2026-02-23,2026-02-22,Robusta,,LON,VALID_CERTIFICATE,1481,lots
2026-02-24,,Arabica,Brazil,ANT,TOTAL_BAGS_CERTIFIED,33582,bags
2026-02-24,,Arabica,Burundi,ANT,TOTAL_BAGS_CERTIFIED,4442,bags
2026-02-24,,Arabica,Colombia,ANT,TOTAL_BAGS_CERTIFIED,25,bags
2026-02-24,,Arabica,El Salvador,ANT,TOTAL_BAGS_CERTIFIED,3448,bags
2026-02-24,,Arabica,Honduras,ANT,TOTAL_BAGS_CERTIFIED,25553,bags
2026-02-24,,Arabica,India,ANT,TOTAL_BAGS_CERTIFIED,6798,bags
2026-02-24,,Arabica,Kenya,ANT,TOTAL_BAGS_CERTIFIED,13119,bags
2026-02-24,,Arabica,Mexico,ANT,TOTAL_BAGS_CERTIFIED,39521,bags
2026-02-24,,Arabica,Nicaragua,ANT,TOTAL_BAGS_CERTIFIED,56571,bags
2026-02-24,,Arabica,Papua New Guinea,ANT,TOTAL_BAGS_CERTIFIED,5811,bags
2026-02-24,,Arabica,Peru,ANT,TOTAL_BAGS_CERTIFIED,65553,bags
2026-02-24,,Arabica,Rwanda,ANT,TOTAL_BAGS_CERTIFIED,27043,bags
2026-02-24,,Arabica,Tanzania,ANT,TOTAL_BAGS_CERTIFIED,36173,bags
2026-02-24,,Arabica,Uganda,ANT,TOTAL_BAGS_CERTIFIED,21027,bags
2026-02-24,,Arabica,Burundi,HA/BR,TOTAL_BAGS_CERTIFIED,1139,bags
2026-02-24,,Arabica,Honduras,HA/BR,TOTAL_BAGS_CERTIFIED,1800,bags
2026-02-24,,Arabica,India,HA/BR,TOTAL_BAGS_CERTIFIED,1984,bags
2026-02-24,,Arabica,Kenya,HA/BR,TOTAL_BAGS_CERTIFIED,2543,bags
2026-02-24,,Arabica,Papua New Guinea,HA/BR,TOTAL_BAGS_CERTIFIED,10365,bags
2026-02-24,,Arabica,Peru,HA/BR,TOTAL_BAGS_CERTIFIED,1240,bags
2026-02-24,,Arabica,Tanzania,HA/BR,TOTAL_BAGS_CERTIFIED,2690,bags
2026-02-24,,Arabica,Uganda,HA/BR,TOTAL_BAGS_CERTIFIED,320,bags
2026-02-24,,Arabica,Venezuela,HA/BR,TOTAL_BAGS_CERTIFIED,1500,bags
2026-02-24,,Arabica,Brazil,HOU,TOTAL_BAGS_CERTIFIED,123,bags
2026-02-24,,Arabica,Guatemala,HOU,TOTAL_BAGS_CERTIFIED,1650,bags
2026-02-24,,Arabica,Honduras,HOU,TOTAL_BAGS_CERTIFIED,50338,bags
2026-02-24,,Arabica,Mexico,HOU,TOTAL_BAGS_CERTIFIED,550,bags
2026-02-24,,Arabica,Nicaragua,HOU,TOTAL_BAGS_CERTIFIED,5525,bags
2026-02-24,,Arabica,Honduras,MIAMI,TOTAL_BAGS_CERTIFIED,6423,bags
2026-02-24,,Arabica,India,MIAMI,TOTAL_BAGS_CERTIFIED,1030,bags
2026-02-24,,Arabica,Kenya,MIAMI,TOTAL_BAGS_CERTIFIED,710,bags
2026-02-24,,Arabica,Peru,MIAMI,TOTAL_BAGS_CERTIFIED,3750,bags
2026-02-24,,Arabica,Venezuela,MIAMI,TOTAL_BAGS_CERTIFIED,250,bags
2026-02-24,,Arabica,Colombia,NOLA,TOTAL_BAGS_CERTIFIED,225,bags
2026-02-24,,Arabica,Mexico,NOLA,TOTAL_BAGS_CERTIFIED,112,bags
2026-02-24,,Arabica,Honduras,NY,TOTAL_BAGS_CERTIFIED,35,bags
2026-02-24,,Arabica,Mexico,NY,TOTAL_BAGS_CERTIFIED,18586,bags
2026-02-24,,Arabica,Papua New Guinea,NY,TOTAL_BAGS_CERTIFIED,710,bags
2026-02-24,,Arabica,Peru,NY,TOTAL_BAGS_CERTIFIED,98,bags
2026-02-24,,Arabica,Venezuela,NY,TOTAL_BAGS_CERTIFIED,1250,bags
2026-02-24,2026-02-23,Robusta,,ANT,NON_TENDERABLE,2,lots
2026-02-24,2026-02-23,Robusta,,ANT,VALID_CERTIFICATE,2437,lots
2026-02-24,2026-02-23,Robusta,,BAR,VALID_CERTIFICATE,27,lots
2026-02-24,2026-02-23,Robusta,,FEL,VALID_CERTIFICATE,131,lots
2026-02-24,2026-02-23,Robusta,,LON,SUSPENDED,19,lots
2026-02-24,2026-02-23,Robusta,,LON,VALID_CERTIFICATE,1804,lots
2026-02-25,,Arabica,Brazil,ANT,TOTAL_BAGS_CERTIFIED,31707,bags
2026-02-25,,Arabica,Burundi,ANT,TOTAL_BAGS_CERTIFIED,4442,bags
2026-02-25,,Arabica,Colombia,ANT,TOTAL_BAGS_CERTIFIED,25,bags
2026-02-25,,Arabica,El Salvador,ANT,TOTAL_BAGS_CERTIFIED,3448,bags
2026-02-25,,Arabica,Honduras,ANT,TOTAL_BAGS_CERTIFIED,23902,bags
2026-02-25,,Arabica,India,ANT,TOTAL_BAGS_CERTIFIED,6798,bags
2026-02-25,,Arabica,Kenya,ANT,TOTAL_BAGS_CERTIFIED,13119,bags
2026-02-25,,Arabica,Mexico,ANT,TOTAL_BAGS_CERTIFIED,41171,bags
2026-02-25,,Arabica,Nicaragua,ANT,TOTAL_BAGS_CERTIFIED,58310,bags
2026-02-25,,Arabica,Papua New Guinea,ANT,TOTAL_BAGS_CERTIFIED,5811,bags
2026-02-25,,Arabica,Peru,ANT,TOTAL_BAGS_CERTIFIED,65553,bags
2026-02-25,,Arabica,Rwanda,ANT,TOTAL_BAGS_CERTIFIED,27633,bags
2026-02-25,,Arabica,Tanzania,ANT,TOTAL_BAGS_CERTIFIED,36173,bags
2026-02-25,,Arabica,Uganda,ANT,TOTAL_BAGS_CERTIFIED,21027,bags
2026-02-25,,Arabica,Burundi,HA/BR,TOTAL_BAGS_CERTIFIED,854,bags
2026-02-25,,Arabica,Honduras,HA/BR,TOTAL_BAGS_CERTIFIED,1800,bags
2026-02-25,,Arabica,India,HA/BR,TOTAL_BAGS_CERTIFIED,1984,bags
2026-02-25,,Arabica,Kenya,HA/BR,TOTAL_BAGS_CERTIFIED,2543,bags
2026-02-25,,Arabica,Papua New Guinea,HA/BR,TOTAL_BAGS_CERTIFIED,10365,bags
2026-02-25,,Arabica,Peru,HA/BR,TOTAL_BAGS_CERTIFIED,1240,bags
2026-02-25,,Arabica,Tanzania,HA/BR,TOTAL_BAGS_CERTIFIED,2690,bags
2026-02-25,,Arabica,Uganda,HA/BR,TOTAL_BAGS_CERTIFIED,320,bags
2026-02-25,,Arabica,Venezuela,HA/BR,TOTAL_BAGS_CERTIFIED,1500,bags
2026-02-25,,Arabica,Brazil,HOU,TOTAL_BAGS_CERTIFIED,123,bags
2026-02-25,,Arabica,Guatemala,HOU,TOTAL_BAGS_CERTIFIED,1650,bags
2026-02-25,,Arabica,Honduras,HOU,TOTAL_BAGS_CERTIFIED,50878,bags
2026-02-25,,Arabica,Mexico,HOU,TOTAL_BAGS_CERTIFIED,275,bags
2026-02-25,,Arabica,Nicaragua,HOU,TOTAL_BAGS_CERTIFIED,5525,bags
2026-02-25,,Arabica,Honduras,MIAMI,TOTAL_BAGS_CERTIFIED,6423,bags
2026-02-25,,Arabica,India,MIAMI,TOTAL_BAGS_CERTIFIED,1030,bags
2026-02-25,,Arabica,Kenya,MIAMI,TOTAL_BAGS_CERTIFIED,710,bags
2026-02-25,,Arabica,Peru,MIAMI,TOTAL_BAGS_CERTIFIED,3750,bags
2026-02-25,,Arabica,Venezuela,MIAMI,TOTAL_BAGS_CERTIFIED,250,bags
2026-02-25,,Arabica,Colombia,NOLA,TOTAL_BAGS_CERTIFIED,225,bags
2026-02-25,,Arabica,Mexico,NOLA,TOTAL_BAGS_CERTIFIED,112,bags
2026-02-25,,Arabica,Honduras,NY,TOTAL_BAGS_CERTIFIED,35,bags
2026-02-25,,Arabica,Mexico,NY,TOTAL_BAGS_CERTIFIED,18586,bags
2026-02-25,,Arabica,Nicaragua,NY,TOTAL_BAGS_CERTIFIED,1375,bags
2026-02-25,,Arabica,Papua New Guinea,NY,TOTAL_BAGS_CERTIFIED,710,bags
2026-02-25,,Arabica,Peru,NY,TOTAL_BAGS_CERTIFIED,98,bags
2026-02-25,,Arabica,Venezuela,NY,TOTAL_BAGS_CERTIFIED,1250,bags
2026-02-25,2026-02-24,Robusta,,ANT,NON_TENDERABLE,2,lots
2026-02-25,2026-02-24,Robusta,,ANT,VALID_CERTIFICATE,2489,lots
2026-02-25,2026-02-24,Robusta,,BAR,VALID_CERTIFICATE,27,lots
2026-02-25,2026-02-24,Robusta,,FEL,VALID_CERTIFICATE,131,lots
2026-02-25,2026-02-24,Robusta,,LON,SUSPENDED,14,lots
2026-02-25,2026-02-24,Robusta,,LON,VALID_CERTIFICATE,1809,lots
2026-02-26,,Arabica,Brazil,ANT,TOTAL_BAGS_CERTIFIED,31257,bags
2026-02-26,,Arabica,Burundi,ANT,TOTAL_BAGS_CERTIFIED,4442,bags
2026-02-26,,Arabica,Colombia,ANT,TOTAL_BAGS_CERTIFIED,25,bags
2026-02-26,,Arabica,El Salvador,ANT,TOTAL_BAGS_CERTIFIED,3448,bags
2026-02-26,,Arabica,Honduras,ANT,TOTAL_BAGS_CERTIFIED,23902,bags
2026-02-26,,Arabica,India,ANT,TOTAL_BAGS_CERTIFIED,6798,bags
2026-02-26,,Arabica,Kenya,ANT,TOTAL_BAGS_CERTIFIED,13119,bags
2026-02-26,,Arabica,Mexico,ANT,TOTAL_BAGS_CERTIFIED,41171,bags
2026-02-26,,Arabica,Nicaragua,ANT,TOTAL_BAGS_CERTIFIED,64020,bags
2026-02-26,,Arabica,Papua New Guinea,ANT,TOTAL_BAGS_CERTIFIED,5811,bags
2026-02-26,,Arabica,Peru,ANT,TOTAL_BAGS_CERTIFIED,67403,bags
2026-02-26,,Arabica,Rwanda,ANT,TOTAL_BAGS_CERTIFIED,27633,bags
2026-02-26,,Arabica,Tanzania,ANT,TOTAL_BAGS_CERTIFIED,36173,bags
2026-02-26,,Arabica,Uganda,ANT,TOTAL_BAGS_CERTIFIED,22077,bags
2026-02-26,,Arabica,Burundi,HA/BR,TOTAL_BAGS_CERTIFIED,854,bags
2026-02-26,,Arabica,Honduras,HA/BR,TOTAL_BAGS_CERTIFIED,1800,bags
2026-02-26,,Arabica,India,HA/BR,TOTAL_BAGS_CERTIFIED,1984,bags
2026-02-26,,Arabica,Kenya,HA/BR,TOTAL_BAGS_CERTIFIED,2543,bags
2026-02-26,,Arabica,Papua New Guinea,HA/BR,TOTAL_BAGS_CERTIFIED,10365,bags
2026-02-26,,Arabica,Peru,HA/BR,TOTAL_BAGS_CERTIFIED,1240,bags
2026-02-26,,Arabica,Tanzania,HA/BR,TOTAL_BAGS_CERTIFIED,2690,bags
2026-02-26,,Arabica,Uganda,HA/BR,TOTAL_BAGS_CERTIFIED,320,bags
2026-02-26,,Arabica,Venezuela,HA/BR,TOTAL_BAGS_CERTIFIED,1500,bags
2026-02-26,,Arabica,Brazil,HOU,TOTAL_BAGS_CERTIFIED,123,bags
2026-02-26,,Arabica,Guatemala,HOU,TOTAL_BAGS_CERTIFIED,1650,bags
2026-02-26,,Arabica,Honduras,HOU,TOTAL_BAGS_CERTIFIED,53353,bags
2026-02-26,,Arabica,Mexico,HOU,TOTAL_BAGS_CERTIFIED,275,bags
2026-02-26,,Arabica,Nicaragua,HOU,TOTAL_BAGS_CERTIFIED,5525,bags
2026-02-26,,Arabica,Honduras,MIAMI,TOTAL_BAGS_CERTIFIED,6423,bags
2026-02-26,,Arabica,India,MIAMI,TOTAL_BAGS_CERTIFIED,1030,bags
2026-02-26,,Arabica,Kenya,MIAMI,TOTAL_BAGS_CERTIFIED,710,bags
2026-02-26,,Arabica,Peru,MIAMI,TOTAL_BAGS_CERTIFIED,3750,bags
2026-02-26,,Arabica,Venezuela,MIAMI,TOTAL_BAGS_CERTIFIED,250,bags
2026-02-26,,Arabica,Colombia,NOLA,TOTAL_BAGS_CERTIFIED,225,bags
2026-02-26,,Arabica,Mexico,NOLA,TOTAL_BAGS_CERTIFIED,112,bags
2026-02-26,,Arabica,Honduras,NY,TOTAL_BAGS_CERTIFIED,35,bags
2026-02-26,,Arabica,Mexico,NY,TOTAL_BAGS_CERTIFIED,18586,bags
2026-02-26,,Arabica,Nicaragua,NY,TOTAL_BAGS_CERTIFIED,1375,bags
2026-02-26,,Arabica,Papua New Guinea,NY,TOTAL_BAGS_CERTIFIED,710,bags
2026-02-26,,Arabica,Peru,NY,TOTAL_BAGS_CERTIFIED,98,bags
2026-02-26,,Arabica,Venezuela,NY,TOTAL_BAGS_CERTIFIED,1250,bags
2026-02-26,2026-02-25,Robusta,,ANT,NON_TENDERABLE,2,lots
2026-02-26,2026-02-25,Robusta,,ANT,VALID_CERTIFICATE,2549,lots
2026-02-26,2026-02-25,Robusta,,BAR,VALID_CERTIFICATE,27,lots
2026-02-26,2026-02-25,Robusta,,FEL,VALID_CERTIFICATE,131,lots
2026-02-26,2026-02-25,Robusta,,LON,SUSPENDED,14,lots
2026-02-26,2026-02-25,Robusta,,LON,VALID_CERTIFICATE,1809,lots
2026-02-27,,Arabica,Brazil,ANT,TOTAL_BAGS_CERTIFIED,31257,bags
2026-02-27,,Arabica,Burundi,ANT,TOTAL_BAGS_CERTIFIED,4442,bags
2026-02-27,,Arabica,Colombia,ANT,TOTAL_BAGS_CERTIFIED,25,bags
2026-02-27,,Arabica,El Salvador,ANT,TOTAL_BAGS_CERTIFIED,3448,bags
2026-02-27,,Arabica,Honduras,ANT,TOTAL_BAGS_CERTIFIED,25827,bags
2026-02-27,,Arabica,India,ANT,TOTAL_BAGS_CERTIFIED,6798,bags
2026-02-27,,Arabica,Kenya,ANT,TOTAL_BAGS_CERTIFIED,11694,bags
2026-02-27,,Arabica,Mexico,ANT,TOTAL_BAGS_CERTIFIED,42296,bags
2026-02-27,,Arabica,Nicaragua,ANT,TOTAL_BAGS_CERTIFIED,70394,bags
2026-02-27,,Arabica,Papua New Guinea,ANT,TOTAL_BAGS_CERTIFIED,5811,bags
2026-02-27,,Arabica,Peru,ANT,TOTAL_BAGS_CERTIFIED,67403,bags
2026-02-27,,Arabica,Rwanda,ANT,TOTAL_BAGS_CERTIFIED,27633,bags
2026-02-27,,Arabica,Tanzania,ANT,TOTAL_BAGS_CERTIFIED,36173,bags
2026-02-27,,Arabica,Uganda,ANT,TOTAL_BAGS_CERTIFIED,22077,bags
2026-02-27,,Arabica,Burundi,HA/BR,TOTAL_BAGS_CERTIFIED,854,bags
2026-02-27,,Arabica,Honduras,HA/BR,TOTAL_BAGS_CERTIFIED,1800,bags
2026-02-27,,Arabica,India,HA/BR,TOTAL_BAGS_CERTIFIED,1984,bags
2026-02-27,,Arabica,Kenya,HA/BR,TOTAL_BAGS_CERTIFIED,2543,bags
2026-02-27,,Arabica,Papua New Guinea,HA/BR,TOTAL_BAGS_CERTIFIED,10365,bags
2026-02-27,,Arabica,Peru,HA/BR,TOTAL_BAGS_CERTIFIED,1240,bags
2026-02-27,,Arabica,Tanzania,HA/BR,TOTAL_BAGS_CERTIFIED,2690,bags
2026-02-27,,Arabica,Uganda,HA/BR,TOTAL_BAGS_CERTIFIED,320,bags
2026-02-27,,Arabica,Venezuela,HA/BR,TOTAL_BAGS_CERTIFIED,2750,bags
2026-02-27,,Arabica,Brazil,HOU,TOTAL_BAGS_CERTIFIED,123,bags
2026-02-27,,Arabica,Guatemala,HOU,TOTAL_BAGS_CERTIFIED,1650,bags
2026-02-27,,Arabica,Honduras,HOU,TOTAL_BAGS_CERTIFIED,55278,bags
2026-02-27,,Arabica,Mexico,HOU,TOTAL_BAGS_CERTIFIED,275,bags
2026-02-27,,Arabica,Nicaragua,HOU,TOTAL_BAGS_CERTIFIED,5525,bags
2026-02-27,,Arabica,Honduras,MIAMI,TOTAL_BAGS_CERTIFIED,6423,bags
2026-02-27,,Arabica,India,MIAMI,TOTAL_BAGS_CERTIFIED,1030,bags
2026-02-27,,Arabica,Kenya,MIAMI,TOTAL_BAGS_CERTIFIED,710,bags
2026-02-27,,Arabica,Peru,MIAMI,TOTAL_BAGS_CERTIFIED,3750,bags
2026-02-27,,Arabica,Venezuela,MIAMI,TOTAL_BAGS_CERTIFIED,250,bags
2026-02-27,,Arabica,Colombia,NOLA,TOTAL_BAGS_CERTIFIED,225,bags
2026-02-27,,Arabica,Mexico,NOLA,TOTAL_BAGS_CERTIFIED,112,bags
2026-02-27,,Arabica,Honduras,NY,TOTAL_BAGS_CERTIFIED,35,bags
2026-02-27,,Arabica,Mexico,NY,TOTAL_BAGS_CERTIFIED,18586,bags
2026-02-27,,Arabica,Nicaragua,NY,TOTAL_BAGS_CERTIFIED,1375,bags
2026-02-27,,Arabica,Papua New Guinea,NY,TOTAL_BAGS_CERTIFIED,710,bags
2026-02-27,,Arabica,Peru,NY,TOTAL_BAGS_CERTIFIED,98,bags
2026-02-27,,Arabica,Venezuela,NY,TOTAL_BAGS_CERTIFIED,1250,bags
2026-02-27,2026-02-26,Robusta,,ANT,NON_TENDERABLE,2,lots
2026-02-27,2026-02-26,Robusta,,ANT,VALID_CERTIFICATE,2602,lots
2026-02-27,2026-02-26,Robusta,,BAR,VALID_CERTIFICATE,27,lots
2026-02-27,2026-02-26,Robusta,,FEL,VALID_CERTIFICATE,131,lots
2026-02-27,2026-02-26,Robusta,,LON,SUSPENDED,14,lots
2026-02-27,2026-02-26,Robusta,,LON,VALID_CERTIFICATE,1809,lots
2026-03-02,,Arabica,Brazil,ANT,TOTAL_BAGS_CERTIFIED,31257,bags
2026-03-02,,Arabica,Burundi,ANT,TOTAL_BAGS_CERTIFIED,4442,bags
2026-03-02,,Arabica,Colombia,ANT,TOTAL_BAGS_CERTIFIED,25,bags
2026-03-02,,Arabica,El Salvador,ANT,TOTAL_BAGS_CERTIFIED,6198,bags
2026-03-02,,Arabica,Honduras,ANT,TOTAL_BAGS_CERTIFIED,25827,bags
2026-03-02,,Arabica,India,ANT,TOTAL_BAGS_CERTIFIED,6798,bags
2026-03-02,,Arabica,Kenya,ANT,TOTAL_BAGS_CERTIFIED,13934,bags
2026-03-02,,Arabica,Mexico,ANT,TOTAL_BAGS_CERTIFIED,44221,bags
2026-03-02,,Arabica,Nicaragua,ANT,TOTAL_BAGS_CERTIFIED,81025,bags
2026-03-02,,Arabica,Papua New Guinea,ANT,TOTAL_BAGS_CERTIFIED,5811,bags
2026-03-02,,Arabica,Peru,ANT,TOTAL_BAGS_CERTIFIED,69653,bags
2026-03-02,,Arabica,Rwanda,ANT,TOTAL_BAGS_CERTIFIED,27633,bags
2026-03-02,,Arabica,Tanzania,ANT,TOTAL_BAGS_CERTIFIED,36173,bags
2026-03-02,,Arabica,Uganda,ANT,TOTAL_BAGS_CERTIFIED,22077,bags
2026-03-02,,Arabica,Burundi,HA/BR,TOTAL_BAGS_CERTIFIED,854,bags
2026-03-02,,Arabica,Honduras,HA/BR,TOTAL_BAGS_CERTIFIED,1800,bags
2026-03-02,,Arabica,India,HA/BR,TOTAL_BAGS_CERTIFIED,1984,bags
2026-03-02,,Arabica,Kenya,HA/BR,TOTAL_BAGS_CERTIFIED,2543,bags
2026-03-02,,Arabica,Papua New Guinea,HA/BR,TOTAL_BAGS_CERTIFIED,10365,bags
2026-03-02,,Arabica,Peru,HA/BR,TOTAL_BAGS_CERTIFIED,1240,bags
2026-03-02,,Arabica,Tanzania,HA/BR,TOTAL_BAGS_CERTIFIED,2690,bags
2026-03-02,,Arabica,Uganda,HA/BR,TOTAL_BAGS_CERTIFIED,320,bags
2026-03-02,,Arabica,Venezuela,HA/BR,TOTAL_BAGS_CERTIFIED,3000,bags
2026-03-02,,Arabica,Brazil,HOU,TOTAL_BAGS_CERTIFIED,123,bags
2026-03-02,,Arabica,Guatemala,HOU,TOTAL_BAGS_CERTIFIED,4400,bags
2026-03-02,,Arabica,Honduras,HOU,TOTAL_BAGS_CERTIFIED,64404,bags
2026-03-02,,Arabica,Mexico,HOU,TOTAL_BAGS_CERTIFIED,275,bags
2026-03-02,,Arabica,Nicaragua,HOU,TOTAL_BAGS_CERTIFIED,5525,bags
2026-03-02,,Arabica,Honduras,MIAMI,TOTAL_BAGS_CERTIFIED,6423,bags
2026-03-02,,Arabica,India,MIAMI,TOTAL_BAGS_CERTIFIED,1030,bags
2026-03-02,,Arabica,Kenya,MIAMI,TOTAL_BAGS_CERTIFIED,710,bags
2026-03-02,,Arabica,Peru,MIAMI,TOTAL_BAGS_CERTIFIED,3750,bags
2026-03-02,,Arabica,Venezuela,MIAMI,TOTAL_BAGS_CERTIFIED,250,bags
2026-03-02,,Arabica,Colombia,NOLA,TOTAL_BAGS_CERTIFIED,225,bags
2026-03-02,,Arabica,Mexico,NOLA,TOTAL_BAGS_CERTIFIED,112,bags
2026-03-02,,Arabica,Honduras,NY,TOTAL_BAGS_CERTIFIED,35,bags
2026-03-02,,Arabica,Mexico,NY,TOTAL_BAGS_CERTIFIED,18586,bags
2026-03-02,,Arabica,Nicaragua,NY,TOTAL_BAGS_CERTIFIED,1375,bags
2026-03-02,,Arabica,Papua New Guinea,NY,TOTAL_BAGS_CERTIFIED,710,bags
2026-03-02,,Arabica,Peru,NY,TOTAL_BAGS_CERTIFIED,98,bags
2026-03-02,,Arabica,Venezuela,NY,TOTAL_BAGS_CERTIFIED,2250,bags
2026-03-02,2026-03-01,Robusta,,ANT,NON_TENDERABLE,2,lots
2026-03-02,2026-03-01,Robusta,,ANT,VALID_CERTIFICATE,2657,lots
2026-03-02,2026-03-01,Robusta,,BAR,VALID_CERTIFICATE,27,lots
2026-03-02,2026-03-01,Robusta,,FEL,VALID_CERTIFICATE,131,lots
2026-03-02,2026-03-01,Robusta,,LON,VALID_CERTIFICATE,1823,lots
2026-03-03,,Arabica,Brazil,ANT,TOTAL_BAGS_CERTIFIED,31257,bags
2026-03-03,,Arabica,Burundi,ANT,TOTAL_BAGS_CERTIFIED,4442,bags
2026-03-03,,Arabica,Colombia,ANT,TOTAL_BAGS_CERTIFIED,25,bags
2026-03-03,,Arabica,El Salvador,ANT,TOTAL_BAGS_CERTIFIED,6473,bags
2026-03-03,,Arabica,Guatemala,ANT,TOTAL_BAGS_CERTIFIED,2475,bags
2026-03-03,,Arabica,Honduras,ANT,TOTAL_BAGS_CERTIFIED,29675,bags
2026-03-03,,Arabica,India,ANT,TOTAL_BAGS_CERTIFIED,6798,bags
2026-03-03,,Arabica,Kenya,ANT,TOTAL_BAGS_CERTIFIED,13899,bags
2026-03-03,,Arabica,Mexico,ANT,TOTAL_BAGS_CERTIFIED,44496,bags
2026-03-03,,Arabica,Nicaragua,ANT,TOTAL_BAGS_CERTIFIED,88080,bags
2026-03-03,,Arabica,Papua New Guinea,ANT,TOTAL_BAGS_CERTIFIED,5811,bags
2026-03-03,,Arabica,Peru,ANT,TOTAL_BAGS_CERTIFIED,70403,bags
2026-03-03,,Arabica,Rwanda,ANT,TOTAL_BAGS_CERTIFIED,28353,bags
2026-03-03,,Arabica,Tanzania,ANT,TOTAL_BAGS_CERTIFIED,36173,bags
2026-03-03,,Arabica,Uganda,ANT,TOTAL_BAGS_CERTIFIED,22077,bags
2026-03-03,,Arabica,Burundi,HA/BR,TOTAL_BAGS_CERTIFIED,854,bags
2026-03-03,,Arabica,Honduras,HA/BR,TOTAL_BAGS_CERTIFIED,1800,bags
2026-03-03,,Arabica,India,HA/BR,TOTAL_BAGS_CERTIFIED,1984,bags
2026-03-03,,Arabica,Kenya,HA/BR,TOTAL_BAGS_CERTIFIED,2543,bags
2026-03-03,,Arabica,Papua New Guinea,HA/BR,TOTAL_BAGS_CERTIFIED,10365,bags
2026-03-03,,Arabica,Peru,HA/BR,TOTAL_BAGS_CERTIFIED,1240,bags
2026-03-03,,Arabica,Tanzania,HA/BR,TOTAL_BAGS_CERTIFIED,2690,bags
2026-03-03,,Arabica,Uganda,HA/BR,TOTAL_BAGS_CERTIFIED,320,bags
2026-03-03,,Arabica,Venezuela,HA/BR,TOTAL_BAGS_CERTIFIED,3000,bags
2026-03-03,,Arabica,Brazil,HOU,TOTAL_BAGS_CERTIFIED,123,bags
2026-03-03,,Arabica,Guatemala,HOU,TOTAL_BAGS_CERTIFIED,4400,bags
2026-03-03,,Arabica,Honduras,HOU,TOTAL_BAGS_CERTIFIED,63029,bags
2026-03-03,,Arabica,Mexico,HOU,TOTAL_BAGS_CERTIFIED,275,bags
2026-03-03,,Arabica,Nicaragua,HOU,TOTAL_BAGS_CERTIFIED,5525,bags
2026-03-03,,Arabica,Honduras,MIAMI,TOTAL_BAGS_CERTIFIED,6423,bags
2026-03-03,,Arabica,India,MIAMI,TOTAL_BAGS_CERTIFIED,1030,bags
2026-03-03,,Arabica,Kenya,MIAMI,TOTAL_BAGS_CERTIFIED,710,bags
2026-03-03,,Arabica,Peru,MIAMI,TOTAL_BAGS_CERTIFIED,3750,bags
2026-03-03,,Arabica,Venezuela,MIAMI,TOTAL_BAGS_CERTIFIED,250,bags
2026-03-03,,Arabica,Colombia,NOLA,TOTAL_BAGS_CERTIFIED,225,bags
2026-03-03,,Arabica,Mexico,NOLA,TOTAL_BAGS_CERTIFIED,112,bags
2026-03-03,,Arabica,Honduras,NY,TOTAL_BAGS_CERTIFIED,35,bags
2026-03-03,,Arabica,Mexico,NY,TOTAL_BAGS_CERTIFIED,18586,bags
2026-03-03,,Arabica,Nicaragua,NY,TOTAL_BAGS_CERTIFIED,1375,bags
2026-03-03,,Arabica,Papua New Guinea,NY,TOTAL_BAGS_CERTIFIED,710,bags
2026-03-03,,Arabica,Peru,NY,TOTAL_BAGS_CERTIFIED,98,bags
2026-03-03,,Arabica,Venezuela,NY,TOTAL_BAGS_CERTIFIED,2250,bags
2026-03-03,2026-03-02,Robusta,,ANT,NON_TENDERABLE,2,lots
2026-03-03,2026-03-02,Robusta,,ANT,VALID_CERTIFICATE,2754,lots
2026-03-03,2026-03-02,Robusta,,BAR,VALID_CERTIFICATE,27,lots
2026-03-03,2026-03-02,Robusta,,FEL,VALID_CERTIFICATE,131,lots
2026-03-03,2026-03-02,Robusta,,LON,VALID_CERTIFICATE,1809,lots
2026-03-04,,Arabica,Brazil,ANT,TOTAL_BAGS_CERTIFIED,30807,bags
2026-03-04,,Arabica,Burundi,ANT,TOTAL_BAGS_CERTIFIED,4442,bags
2026-03-04,,Arabica,Colombia,ANT,TOTAL_BAGS_CERTIFIED,25,bags
2026-03-04,,Arabica,El Salvador,ANT,TOTAL_BAGS_CERTIFIED,8673,bags
2026-03-04,,Arabica,Guatemala,ANT,TOTAL_BAGS_CERTIFIED,2475,bags
2026-03-04,,Arabica,Honduras,ANT,TOTAL_BAGS_CERTIFIED,31875,bags
2026-03-04,,Arabica,India,ANT,TOTAL_BAGS_CERTIFIED,6798,bags
2026-03-04,,Arabica,Kenya,ANT,TOTAL_BAGS_CERTIFIED,13899,bags
2026-03-04,,Arabica,Mexico,ANT,TOTAL_BAGS_CERTIFIED,46422,bags
2026-03-04,,Arabica,Nicaragua,ANT,TOTAL_BAGS_CERTIFIED,90209,bags
2026-03-04,,Arabica,Papua New Guinea,ANT,TOTAL_BAGS_CERTIFIED,5811,bags
2026-03-04,,Arabica,Peru,ANT,TOTAL_BAGS_CERTIFIED,64676,bags
2026-03-04,,Arabica,Rwanda,ANT,TOTAL_BAGS_CERTIFIED,27713,bags
2026-03-04,,Arabica,Tanzania,ANT,TOTAL_BAGS_CERTIFIED,36173,bags
2026-03-04,,Arabica,Uganda,ANT,TOTAL_BAGS_CERTIFIED,22077,bags
2026-03-04,,Arabica,Burundi,HA/BR,TOTAL_BAGS_CERTIFIED,854,bags
2026-03-04,,Arabica,Honduras,HA/BR,TOTAL_BAGS_CERTIFIED,1800,bags
2026-03-04,,Arabica,India,HA/BR,TOTAL_BAGS_CERTIFIED,1984,bags
2026-03-04,,Arabica,Kenya,HA/BR,TOTAL_BAGS_CERTIFIED,2543,bags
2026-03-04,,Arabica,Papua New Guinea,HA/BR,TOTAL_BAGS_CERTIFIED,10365,bags
2026-03-04,,Arabica,Peru,HA/BR,TOTAL_BAGS_CERTIFIED,992,bags
2026-03-04,,Arabica,Tanzania,HA/BR,TOTAL_BAGS_CERTIFIED,2690,bags
2026-03-04,,Arabica,Uganda,HA/BR,TOTAL_BAGS_CERTIFIED,320,bags
2026-03-04,,Arabica,Venezuela,HA/BR,TOTAL_BAGS_CERTIFIED,3000,bags
2026-03-04,,Arabica,Brazil,HOU,TOTAL_BAGS_CERTIFIED,123,bags
2026-03-04,,Arabica,Guatemala,HOU,TOTAL_BAGS_CERTIFIED,4125,bags
2026-03-04,,Arabica,Honduras,HOU,TOTAL_BAGS_CERTIFIED,65803,bags
2026-03-04,,Arabica,Mexico,HOU,TOTAL_BAGS_CERTIFIED,275,bags
2026-03-04,,Arabica,Nicaragua,HOU,TOTAL_BAGS_CERTIFIED,5525,bags
2026-03-04,,Arabica,Honduras,MIAMI,TOTAL_BAGS_CERTIFIED,6423,bags
2026-03-04,,Arabica,India,MIAMI,TOTAL_BAGS_CERTIFIED,1030,bags
2026-03-04,,Arabica,Kenya,MIAMI,TOTAL_BAGS_CERTIFIED,710,bags
2026-03-04,,Arabica,Peru,MIAMI,TOTAL_BAGS_CERTIFIED,3750,bags
2026-03-04,,Arabica,Venezuela,MIAMI,TOTAL_BAGS_CERTIFIED,250,bags
2026-03-04,,Arabica,Colombia,NOLA,TOTAL_BAGS_CERTIFIED,225,bags
2026-03-04,,Arabica,Mexico,NOLA,TOTAL_BAGS_CERTIFIED,112,bags
2026-03-04,,Arabica,Honduras,NY,TOTAL_BAGS_CERTIFIED,35,bags
2026-03-04,,Arabica,Mexico,NY,TOTAL_BAGS_CERTIFIED,18586,bags
2026-03-04,,Arabica,Nicaragua,NY,TOTAL_BAGS_CERTIFIED,1375,bags
2026-03-04,,Arabica,Papua New Guinea,NY,TOTAL_BAGS_CERTIFIED,710,bags
2026-03-04,,Arabica,Peru,NY,TOTAL_BAGS_CERTIFIED,98,bags
2026-03-04,,Arabica,Venezuela,NY,TOTAL_BAGS_CERTIFIED,2250,bags
2026-03-04,2026-03-03,Robusta,,ANT,NON_TENDERABLE,1,lots
2026-03-04,2026-03-03,Robusta,,ANT,VALID_CERTIFICATE,2745,lots
2026-03-04,2026-03-03,Robusta,,BAR,VALID_CERTIFICATE,27,lots
2026-03-04,2026-03-03,Robusta,,FEL,VALID_CERTIFICATE,131,lots
2026-03-04,2026-03-03,Robusta,,LON,VALID_CERTIFICATE,1809,lots
2026-03-05,,Arabica,Brazil,ANT,TOTAL_BAGS_CERTIFIED,21466,bags
2026-03-05,,Arabica,Burundi,ANT,TOTAL_BAGS_CERTIFIED,4442,bags
2026-03-05,,Arabica,Colombia,ANT,TOTAL_BAGS_CERTIFIED,25,bags
2026-03-05,,Arabica,El Salvador,ANT,TOTAL_BAGS_CERTIFIED,8288,bags
2026-03-05,,Arabica,Guatemala,ANT,TOTAL_BAGS_CERTIFIED,5225,bags
2026-03-05,,Arabica,Honduras,ANT,TOTAL_BAGS_CERTIFIED,32774,bags
2026-03-05,,Arabica,India,ANT,TOTAL_BAGS_CERTIFIED,6798,bags
2026-03-05,,Arabica,Kenya,ANT,TOTAL_BAGS_CERTIFIED,13899,bags
2026-03-05,,Arabica,Mexico,ANT,TOTAL_BAGS_CERTIFIED,46697,bags
2026-03-05,,Arabica,Nicaragua,ANT,TOTAL_BAGS_CERTIFIED,93234,bags
2026-03-05,,Arabica,Papua New Guinea,ANT,TOTAL_BAGS_CERTIFIED,5811,bags
2026-03-05,,Arabica,Peru,ANT,TOTAL_BAGS_CERTIFIED,64926,bags
2026-03-05,,Arabica,Rwanda,ANT,TOTAL_BAGS_CERTIFIED,28033,bags
2026-03-05,,Arabica,Tanzania,ANT,TOTAL_BAGS_CERTIFIED,36173,bags
2026-03-05,,Arabica,Uganda,ANT,TOTAL_BAGS_CERTIFIED,22077,bags
2026-03-05,,Arabica,Burundi,HA/BR,TOTAL_BAGS_CERTIFIED,854,bags
2026-03-05,,Arabica,Honduras,HA/BR,TOTAL_BAGS_CERTIFIED,1800,bags
2026-03-05,,Arabica,India,HA/BR,TOTAL_BAGS_CERTIFIED,1984,bags
2026-03-05,,Arabica,Kenya,HA/BR,TOTAL_BAGS_CERTIFIED,2475,bags
2026-03-05,,Arabica,Papua New Guinea,HA/BR,TOTAL_BAGS_CERTIFIED,10365,bags
2026-03-05,,Arabica,Peru,HA/BR,TOTAL_BAGS_CERTIFIED,992,bags
2026-03-05,,Arabica,Tanzania,HA/BR,TOTAL_BAGS_CERTIFIED,2690,bags
2026-03-05,,Arabica,Uganda,HA/BR,TOTAL_BAGS_CERTIFIED,320,bags
2026-03-05,,Arabica,Venezuela,HA/BR,TOTAL_BAGS_CERTIFIED,3000,bags
2026-03-05,,Arabica,Brazil,HOU,TOTAL_BAGS_CERTIFIED,123,bags
2026-03-05,,Arabica,Guatemala,HOU,TOTAL_BAGS_CERTIFIED,4125,bags
2026-03-05,,Arabica,Honduras,HOU,TOTAL_BAGS_CERTIFIED,71559,bags
2026-03-05,,Arabica,Mexico,HOU,TOTAL_BAGS_CERTIFIED,275,bags
2026-03-05,,Arabica,Nicaragua,HOU,TOTAL_BAGS_CERTIFIED,5525,bags
2026-03-05,,Arabica,Honduras,MIAMI,TOTAL_BAGS_CERTIFIED,7448,bags
2026-03-05,,Arabica,India,MIAMI,TOTAL_BAGS_CERTIFIED,1030,bags
2026-03-05,,Arabica,Kenya,MIAMI,TOTAL_BAGS_CERTIFIED,710,bags
2026-03-05,,Arabica,Peru,MIAMI,TOTAL_BAGS_CERTIFIED,3750,bags
2026-03-05,,Arabica,Venezuela,MIAMI,TOTAL_BAGS_CERTIFIED,250,bags
2026-03-05,,Arabica,Colombia,NOLA,TOTAL_BAGS_CERTIFIED,225,bags
2026-03-05,,Arabica,Mexico,NOLA,TOTAL_BAGS_CERTIFIED,112,bags
2026-03-05,,Arabica,Honduras,NY,TOTAL_BAGS_CERTIFIED,35,bags
2026-03-05,,Arabica,Mexico,NY,TOTAL_BAGS_CERTIFIED,18586,bags
2026-03-05,,Arabica,Nicaragua,NY,TOTAL_BAGS_CERTIFIED,1375,bags
2026-03-05,,Arabica,Papua New Guinea,NY,TOTAL_BAGS_CERTIFIED,425,bags
2026-03-05,,Arabica,Peru,NY,TOTAL_BAGS_CERTIFIED,98,bags
2026-03-05,,Arabica,Venezuela,NY,TOTAL_BAGS_CERTIFIED,2250,bags
2026-03-05,2026-03-04,Robusta,,ANT,NON_TENDERABLE,1,lots
2026-03-05,2026-03-04,Robusta,,ANT,VALID_CERTIFICATE,2708,lots
2026-03-05,2026-03-04,Robusta,,BAR,VALID_CERTIFICATE,27,lots
2026-03-05,2026-03-04,Robusta,,FEL,VALID_CERTIFICATE,131,lots
2026-03-05,2026-03-04,Robusta,,LON,VALID_CERTIFICATE,1809,lots
2026-03-06,,Arabica,Brazil,ANT,TOTAL_BAGS_CERTIFIED,21466,bags
2026-03-06,,Arabica,Burundi,ANT,TOTAL_BAGS_CERTIFIED,4442,bags
2026-03-06,,Arabica,Colombia,ANT,TOTAL_BAGS_CERTIFIED,25,bags
2026-03-06,,Arabica,El Salvador,ANT,TOTAL_BAGS_CERTIFIED,8288,bags
2026-03-06,,Arabica,Guatemala,ANT,TOTAL_BAGS_CERTIFIED,5225,bags
2026-03-06,,Arabica,Honduras,ANT,TOTAL_BAGS_CERTIFIED,33874,bags
2026-03-06,,Arabica,India,ANT,TOTAL_BAGS_CERTIFIED,6798,bags
2026-03-06,,Arabica,Kenya,ANT,TOTAL_BAGS_CERTIFIED,13899,bags
2026-03-06,,Arabica,Mexico,ANT,TOTAL_BAGS_CERTIFIED,47522,bags
2026-03-06,,Arabica,Nicaragua,ANT,TOTAL_BAGS_CERTIFIED,94848,bags
2026-03-06,,Arabica,Papua New Guinea,ANT,TOTAL_BAGS_CERTIFIED,5811,bags
2026-03-06,,Arabica,Peru,ANT,TOTAL_BAGS_CERTIFIED,65426,bags
2026-03-06,,Arabica,Rwanda,ANT,TOTAL_BAGS_CERTIFIED,28512,bags
2026-03-06,,Arabica,Tanzania,ANT,TOTAL_BAGS_CERTIFIED,36173,bags
2026-03-06,,Arabica,Uganda,ANT,TOTAL_BAGS_CERTIFIED,22077,bags
2026-03-06,,Arabica,Burundi,HA/BR,TOTAL_BAGS_CERTIFIED,854,bags
2026-03-06,,Arabica,Honduras,HA/BR,TOTAL_BAGS_CERTIFIED,1800,bags
2026-03-06,,Arabica,India,HA/BR,TOTAL_BAGS_CERTIFIED,1984,bags
2026-03-06,,Arabica,Kenya,HA/BR,TOTAL_BAGS_CERTIFIED,2475,bags
2026-03-06,,Arabica,Papua New Guinea,HA/BR,TOTAL_BAGS_CERTIFIED,10365,bags
2026-03-06,,Arabica,Peru,HA/BR,TOTAL_BAGS_CERTIFIED,992,bags
2026-03-06,,Arabica,Tanzania,HA/BR,TOTAL_BAGS_CERTIFIED,2690,bags
2026-03-06,,Arabica,Uganda,HA/BR,TOTAL_BAGS_CERTIFIED,320,bags
2026-03-06,,Arabica,Venezuela,HA/BR,TOTAL_BAGS_CERTIFIED,3000,bags
2026-03-06,,Arabica,Brazil,HOU,TOTAL_BAGS_CERTIFIED,123,bags
2026-03-06,,Arabica,Guatemala,HOU,TOTAL_BAGS_CERTIFIED,4125,bags
2026-03-06,,Arabica,Honduras,HOU,TOTAL_BAGS_CERTIFIED,75409,bags
2026-03-06,,Arabica,Mexico,HOU,TOTAL_BAGS_CERTIFIED,275,bags
2026-03-06,,Arabica,Nicaragua,HOU,TOTAL_BAGS_CERTIFIED,5525,bags
2026-03-06,,Arabica,Honduras,MIAMI,TOTAL_BAGS_CERTIFIED,7448,bags
2026-03-06,,Arabica,India,MIAMI,TOTAL_BAGS_CERTIFIED,1030,bags
2026-03-06,,Arabica,Kenya,MIAMI,TOTAL_BAGS_CERTIFIED,710,bags
2026-03-06,,Arabica,Peru,MIAMI,TOTAL_BAGS_CERTIFIED,3750,bags
2026-03-06,,Arabica,Venezuela,MIAMI,TOTAL_BAGS_CERTIFIED,250,bags
2026-03-06,,Arabica,Colombia,NOLA,TOTAL_BAGS_CERTIFIED,225,bags
2026-03-06,,Arabica,Mexico,NOLA,TOTAL_BAGS_CERTIFIED,112,bags
2026-03-06,,Arabica,Venezuela,NOLA,TOTAL_BAGS_CERTIFIED,250,bags
2026-03-06,,Arabica,Honduras,NY,TOTAL_BAGS_CERTIFIED,35,bags
2026-03-06,,Arabica,Mexico,NY,TOTAL_BAGS_CERTIFIED,18586,bags
2026-03-06,,Arabica,Nicaragua,NY,TOTAL_BAGS_CERTIFIED,1375,bags
2026-03-06,,Arabica,Papua New Guinea,NY,TOTAL_BAGS_CERTIFIED,425,bags
2026-03-06,,Arabica,Peru,NY,TOTAL_BAGS_CERTIFIED,98,bags
2026-03-06,,Arabica,Venezuela,NY,TOTAL_BAGS_CERTIFIED,2250,bags
2026-03-06,2026-03-05,Robusta,,ANT,NON_TENDERABLE,1,lots
2026-03-06,2026-03-05,Robusta,,ANT,VALID_CERTIFICATE,2645,lots
2026-03-06,2026-03-05,Robusta,,BAR,VALID_CERTIFICATE,27,lots
2026-03-06,2026-03-05,Robusta,,FEL,VALID_CERTIFICATE,131,lots
2026-03-06,2026-03-05,Robusta,,LON,VALID_CERTIFICATE,1799,lots
2026-03-09,,Arabica,Brazil,ANT,TOTAL_BAGS_CERTIFIED,20141,bags
2026-03-09,,Arabica,Burundi,ANT,TOTAL_BAGS_CERTIFIED,4442,bags
2026-03-09,,Arabica,Colombia,ANT,TOTAL_BAGS_CERTIFIED,25,bags
2026-03-09,,Arabica,El Salvador,ANT,TOTAL_BAGS_CERTIFIED,8288,bags
2026-03-09,,Arabica,Guatemala,ANT,TOTAL_BAGS_CERTIFIED,5225,bags
2026-03-09,,Arabica,Honduras,ANT,TOTAL_BAGS_CERTIFIED,33874,bags
2026-03-09,,Arabica,India,ANT,TOTAL_BAGS_CERTIFIED,6798,bags
2026-03-09,,Arabica,Kenya,ANT,TOTAL_BAGS_CERTIFIED,13899,bags
2026-03-09,,Arabica,Mexico,ANT,TOTAL_BAGS_CERTIFIED,47252,bags
2026-03-09,,Arabica,Nicaragua,ANT,TOTAL_BAGS_CERTIFIED,95518,bags
2026-03-09,,Arabica,Papua New Guinea,ANT,TOTAL_BAGS_CERTIFIED,5811,bags
2026-03-09,,Arabica,Peru,ANT,TOTAL_BAGS_CERTIFIED,65426,bags
2026-03-09,,Arabica,Rwanda,ANT,TOTAL_BAGS_CERTIFIED,28832,bags
2026-03-09,,Arabica,Tanzania,ANT,TOTAL_BAGS_CERTIFIED,36173,bags
2026-03-09,,Arabica,Uganda,ANT,TOTAL_BAGS_CERTIFIED,22077,bags
2026-03-09,,Arabica,Burundi,HA/BR,TOTAL_BAGS_CERTIFIED,854,bags
2026-03-09,,Arabica,Honduras,HA/BR,TOTAL_BAGS_CERTIFIED,1800,bags
2026-03-09,,Arabica,India,HA/BR,TOTAL_BAGS_CERTIFIED,1984,bags
2026-03-09,,Arabica,Kenya,HA/BR,TOTAL_BAGS_CERTIFIED,2475,bags
2026-03-09,,Arabica,Papua New Guinea,HA/BR,TOTAL_BAGS_CERTIFIED,10365,bags
2026-03-09,,Arabica,Peru,HA/BR,TOTAL_BAGS_CERTIFIED,992,bags
2026-03-09,,Arabica,Tanzania,HA/BR,TOTAL_BAGS_CERTIFIED,2690,bags
2026-03-09,,Arabica,Uganda,HA/BR,TOTAL_BAGS_CERTIFIED,320,bags
2026-03-09,,Arabica,Venezuela,HA/BR,TOTAL_BAGS_CERTIFIED,3000,bags
2026-03-09,,Arabica,Brazil,HOU,TOTAL_BAGS_CERTIFIED,123,bags
2026-03-09,,Arabica,Guatemala,HOU,TOTAL_BAGS_CERTIFIED,4675,bags
2026-03-09,,Arabica,Honduras,HOU,TOTAL_BAGS_CERTIFIED,82388,bags
2026-03-09,,Arabica,Mexico,HOU,TOTAL_BAGS_CERTIFIED,275,bags
2026-03-09,,Arabica,Nicaragua,HOU,TOTAL_BAGS_CERTIFIED,5525,bags
2026-03-09,,Arabica,Honduras,MIAMI,TOTAL_BAGS_CERTIFIED,7448,bags
2026-03-09,,Arabica,India,MIAMI,TOTAL_BAGS_CERTIFIED,1030,bags
2026-03-09,,Arabica,Kenya,MIAMI,TOTAL_BAGS_CERTIFIED,710,bags
2026-03-09,,Arabica,Peru,MIAMI,TOTAL_BAGS_CERTIFIED,3750,bags
2026-03-09,,Arabica,Venezuela,MIAMI,TOTAL_BAGS_CERTIFIED,250,bags
2026-03-09,,Arabica,Colombia,NOLA,TOTAL_BAGS_CERTIFIED,225,bags
2026-03-09,,Arabica,Honduras,NOLA,TOTAL_BAGS_CERTIFIED,3300,bags
2026-03-09,,Arabica,Mexico,NOLA,TOTAL_BAGS_CERTIFIED,2400,bags
2026-03-09,,Arabica,Venezuela,NOLA,TOTAL_BAGS_CERTIFIED,250,bags
2026-03-09,,Arabica,Honduras,NY,TOTAL_BAGS_CERTIFIED,35,bags
2026-03-09,,Arabica,Mexico,NY,TOTAL_BAGS_CERTIFIED,18586,bags
2026-03-09,,Arabica,Nicaragua,NY,TOTAL_BAGS_CERTIFIED,1375,bags
2026-03-09,,Arabica,Papua New Guinea,NY,TOTAL_BAGS_CERTIFIED,425,bags
2026-03-09,,Arabica,Peru,NY,TOTAL_BAGS_CERTIFIED,98,bags
2026-03-09,,Arabica,Venezuela,NY,TOTAL_BAGS_CERTIFIED,2250,bags
2026-03-09,2026-03-08,Robusta,,ANT,NON_TENDERABLE,1,lots
2026-03-09,2026-03-08,Robusta,,ANT,VALID_CERTIFICATE,2636,lots
2026-03-09,2026-03-08,Robusta,,BAR,VALID_CERTIFICATE,27,lots
2026-03-09,2026-03-08,Robusta,,FEL,VALID_CERTIFICATE,131,lots
2026-03-09,2026-03-08,Robusta,,LON,VALID_CERTIFICATE,1789,lots
2026-03-10,,Arabica,Brazil,ANT,TOTAL_BAGS_CERTIFIED,16781,bags
2026-03-10,,Arabica,Burundi,ANT,TOTAL_BAGS_CERTIFIED,4442,bags
2026-03-10,,Arabica,Colombia,ANT,TOTAL_BAGS_CERTIFIED,25,bags
2026-03-10,,Arabica,El Salvador,ANT,TOTAL_BAGS_CERTIFIED,8288,bags
2026-03-10,,Arabica,Guatemala,ANT,TOTAL_BAGS_CERTIFIED,5225,bags
2026-03-10,,Arabica,Honduras,ANT,TOTAL_BAGS_CERTIFIED,33874,bags
2026-03-10,,Arabica,India,ANT,TOTAL_BAGS_CERTIFIED,6798,bags
2026-03-10,,Arabica,Kenya,ANT,TOTAL_BAGS_CERTIFIED,15499,bags
2026-03-10,,Arabica,Mexico,ANT,TOTAL_BAGS_CERTIFIED,48278,bags
2026-03-10,,Arabica,Nicaragua,ANT,TOTAL_BAGS_CERTIFIED,97623,bags
2026-03-10,,Arabica,Papua New Guinea,ANT,TOTAL_BAGS_CERTIFIED,5811,bags
2026-03-10,,Arabica,Peru,ANT,TOTAL_BAGS_CERTIFIED,65676,bags
2026-03-10,,Arabica,Rwanda,ANT,TOTAL_BAGS_CERTIFIED,28832,bags
2026-03-10,,Arabica,Tanzania,ANT,TOTAL_BAGS_CERTIFIED,36173,bags
2026-03-10,,Arabica,Uganda,ANT,TOTAL_BAGS_CERTIFIED,22077,bags
2026-03-10,,Arabica,Burundi,HA/BR,TOTAL_BAGS_CERTIFIED,854,bags
2026-03-10,,Arabica,Honduras,HA/BR,TOTAL_BAGS_CERTIFIED,1800,bags
2026-03-10,,Arabica,India,HA/BR,TOTAL_BAGS_CERTIFIED,1984,bags
2026-03-10,,Arabica,Kenya,HA/BR,TOTAL_BAGS_CERTIFIED,2475,bags
2026-03-10,,Arabica,Papua New Guinea,HA/BR,TOTAL_BAGS_CERTIFIED,10365,bags
2026-03-10,,Arabica,Peru,HA/BR,TOTAL_BAGS_CERTIFIED,992,bags
2026-03-10,,Arabica,Tanzania,HA/BR,TOTAL_BAGS_CERTIFIED,2690,bags
2026-03-10,,Arabica,Uganda,HA/BR,TOTAL_BAGS_CERTIFIED,320,bags
2026-03-10,,Arabica,Venezuela,HA/BR,TOTAL_BAGS_CERTIFIED,3000,bags
2026-03-10,,Arabica,Brazil,HOU,TOTAL_BAGS_CERTIFIED,123,bags
2026-03-10,,Arabica,Guatemala,HOU,TOTAL_BAGS_CERTIFIED,6325,bags
2026-03-10,,Arabica,Honduras,HOU,TOTAL_BAGS_CERTIFIED,88714,bags
2026-03-10,,Arabica,Mexico,HOU,TOTAL_BAGS_CERTIFIED,1925,bags
2026-03-10,,Arabica,Nicaragua,HOU,TOTAL_BAGS_CERTIFIED,5525,bags
2026-03-10,,Arabica,Honduras,MIAMI,TOTAL_BAGS_CERTIFIED,7448,bags
2026-03-10,,Arabica,India,MIAMI,TOTAL_BAGS_CERTIFIED,1030,bags
2026-03-10,,Arabica,Kenya,MIAMI,TOTAL_BAGS_CERTIFIED,710,bags
2026-03-10,,Arabica,Peru,MIAMI,TOTAL_BAGS_CERTIFIED,3750,bags
2026-03-10,,Arabica,Venezuela,MIAMI,TOTAL_BAGS_CERTIFIED,250,bags
2026-03-10,,Arabica,Colombia,NOLA,TOTAL_BAGS_CERTIFIED,225,bags
2026-03-10,,Arabica,Honduras,NOLA,TOTAL_BAGS_CERTIFIED,3300,bags
2026-03-10,,Arabica,Mexico,NOLA,TOTAL_BAGS_CERTIFIED,2400,bags
2026-03-10,,Arabica,Venezuela,NOLA,TOTAL_BAGS_CERTIFIED,250,bags
2026-03-10,,Arabica,Honduras,NY,TOTAL_BAGS_CERTIFIED,35,bags
2026-03-10,,Arabica,Mexico,NY,TOTAL_BAGS_CERTIFIED,18586,bags
2026-03-10,,Arabica,Nicaragua,NY,TOTAL_BAGS_CERTIFIED,1375,bags
2026-03-10,,Arabica,Papua New Guinea,NY,TOTAL_BAGS_CERTIFIED,425,bags
2026-03-10,,Arabica,Peru,NY,TOTAL_BAGS_CERTIFIED,98,bags
2026-03-10,,Arabica,Venezuela,NY,TOTAL_BAGS_CERTIFIED,2250,bags
2026-03-10,2026-03-09,Robusta,,ANT,NON_TENDERABLE,1,lots
2026-03-10,2026-03-09,Robusta,,ANT,VALID_CERTIFICATE,2636,lots
2026-03-10,2026-03-09,Robusta,,BAR,VALID_CERTIFICATE,27,lots
2026-03-10,2026-03-09,Robusta,,FEL,VALID_CERTIFICATE,131,lots
2026-03-10,2026-03-09,Robusta,,LON,VALID_CERTIFICATE,1779,lots
2026-03-11,,Arabica,Brazil,ANT,TOTAL_BAGS_CERTIFIED,16325,bags
2026-03-11,,Arabica,Burundi,ANT,TOTAL_BAGS_CERTIFIED,4442,bags
2026-03-11,,Arabica,Colombia,ANT,TOTAL_BAGS_CERTIFIED,25,bags
2026-03-11,,Arabica,El Salvador,ANT,TOTAL_BAGS_CERTIFIED,8288,bags
2026-03-11,,Arabica,Guatemala,ANT,TOTAL_BAGS_CERTIFIED,5225,bags
2026-03-11,,Arabica,Honduras,ANT,TOTAL_BAGS_CERTIFIED,36624,bags
2026-03-11,,Arabica,India,ANT,TOTAL_BAGS_CERTIFIED,6798,bags
2026-03-11,,Arabica,Kenya,ANT,TOTAL_BAGS_CERTIFIED,15499,bags
2026-03-11,,Arabica,Mexico,ANT,TOTAL_BAGS_CERTIFIED,49988,bags
2026-03-11,,Arabica,Nicaragua,ANT,TOTAL_BAGS_CERTIFIED,99333,bags
2026-03-11,,Arabica,Papua New Guinea,ANT,TOTAL_BAGS_CERTIFIED,5811,bags
2026-03-11,,Arabica,Peru,ANT,TOTAL_BAGS_CERTIFIED,65856,bags
2026-03-11,,Arabica,Rwanda,ANT,TOTAL_BAGS_CERTIFIED,28832,bags
2026-03-11,,Arabica,Tanzania,ANT,TOTAL_BAGS_CERTIFIED,29050,bags
2026-03-11,,Arabica,Uganda,ANT,TOTAL_BAGS_CERTIFIED,22077,bags
2026-03-11,,Arabica,Burundi,HA/BR,TOTAL_BAGS_CERTIFIED,854,bags
2026-03-11,,Arabica,Honduras,HA/BR,TOTAL_BAGS_CERTIFIED,1800,bags
2026-03-11,,Arabica,India,HA/BR,TOTAL_BAGS_CERTIFIED,1984,bags
2026-03-11,,Arabica,Kenya,HA/BR,TOTAL_BAGS_CERTIFIED,2475,bags
2026-03-11,,Arabica,Papua New Guinea,HA/BR,TOTAL_BAGS_CERTIFIED,10365,bags
2026-03-11,,Arabica,Peru,HA/BR,TOTAL_BAGS_CERTIFIED,745,bags
2026-03-11,,Arabica,Tanzania,HA/BR,TOTAL_BAGS_CERTIFIED,2690,bags
2026-03-11,,Arabica,Uganda,HA/BR,TOTAL_BAGS_CERTIFIED,320,bags
2026-03-11,,Arabica,Venezuela,HA/BR,TOTAL_BAGS_CERTIFIED,3000,bags
2026-03-11,,Arabica,Brazil,HOU,TOTAL_BAGS_CERTIFIED,123,bags
2026-03-11,,Arabica,Guatemala,HOU,TOTAL_BAGS_CERTIFIED,6325,bags
2026-03-11,,Arabica,Honduras,HOU,TOTAL_BAGS_CERTIFIED,82434,bags
2026-03-11,,Arabica,Mexico,HOU,TOTAL_BAGS_CERTIFIED,1925,bags
2026-03-11,,Arabica,Nicaragua,HOU,TOTAL_BAGS_CERTIFIED,5525,bags
2026-03-11,,Arabica,Honduras,MIAMI,TOTAL_BAGS_CERTIFIED,7448,bags
2026-03-11,,Arabica,India,MIAMI,TOTAL_BAGS_CERTIFIED,1030,bags
2026-03-11,,Arabica,Kenya,MIAMI,TOTAL_BAGS_CERTIFIED,710,bags
2026-03-11,,Arabica,Peru,MIAMI,TOTAL_BAGS_CERTIFIED,3750,bags
2026-03-11,,Arabica,Venezuela,MIAMI,TOTAL_BAGS_CERTIFIED,250,bags
2026-03-11,,Arabica,Colombia,NOLA,TOTAL_BAGS_CERTIFIED,225,bags
2026-03-11,,Arabica,Honduras,NOLA,TOTAL_BAGS_CERTIFIED,3300,bags
2026-03-11,,Arabica,Mexico,NOLA,TOTAL_BAGS_CERTIFIED,4325,bags
2026-03-11,,Arabica,Venezuela,NOLA,TOTAL_BAGS_CERTIFIED,250,bags
2026-03-11,,Arabica,Honduras,NY,TOTAL_BAGS_CERTIFIED,35,bags
2026-03-11,,Arabica,Mexico,NY,TOTAL_BAGS_CERTIFIED,11983,bags
2026-03-11,,Arabica,Nicaragua,NY,TOTAL_BAGS_CERTIFIED,1375,bags
2026-03-11,,Arabica,Papua New Guinea,NY,TOTAL_BAGS_CERTIFIED,425,bags
2026-03-11,,Arabica,Peru,NY,TOTAL_BAGS_CERTIFIED,98,bags
2026-03-11,,Arabica,Venezuela,NY,TOTAL_BAGS_CERTIFIED,2250,bags
2026-03-11,2026-03-10,Robusta,,ANT,NON_TENDERABLE,1,lots
2026-03-11,2026-03-10,Robusta,,ANT,VALID_CERTIFICATE,2636,lots
2026-03-11,2026-03-10,Robusta,,BAR,VALID_CERTIFICATE,27,lots
2026-03-11,2026-03-10,Robusta,,FEL,VALID_CERTIFICATE,131,lots
2026-03-11,2026-03-10,Robusta,,LON,VALID_CERTIFICATE,1769,lots
2026-03-12,,Arabica,Brazil,ANT,TOTAL_BAGS_CERTIFIED,16325,bags
2026-03-12,,Arabica,Burundi,ANT,TOTAL_BAGS_CERTIFIED,4442,bags
2026-03-12,,Arabica,Colombia,ANT,TOTAL_BAGS_CERTIFIED,25,bags
2026-03-12,,Arabica,El Salvador,ANT,TOTAL_BAGS_CERTIFIED,8288,bags
2026-03-12,,Arabica,Guatemala,ANT,TOTAL_BAGS_CERTIFIED,5500,bags
2026-03-12,,Arabica,Honduras,ANT,TOTAL_BAGS_CERTIFIED,39922,bags
2026-03-12,,Arabica,India,ANT,TOTAL_BAGS_CERTIFIED,6798,bags
2026-03-12,,Arabica,Kenya,ANT,TOTAL_BAGS_CERTIFIED,15499,bags
2026-03-12,,Arabica,Mexico,ANT,TOTAL_BAGS_CERTIFIED,56887,bags
2026-03-12,,Arabica,Nicaragua,ANT,TOTAL_BAGS_CERTIFIED,97325,bags
2026-03-12,,Arabica,Papua New Guinea,ANT,TOTAL_BAGS_CERTIFIED,5811,bags
2026-03-12,,Arabica,Peru,ANT,TOTAL_BAGS_CERTIFIED,65774,bags
2026-03-12,,Arabica,Rwanda,ANT,TOTAL_BAGS_CERTIFIED,28832,bags
2026-03-12,,Arabica,Tanzania,ANT,TOTAL_BAGS_CERTIFIED,29050,bags
2026-03-12,,Arabica,Uganda,ANT,TOTAL_BAGS_CERTIFIED,22077,bags
2026-03-12,,Arabica,Burundi,HA/BR,TOTAL_BAGS_CERTIFIED,854,bags
2026-03-12,,Arabica,Honduras,HA/BR,TOTAL_BAGS_CERTIFIED,1800,bags
2026-03-12,,Arabica,India,HA/BR,TOTAL_BAGS_CERTIFIED,1984,bags
2026-03-12,,Arabica,Kenya,HA/BR,TOTAL_BAGS_CERTIFIED,2475,bags
2026-03-12,,Arabica,Papua New Guinea,HA/BR,TOTAL_BAGS_CERTIFIED,10365,bags
2026-03-12,,Arabica,Peru,HA/BR,TOTAL_BAGS_CERTIFIED,745,bags
2026-03-12,,Arabica,Tanzania,HA/BR,TOTAL_BAGS_CERTIFIED,2690,bags
2026-03-12,,Arabica,Uganda,HA/BR,TOTAL_BAGS_CERTIFIED,320,bags
2026-03-12,,Arabica,Venezuela,HA/BR,TOTAL_BAGS_CERTIFIED,3000,bags
2026-03-12,,Arabica,Brazil,HOU,TOTAL_BAGS_CERTIFIED,123,bags
2026-03-12,,Arabica,Guatemala,HOU,TOTAL_BAGS_CERTIFIED,6325,bags
2026-03-12,,Arabica,Honduras,HOU,TOTAL_BAGS_CERTIFIED,82434,bags
2026-03-12,,Arabica,Mexico,HOU,TOTAL_BAGS_CERTIFIED,2475,bags
2026-03-12,,Arabica,Nicaragua,HOU,TOTAL_BAGS_CERTIFIED,5525,bags
2026-03-12,,Arabica,Honduras,MIAMI,TOTAL_BAGS_CERTIFIED,7448,bags
2026-03-12,,Arabica,India,MIAMI,TOTAL_BAGS_CERTIFIED,1030,bags
2026-03-12,,Arabica,Kenya,MIAMI,TOTAL_BAGS_CERTIFIED,710,bags
2026-03-12,,Arabica,Peru,MIAMI,TOTAL_BAGS_CERTIFIED,3750,bags
2026-03-12,,Arabica,Venezuela,MIAMI,TOTAL_BAGS_CERTIFIED,250,bags
2026-03-12,,Arabica,Colombia,NOLA,TOTAL_BAGS_CERTIFIED,225,bags
2026-03-12,,Arabica,Honduras,NOLA,TOTAL_BAGS_CERTIFIED,3300,bags
2026-03-12,,Arabica,Mexico,NOLA,TOTAL_BAGS_CERTIFIED,6305,bags
2026-03-12,,Arabica,Venezuela,NOLA,TOTAL_BAGS_CERTIFIED,250,bags
2026-03-12,,Arabica,Honduras,NY,TOTAL_BAGS_CERTIFIED,35,bags
2026-03-12,,Arabica,Mexico,NY,TOTAL_BAGS_CERTIFIED,11983,bags
2026-03-12,,Arabica,Nicaragua,NY,TOTAL_BAGS_CERTIFIED,1375,bags
2026-03-12,,Arabica,Papua New Guinea,NY,TOTAL_BAGS_CERTIFIED,425,bags
2026-03-12,,Arabica,Peru,NY,TOTAL_BAGS_CERTIFIED,98,bags
2026-03-12,,Arabica,Venezuela,NY,TOTAL_BAGS_CERTIFIED,2250,bags
2026-03-12,2026-03-11,Robusta,,ANT,NON_TENDERABLE,1,lots
2026-03-12,2026-03-11,Robusta,,ANT,VALID_CERTIFICATE,2633,lots
2026-03-12,2026-03-11,Robusta,,BAR,VALID_CERTIFICATE,27,lots
2026-03-12,2026-03-11,Robusta,,FEL,VALID_CERTIFICATE,131,lots
2026-03-12,2026-03-11,Robusta,,LON,VALID_CERTIFICATE,1759,lots
2026-03-13,,Arabica,Brazil,ANT,TOTAL_BAGS_CERTIFIED,16406,bags
2026-03-13,,Arabica,Burundi,ANT,TOTAL_BAGS_CERTIFIED,4442,bags
2026-03-13,,Arabica,Colombia,ANT,TOTAL_BAGS_CERTIFIED,25,bags
2026-03-13,,Arabica,El Salvador,ANT,TOTAL_BAGS_CERTIFIED,8288,bags
2026-03-13,,Arabica,Guatemala,ANT,TOTAL_BAGS_CERTIFIED,5500,bags
2026-03-13,,Arabica,Honduras,ANT,TOTAL_BAGS_CERTIFIED,44586,bags
2026-03-13,,Arabica,India,ANT,TOTAL_BAGS_CERTIFIED,8398,bags
2026-03-13,,Arabica,Kenya,ANT,TOTAL_BAGS_CERTIFIED,15499,bags
2026-03-13,,Arabica,Mexico,ANT,TOTAL_BAGS_CERTIFIED,55887,bags
2026-03-13,,Arabica,Nicaragua,ANT,TOTAL_BAGS_CERTIFIED,97325,bags
2026-03-13,,Arabica,Papua New Guinea,ANT,TOTAL_BAGS_CERTIFIED,5811,bags
2026-03-13,,Arabica,Peru,ANT,TOTAL_BAGS_CERTIFIED,70704,bags
2026-03-13,,Arabica,Rwanda,ANT,TOTAL_BAGS_CERTIFIED,28832,bags
2026-03-13,,Arabica,Tanzania,ANT,TOTAL_BAGS_CERTIFIED,29050,bags
2026-03-13,,Arabica,Uganda,ANT,TOTAL_BAGS_CERTIFIED,22077,bags
2026-03-13,,Arabica,Burundi,HA/BR,TOTAL_BAGS_CERTIFIED,854,bags
2026-03-13,,Arabica,Honduras,HA/BR,TOTAL_BAGS_CERTIFIED,1800,bags
2026-03-13,,Arabica,India,HA/BR,TOTAL_BAGS_CERTIFIED,1984,bags
2026-03-13,,Arabica,Kenya,HA/BR,TOTAL_BAGS_CERTIFIED,2475,bags
2026-03-13,,Arabica,Papua New Guinea,HA/BR,TOTAL_BAGS_CERTIFIED,10365,bags
2026-03-13,,Arabica,Peru,HA/BR,TOTAL_BAGS_CERTIFIED,745,bags
2026-03-13,,Arabica,Tanzania,HA/BR,TOTAL_BAGS_CERTIFIED,2690,bags
2026-03-13,,Arabica,Uganda,HA/BR,TOTAL_BAGS_CERTIFIED,320,bags
2026-03-13,,Arabica,Venezuela,HA/BR,TOTAL_BAGS_CERTIFIED,3000,bags
2026-03-13,,Arabica,Brazil,HOU,TOTAL_BAGS_CERTIFIED,123,bags
2026-03-13,,Arabica,Guatemala,HOU,TOTAL_BAGS_CERTIFIED,5500,bags
2026-03-13,,Arabica,Honduras,HOU,TOTAL_BAGS_CERTIFIED,81609,bags
2026-03-13,,Arabica,Mexico,HOU,TOTAL_BAGS_CERTIFIED,2200,bags
2026-03-13,,Arabica,Nicaragua,HOU,TOTAL_BAGS_CERTIFIED,5525,bags
2026-03-13,,Arabica,Honduras,MIAMI,TOTAL_BAGS_CERTIFIED,7448,bags
2026-03-13,,Arabica,India,MIAMI,TOTAL_BAGS_CERTIFIED,1030,bags
2026-03-13,,Arabica,Kenya,MIAMI,TOTAL_BAGS_CERTIFIED,710,bags
2026-03-13,,Arabica,Peru,MIAMI,TOTAL_BAGS_CERTIFIED,3750,bags
2026-03-13,,Arabica,Venezuela,MIAMI,TOTAL_BAGS_CERTIFIED,250,bags
2026-03-13,,Arabica,Colombia,NOLA,TOTAL_BAGS_CERTIFIED,225,bags
2026-03-13,,Arabica,Honduras,NOLA,TOTAL_BAGS_CERTIFIED,3850,bags
2026-03-13,,Arabica,Mexico,NOLA,TOTAL_BAGS_CERTIFIED,6305,bags
2026-03-13,,Arabica,Venezuela,NOLA,TOTAL_BAGS_CERTIFIED,250,bags
2026-03-13,,Arabica,Honduras,NY,TOTAL_BAGS_CERTIFIED,35,bags
2026-03-13,,Arabica,Mexico,NY,TOTAL_BAGS_CERTIFIED,11983,bags
2026-03-13,,Arabica,Nicaragua,NY,TOTAL_BAGS_CERTIFIED,1375,bags
2026-03-13,,Arabica,Papua New Guinea,NY,TOTAL_BAGS_CERTIFIED,425,bags
2026-03-13,,Arabica,Peru,NY,TOTAL_BAGS_CERTIFIED,98,bags
2026-03-13,,Arabica,Venezuela,NY,TOTAL_BAGS_CERTIFIED,2250,bags
2026-03-13,2026-03-12,Robusta,,ANT,NON_TENDERABLE,1,lots
2026-03-13,2026-03-12,Robusta,,ANT,VALID_CERTIFICATE,2626,lots
2026-03-13,2026-03-12,Robusta,,BAR,VALID_CERTIFICATE,27,lots
2026-03-13,2026-03-12,Robusta,,FEL,VALID_CERTIFICATE,131,lots
2026-03-13,2026-03-12,Robusta,,LON,VALID_CERTIFICATE,1733,lots
2026-03-16,,Arabica,Brazil,ANT,TOTAL_BAGS_CERTIFIED,16406,bags
2026-03-16,,Arabica,Burundi,ANT,TOTAL_BAGS_CERTIFIED,4442,bags
2026-03-16,,Arabica,Colombia,ANT,TOTAL_BAGS_CERTIFIED,25,bags
2026-03-16,,Arabica,El Salvador,ANT,TOTAL_BAGS_CERTIFIED,8288,bags
2026-03-16,,Arabica,Guatemala,ANT,TOTAL_BAGS_CERTIFIED,5500,bags
2026-03-16,,Arabica,Honduras,ANT,TOTAL_BAGS_CERTIFIED,44586,bags
2026-03-16,,Arabica,India,ANT,TOTAL_BAGS_CERTIFIED,8398,bags
2026-03-16,,Arabica,Kenya,ANT,TOTAL_BAGS_CERTIFIED,15499,bags
2026-03-16,,Arabica,Mexico,ANT,TOTAL_BAGS_CERTIFIED,55887,bags
2026-03-16,,Arabica,Nicaragua,ANT,TOTAL_BAGS_CERTIFIED,102215,bags
2026-03-16,,Arabica,Papua New Guinea,ANT,TOTAL_BAGS_CERTIFIED,5811,bags
2026-03-16,,Arabica,Peru,ANT,TOTAL_BAGS_CERTIFIED,70204,bags
2026-03-16,,Arabica,Rwanda,ANT,TOTAL_BAGS_CERTIFIED,28832,bags
2026-03-16,,Arabica,Tanzania,ANT,TOTAL_BAGS_CERTIFIED,29050,bags
2026-03-16,,Arabica,Uganda,ANT,TOTAL_BAGS_CERTIFIED,24762,bags
2026-03-16,,Arabica,Burundi,HA/BR,TOTAL_BAGS_CERTIFIED,854,bags
2026-03-16,,Arabica,Honduras,HA/BR,TOTAL_BAGS_CERTIFIED,1800,bags
2026-03-16,,Arabica,India,HA/BR,TOTAL_BAGS_CERTIFIED,1984,bags
2026-03-16,,Arabica,Kenya,HA/BR,TOTAL_BAGS_CERTIFIED,2475,bags
2026-03-16,,Arabica,Papua New Guinea,HA/BR,TOTAL_BAGS_CERTIFIED,10365,bags
2026-03-16,,Arabica,Peru,HA/BR,TOTAL_BAGS_CERTIFIED,745,bags
2026-03-16,,Arabica,Tanzania,HA/BR,TOTAL_BAGS_CERTIFIED,2690,bags
2026-03-16,,Arabica,Uganda,HA/BR,TOTAL_BAGS_CERTIFIED,320,bags
2026-03-16,,Arabica,Venezuela,HA/BR,TOTAL_BAGS_CERTIFIED,3000,bags
2026-03-16,,Arabica,Brazil,HOU,TOTAL_BAGS_CERTIFIED,123,bags
2026-03-16,,Arabica,Guatemala,HOU,TOTAL_BAGS_CERTIFIED,5500,bags
2026-03-16,,Arabica,Honduras,HOU,TOTAL_BAGS_CERTIFIED,83260,bags
2026-03-16,,Arabica,Mexico,HOU,TOTAL_BAGS_CERTIFIED,2200,bags
2026-03-16,,Arabica,Nicaragua,HOU,TOTAL_BAGS_CERTIFIED,5525,bags
2026-03-16,,Arabica,Honduras,MIAMI,TOTAL_BAGS_CERTIFIED,7448,bags
2026-03-16,,Arabica,India,MIAMI,TOTAL_BAGS_CERTIFIED,1030,bags
2026-03-16,,Arabica,Kenya,MIAMI,TOTAL_BAGS_CERTIFIED,710,bags
2026-03-16,,Arabica,Peru,MIAMI,TOTAL_BAGS_CERTIFIED,3750,bags
2026-03-16,,Arabica,Venezuela,MIAMI,TOTAL_BAGS_CERTIFIED,250,bags
2026-03-16,,Arabica,Colombia,NOLA,TOTAL_BAGS_CERTIFIED,225,bags
2026-03-16,,Arabica,Honduras,NOLA,TOTAL_BAGS_CERTIFIED,4950,bags
2026-03-16,,Arabica,Mexico,NOLA,TOTAL_BAGS_CERTIFIED,6305,bags
2026-03-16,,Arabica,Venezuela,NOLA,TOTAL_BAGS_CERTIFIED,250,bags
2026-03-16,,Arabica,Honduras,NY,TOTAL_BAGS_CERTIFIED,35,bags
2026-03-16,,Arabica,Mexico,NY,TOTAL_BAGS_CERTIFIED,11983,bags
2026-03-16,,Arabica,Nicaragua,NY,TOTAL_BAGS_CERTIFIED,1375,bags
2026-03-16,,Arabica,Papua New Guinea,NY,TOTAL_BAGS_CERTIFIED,425,bags
2026-03-16,,Arabica,Peru,NY,TOTAL_BAGS_CERTIFIED,98,bags
2026-03-16,,Arabica,Venezuela,NY,TOTAL_BAGS_CERTIFIED,2250,bags
2026-03-16,2026-03-15,Robusta,,ANT,NON_TENDERABLE,1,lots
2026-03-16,2026-03-15,Robusta,,ANT,VALID_CERTIFICATE,2626,lots
2026-03-16,2026-03-15,Robusta,,BAR,VALID_CERTIFICATE,27,lots
2026-03-16,2026-03-15,Robusta,,FEL,VALID_CERTIFICATE,131,lots
2026-03-16,2026-03-15,Robusta,,LON,VALID_CERTIFICATE,1713,lots
2026-03-17,,Arabica,Brazil,ANT,TOTAL_BAGS_CERTIFIED,15506,bags
2026-03-17,,Arabica,Burundi,ANT,TOTAL_BAGS_CERTIFIED,4442,bags
2026-03-17,,Arabica,Colombia,ANT,TOTAL_BAGS_CERTIFIED,25,bags
2026-03-17,,Arabica,El Salvador,ANT,TOTAL_BAGS_CERTIFIED,8037,bags
2026-03-17,,Arabica,Guatemala,ANT,TOTAL_BAGS_CERTIFIED,5500,bags
2026-03-17,,Arabica,Honduras,ANT,TOTAL_BAGS_CERTIFIED,44586,bags
2026-03-17,,Arabica,India,ANT,TOTAL_BAGS_CERTIFIED,8398,bags
2026-03-17,,Arabica,Kenya,ANT,TOTAL_BAGS_CERTIFIED,15499,bags
2026-03-17,,Arabica,Mexico,ANT,TOTAL_BAGS_CERTIFIED,55887,bags
2026-03-17,,Arabica,Nicaragua,ANT,TOTAL_BAGS_CERTIFIED,102215,bags
2026-03-17,,Arabica,Papua New Guinea,ANT,TOTAL_BAGS_CERTIFIED,5811,bags
2026-03-17,,Arabica,Peru,ANT,TOTAL_BAGS_CERTIFIED,70204,bags
2026-03-17,,Arabica,Rwanda,ANT,TOTAL_BAGS_CERTIFIED,28832,bags
2026-03-17,,Arabica,Tanzania,ANT,TOTAL_BAGS_CERTIFIED,29050,bags
2026-03-17,,Arabica,Uganda,ANT,TOTAL_BAGS_CERTIFIED,24762,bags
2026-03-17,,Arabica,Burundi,HA/BR,TOTAL_BAGS_CERTIFIED,854,bags
2026-03-17,,Arabica,Honduras,HA/BR,TOTAL_BAGS_CERTIFIED,1800,bags
2026-03-17,,Arabica,India,HA/BR,TOTAL_BAGS_CERTIFIED,1984,bags
2026-03-17,,Arabica,Kenya,HA/BR,TOTAL_BAGS_CERTIFIED,2475,bags
2026-03-17,,Arabica,Papua New Guinea,HA/BR,TOTAL_BAGS_CERTIFIED,10365,bags
2026-03-17,,Arabica,Peru,HA/BR,TOTAL_BAGS_CERTIFIED,745,bags
2026-03-17,,Arabica,Tanzania,HA/BR,TOTAL_BAGS_CERTIFIED,2690,bags
2026-03-17,,Arabica,Uganda,HA/BR,TOTAL_BAGS_CERTIFIED,320,bags
2026-03-17,,Arabica,Venezuela,HA/BR,TOTAL_BAGS_CERTIFIED,3000,bags
2026-03-17,,Arabica,Brazil,HOU,TOTAL_BAGS_CERTIFIED,123,bags
2026-03-17,,Arabica,Guatemala,HOU,TOTAL_BAGS_CERTIFIED,5500,bags
2026-03-17,,Arabica,Honduras,HOU,TOTAL_BAGS_CERTIFIED,81846,bags
2026-03-17,,Arabica,Mexico,HOU,TOTAL_BAGS_CERTIFIED,2200,bags
2026-03-17,,Arabica,Nicaragua,HOU,TOTAL_BAGS_CERTIFIED,5525,bags
2026-03-17,,Arabica,Honduras,MIAMI,TOTAL_BAGS_CERTIFIED,7448,bags
2026-03-17,,Arabica,India,MIAMI,TOTAL_BAGS_CERTIFIED,1030,bags
2026-03-17,,Arabica,Kenya,MIAMI,TOTAL_BAGS_CERTIFIED,710,bags
2026-03-17,,Arabica,Peru,MIAMI,TOTAL_BAGS_CERTIFIED,3750,bags
2026-03-17,,Arabica,Venezuela,MIAMI,TOTAL_BAGS_CERTIFIED,250,bags
2026-03-17,,Arabica,Colombia,NOLA,TOTAL_BAGS_CERTIFIED,225,bags
2026-03-17,,Arabica,Honduras,NOLA,TOTAL_BAGS_CERTIFIED,4950,bags
2026-03-17,,Arabica,Mexico,NOLA,TOTAL_BAGS_CERTIFIED,6305,bags
2026-03-17,,Arabica,Venezuela,NOLA,TOTAL_BAGS_CERTIFIED,250,bags
2026-03-17,,Arabica,Honduras,NY,TOTAL_BAGS_CERTIFIED,35,bags
2026-03-17,,Arabica,Mexico,NY,TOTAL_BAGS_CERTIFIED,11983,bags
2026-03-17,,Arabica,Nicaragua,NY,TOTAL_BAGS_CERTIFIED,1375,bags
2026-03-17,,Arabica,Papua New Guinea,NY,TOTAL_BAGS_CERTIFIED,425,bags
2026-03-17,,Arabica,Peru,NY,TOTAL_BAGS_CERTIFIED,98,bags
2026-03-17,,Arabica,Venezuela,NY,TOTAL_BAGS_CERTIFIED,2250,bags
2026-03-17,2026-03-16,Robusta,,ANT,NON_TENDERABLE,1,lots
2026-03-17,2026-03-16,Robusta,,ANT,VALID_CERTIFICATE,2520,lots
2026-03-17,2026-03-16,Robusta,,BAR,VALID_CERTIFICATE,27,lots
2026-03-17,2026-03-16,Robusta,,FEL,VALID_CERTIFICATE,131,lots
2026-03-17,2026-03-16,Robusta,,LON,VALID_CERTIFICATE,1685,lots
2026-03-18,,Arabica,Brazil,ANT,TOTAL_BAGS_CERTIFIED,18110,bags
2026-03-18,,Arabica,Burundi,ANT,TOTAL_BAGS_CERTIFIED,4442,bags
2026-03-18,,Arabica,Colombia,ANT,TOTAL_BAGS_CERTIFIED,25,bags
2026-03-18,,Arabica,El Salvador,ANT,TOTAL_BAGS_CERTIFIED,8037,bags
2026-03-18,,Arabica,Guatemala,ANT,TOTAL_BAGS_CERTIFIED,5500,bags
2026-03-18,,Arabica,Honduras,ANT,TOTAL_BAGS_CERTIFIED,44586,bags
2026-03-18,,Arabica,India,ANT,TOTAL_BAGS_CERTIFIED,8398,bags
2026-03-18,,Arabica,Kenya,ANT,TOTAL_BAGS_CERTIFIED,15499,bags
2026-03-18,,Arabica,Mexico,ANT,TOTAL_BAGS_CERTIFIED,55887,bags
2026-03-18,,Arabica,Nicaragua,ANT,TOTAL_BAGS_CERTIFIED,100411,bags
2026-03-18,,Arabica,Papua New Guinea,ANT,TOTAL_BAGS_CERTIFIED,5811,bags
2026-03-18,,Arabica,Peru,ANT,TOTAL_BAGS_CERTIFIED,70204,bags
2026-03-18,,Arabica,Rwanda,ANT,TOTAL_BAGS_CERTIFIED,29472,bags
2026-03-18,,Arabica,Tanzania,ANT,TOTAL_BAGS_CERTIFIED,29050,bags
2026-03-18,,Arabica,Uganda,ANT,TOTAL_BAGS_CERTIFIED,25752,bags
2026-03-18,,Arabica,Burundi,HA/BR,TOTAL_BAGS_CERTIFIED,854,bags
2026-03-18,,Arabica,Honduras,HA/BR,TOTAL_BAGS_CERTIFIED,1800,bags
2026-03-18,,Arabica,India,HA/BR,TOTAL_BAGS_CERTIFIED,1984,bags
2026-03-18,,Arabica,Kenya,HA/BR,TOTAL_BAGS_CERTIFIED,2475,bags
2026-03-18,,Arabica,Papua New Guinea,HA/BR,TOTAL_BAGS_CERTIFIED,10365,bags
2026-03-18,,Arabica,Peru,HA/BR,TOTAL_BAGS_CERTIFIED,745,bags
2026-03-18,,Arabica,Tanzania,HA/BR,TOTAL_BAGS_CERTIFIED,2690,bags
2026-03-18,,Arabica,Uganda,HA/BR,TOTAL_BAGS_CERTIFIED,320,bags
2026-03-18,,Arabica,Venezuela,HA/BR,TOTAL_BAGS_CERTIFIED,3000,bags
2026-03-18,,Arabica,Brazil,HOU,TOTAL_BAGS_CERTIFIED,123,bags
2026-03-18,,Arabica,Guatemala,HOU,TOTAL_BAGS_CERTIFIED,5500,bags
2026-03-18,,Arabica,Honduras,HOU,TOTAL_BAGS_CERTIFIED,80688,bags
2026-03-18,,Arabica,Mexico,HOU,TOTAL_BAGS_CERTIFIED,1925,bags
2026-03-18,,Arabica,Nicaragua,HOU,TOTAL_BAGS_CERTIFIED,5525,bags
2026-03-18,,Arabica,Honduras,MIAMI,TOTAL_BAGS_CERTIFIED,7448,bags
2026-03-18,,Arabica,India,MIAMI,TOTAL_BAGS_CERTIFIED,1030,bags
2026-03-18,,Arabica,Kenya,MIAMI,TOTAL_BAGS_CERTIFIED,710,bags
2026-03-18,,Arabica,Peru,MIAMI,TOTAL_BAGS_CERTIFIED,3750,bags
2026-03-18,,Arabica,Venezuela,MIAMI,TOTAL_BAGS_CERTIFIED,250,bags
2026-03-18,,Arabica,Colombia,NOLA,TOTAL_BAGS_CERTIFIED,225,bags
2026-03-18,,Arabica,Honduras,NOLA,TOTAL_BAGS_CERTIFIED,6591,bags
2026-03-18,,Arabica,Mexico,NOLA,TOTAL_BAGS_CERTIFIED,10023,bags
2026-03-18,,Arabica,Venezuela,NOLA,TOTAL_BAGS_CERTIFIED,250,bags
2026-03-18,,Arabica,Honduras,NY,TOTAL_BAGS_CERTIFIED,35,bags
2026-03-18,,Arabica,Mexico,NY,TOTAL_BAGS_CERTIFIED,11983,bags
2026-03-18,,Arabica,Nicaragua,NY,TOTAL_BAGS_CERTIFIED,1375,bags
2026-03-18,,Arabica,Papua New Guinea,NY,TOTAL_BAGS_CERTIFIED,425,bags
2026-03-18,,Arabica,Peru,NY,TOTAL_BAGS_CERTIFIED,98,bags
2026-03-18,,Arabica,Venezuela,NY,TOTAL_BAGS_CERTIFIED,2250,bags
2026-03-18,2026-03-17,Robusta,,ANT,NON_TENDERABLE,1,lots
2026-03-18,2026-03-17,Robusta,,ANT,VALID_CERTIFICATE,2516,lots
2026-03-18,2026-03-17,Robusta,,BAR,VALID_CERTIFICATE,24,lots
2026-03-18,2026-03-17,Robusta,,FEL,VALID_CERTIFICATE,131,lots
2026-03-18,2026-03-17,Robusta,,LON,VALID_CERTIFICATE,1677,lots
2026-03-19,,Arabica,Brazil,ANT,TOTAL_BAGS_CERTIFIED,22450,bags
2026-03-19,,Arabica,Burundi,ANT,TOTAL_BAGS_CERTIFIED,4442,bags
2026-03-19,,Arabica,Colombia,ANT,TOTAL_BAGS_CERTIFIED,25,bags
2026-03-19,,Arabica,El Salvador,ANT,TOTAL_BAGS_CERTIFIED,8037,bags
2026-03-19,,Arabica,Guatemala,ANT,TOTAL_BAGS_CERTIFIED,5500,bags
2026-03-19,,Arabica,Honduras,ANT,TOTAL_BAGS_CERTIFIED,27539,bags
2026-03-19,,Arabica,India,ANT,TOTAL_BAGS_CERTIFIED,8398,bags
2026-03-19,,Arabica,Kenya,ANT,TOTAL_BAGS_CERTIFIED,15499,bags
2026-03-19,,Arabica,Mexico,ANT,TOTAL_BAGS_CERTIFIED,53637,bags
2026-03-19,,Arabica,Nicaragua,ANT,TOTAL_BAGS_CERTIFIED,82103,bags
2026-03-19,,Arabica,Papua New Guinea,ANT,TOTAL_BAGS_CERTIFIED,5811,bags
2026-03-19,,Arabica,Peru,ANT,TOTAL_BAGS_CERTIFIED,70204,bags
2026-03-19,,Arabica,Rwanda,ANT,TOTAL_BAGS_CERTIFIED,23905,bags
2026-03-19,,Arabica,Tanzania,ANT,TOTAL_BAGS_CERTIFIED,29050,bags
2026-03-19,,Arabica,Uganda,ANT,TOTAL_BAGS_CERTIFIED,31235,bags
2026-03-19,,Arabica,Burundi,HA/BR,TOTAL_BAGS_CERTIFIED,854,bags
2026-03-19,,Arabica,Honduras,HA/BR,TOTAL_BAGS_CERTIFIED,1800,bags
2026-03-19,,Arabica,India,HA/BR,TOTAL_BAGS_CERTIFIED,1984,bags
2026-03-19,,Arabica,Kenya,HA/BR,TOTAL_BAGS_CERTIFIED,2475,bags
2026-03-19,,Arabica,Papua New Guinea,HA/BR,TOTAL_BAGS_CERTIFIED,10365,bags
2026-03-19,,Arabica,Peru,HA/BR,TOTAL_BAGS_CERTIFIED,745,bags
2026-03-19,,Arabica,Tanzania,HA/BR,TOTAL_BAGS_CERTIFIED,2690,bags
2026-03-19,,Arabica,Uganda,HA/BR,TOTAL_BAGS_CERTIFIED,320,bags
2026-03-19,,Arabica,Venezuela,HA/BR,TOTAL_BAGS_CERTIFIED,3000,bags
2026-03-19,,Arabica,Guatemala,HOU,TOTAL_BAGS_CERTIFIED,5500,bags
2026-03-19,,Arabica,Honduras,HOU,TOTAL_BAGS_CERTIFIED,80688,bags
2026-03-19,,Arabica,Mexico,HOU,TOTAL_BAGS_CERTIFIED,1925,bags
2026-03-19,,Arabica,Nicaragua,HOU,TOTAL_BAGS_CERTIFIED,5525,bags
2026-03-19,,Arabica,Honduras,MIAMI,TOTAL_BAGS_CERTIFIED,7448,bags
2026-03-19,,Arabica,India,MIAMI,TOTAL_BAGS_CERTIFIED,1030,bags
2026-03-19,,Arabica,Kenya,MIAMI,TOTAL_BAGS_CERTIFIED,710,bags
2026-03-19,,Arabica,Peru,MIAMI,TOTAL_BAGS_CERTIFIED,3750,bags
2026-03-19,,Arabica,Venezuela,MIAMI,TOTAL_BAGS_CERTIFIED,250,bags
2026-03-19,,Arabica,Colombia,NOLA,TOTAL_BAGS_CERTIFIED,225,bags
2026-03-19,,Arabica,Honduras,NOLA,TOTAL_BAGS_CERTIFIED,6591,bags
2026-03-19,,Arabica,Mexico,NOLA,TOTAL_BAGS_CERTIFIED,10023,bags
2026-03-19,,Arabica,Venezuela,NOLA,TOTAL_BAGS_CERTIFIED,250,bags
2026-03-19,,Arabica,Honduras,NY,TOTAL_BAGS_CERTIFIED,35,bags
2026-03-19,,Arabica,Mexico,NY,TOTAL_BAGS_CERTIFIED,11983,bags
2026-03-19,,Arabica,Nicaragua,NY,TOTAL_BAGS_CERTIFIED,1375,bags
2026-03-19,,Arabica,Papua New Guinea,NY,TOTAL_BAGS_CERTIFIED,425,bags
2026-03-19,,Arabica,Peru,NY,TOTAL_BAGS_CERTIFIED,98,bags
2026-03-19,,Arabica,Venezuela,NY,TOTAL_BAGS_CERTIFIED,2250,bags
2026-03-19,2026-03-18,Robusta,,ANT,NON_TENDERABLE,1,lots
2026-03-19,2026-03-18,Robusta,,ANT,VALID_CERTIFICATE,2516,lots
2026-03-19,2026-03-18,Robusta,,BAR,VALID_CERTIFICATE,24,lots
2026-03-19,2026-03-18,Robusta,,FEL,VALID_CERTIFICATE,123,lots
2026-03-19,2026-03-18,Robusta,,LON,VALID_CERTIFICATE,1622,lots
2026-03-20,,Arabica,Brazil,ANT,TOTAL_BAGS_CERTIFIED,21561,bags
2026-03-20,,Arabica,Burundi,ANT,TOTAL_BAGS_CERTIFIED,4442,bags
2026-03-20,,Arabica,Colombia,ANT,TOTAL_BAGS_CERTIFIED,25,bags
2026-03-20,,Arabica,El Salvador,ANT,TOTAL_BAGS_CERTIFIED,8037,bags
2026-03-20,,Arabica,Guatemala,ANT,TOTAL_BAGS_CERTIFIED,5225,bags
2026-03-20,,Arabica,Honduras,ANT,TOTAL_BAGS_CERTIFIED,25039,bags
2026-03-20,,Arabica,India,ANT,TOTAL_BAGS_CERTIFIED,8398,bags
2026-03-20,,Arabica,Kenya,ANT,TOTAL_BAGS_CERTIFIED,15499,bags
2026-03-20,,Arabica,Mexico,ANT,TOTAL_BAGS_CERTIFIED,53637,bags
2026-03-20,,Arabica,Nicaragua,ANT,TOTAL_BAGS_CERTIFIED,78613,bags
2026-03-20,,Arabica,Papua New Guinea,ANT,TOTAL_BAGS_CERTIFIED,5811,bags
2026-03-20,,Arabica,Peru,ANT,TOTAL_BAGS_CERTIFIED,70204,bags
2026-03-20,,Arabica,Rwanda,ANT,TOTAL_BAGS_CERTIFIED,23465,bags
2026-03-20,,Arabica,Tanzania,ANT,TOTAL_BAGS_CERTIFIED,29050,bags
2026-03-20,,Arabica,Uganda,ANT,TOTAL_BAGS_CERTIFIED,30081,bags
2026-03-20,,Arabica,Burundi,HA/BR,TOTAL_BAGS_CERTIFIED,854,bags
2026-03-20,,Arabica,Honduras,HA/BR,TOTAL_BAGS_CERTIFIED,1800,bags
2026-03-20,,Arabica,India,HA/BR,TOTAL_BAGS_CERTIFIED,1984,bags
2026-03-20,,Arabica,Kenya,HA/BR,TOTAL_BAGS_CERTIFIED,2475,bags
2026-03-20,,Arabica,Papua New Guinea,HA/BR,TOTAL_BAGS_CERTIFIED,10365,bags
2026-03-20,,Arabica,Peru,HA/BR,TOTAL_BAGS_CERTIFIED,745,bags
2026-03-20,,Arabica,Tanzania,HA/BR,TOTAL_BAGS_CERTIFIED,2690,bags
2026-03-20,,Arabica,Uganda,HA/BR,TOTAL_BAGS_CERTIFIED,320,bags
2026-03-20,,Arabica,Venezuela,HA/BR,TOTAL_BAGS_CERTIFIED,3000,bags
2026-03-20,,Arabica,Guatemala,HOU,TOTAL_BAGS_CERTIFIED,5500,bags
2026-03-20,,Arabica,Honduras,HOU,TOTAL_BAGS_CERTIFIED,80101,bags
2026-03-20,,Arabica,Mexico,HOU,TOTAL_BAGS_CERTIFIED,550,bags
2026-03-20,,Arabica,Nicaragua,HOU,TOTAL_BAGS_CERTIFIED,5525,bags
2026-03-20,,Arabica,Honduras,MIAMI,TOTAL_BAGS_CERTIFIED,7448,bags
2026-03-20,,Arabica,India,MIAMI,TOTAL_BAGS_CERTIFIED,1030,bags
2026-03-20,,Arabica,Kenya,MIAMI,TOTAL_BAGS_CERTIFIED,710,bags
2026-03-20,,Arabica,Peru,MIAMI,TOTAL_BAGS_CERTIFIED,3750,bags
2026-03-20,,Arabica,Venezuela,MIAMI,TOTAL_BAGS_CERTIFIED,250,bags
2026-03-20,,Arabica,Colombia,NOLA,TOTAL_BAGS_CERTIFIED,225,bags
2026-03-20,,Arabica,Honduras,NOLA,TOTAL_BAGS_CERTIFIED,6591,bags
2026-03-20,,Arabica,Mexico,NOLA,TOTAL_BAGS_CERTIFIED,10023,bags
2026-03-20,,Arabica,Venezuela,NOLA,TOTAL_BAGS_CERTIFIED,250,bags
2026-03-20,,Arabica,Honduras,NY,TOTAL_BAGS_CERTIFIED,35,bags
2026-03-20,,Arabica,Mexico,NY,TOTAL_BAGS_CERTIFIED,11983,bags
2026-03-20,,Arabica,Nicaragua,NY,TOTAL_BAGS_CERTIFIED,1375,bags
2026-03-20,,Arabica,Papua New Guinea,NY,TOTAL_BAGS_CERTIFIED,425,bags
2026-03-20,,Arabica,Peru,NY,TOTAL_BAGS_CERTIFIED,98,bags
2026-03-20,,Arabica,Venezuela,NY,TOTAL_BAGS_CERTIFIED,2250,bags
2026-03-20,2026-03-19,Robusta,,ANT,NON_TENDERABLE,1,lots
2026-03-20,2026-03-19,Robusta,,ANT,VALID_CERTIFICATE,2512,lots
2026-03-20,2026-03-19,Robusta,,BAR,VALID_CERTIFICATE,24,lots
2026-03-20,2026-03-19,Robusta,,FEL,VALID_CERTIFICATE,110,lots
2026-03-20,2026-03-19,Robusta,,LON,VALID_CERTIFICATE,1611,lots
2026-03-23,,Arabica,Brazil,ANT,TOTAL_BAGS_CERTIFIED,22834,bags
2026-03-23,,Arabica,Burundi,ANT,TOTAL_BAGS_CERTIFIED,3872,bags
2026-03-23,,Arabica,Colombia,ANT,TOTAL_BAGS_CERTIFIED,25,bags
2026-03-23,,Arabica,El Salvador,ANT,TOTAL_BAGS_CERTIFIED,7846,bags
2026-03-23,,Arabica,Guatemala,ANT,TOTAL_BAGS_CERTIFIED,5225,bags
2026-03-23,,Arabica,Honduras,ANT,TOTAL_BAGS_CERTIFIED,25039,bags
2026-03-23,,Arabica,India,ANT,TOTAL_BAGS_CERTIFIED,8398,bags
2026-03-23,,Arabica,Kenya,ANT,TOTAL_BAGS_CERTIFIED,15499,bags
2026-03-23,,Arabica,Mexico,ANT,TOTAL_BAGS_CERTIFIED,53637,bags
2026-03-23,,Arabica,Nicaragua,ANT,TOTAL_BAGS_CERTIFIED,77238,bags
2026-03-23,,Arabica,Papua New Guinea,ANT,TOTAL_BAGS_CERTIFIED,5811,bags
2026-03-23,,Arabica,Peru,ANT,TOTAL_BAGS_CERTIFIED,70204,bags
2026-03-23,,Arabica,Rwanda,ANT,TOTAL_BAGS_CERTIFIED,22895,bags
2026-03-23,,Arabica,Tanzania,ANT,TOTAL_BAGS_CERTIFIED,27055,bags
2026-03-23,,Arabica,Uganda,ANT,TOTAL_BAGS_CERTIFIED,30081,bags
2026-03-23,,Arabica,Burundi,HA/BR,TOTAL_BAGS_CERTIFIED,854,bags
2026-03-23,,Arabica,Honduras,HA/BR,TOTAL_BAGS_CERTIFIED,1800,bags
2026-03-23,,Arabica,India,HA/BR,TOTAL_BAGS_CERTIFIED,1984,bags
2026-03-23,,Arabica,Kenya,HA/BR,TOTAL_BAGS_CERTIFIED,2475,bags
2026-03-23,,Arabica,Papua New Guinea,HA/BR,TOTAL_BAGS_CERTIFIED,10365,bags
2026-03-23,,Arabica,Peru,HA/BR,TOTAL_BAGS_CERTIFIED,745,bags
2026-03-23,,Arabica,Tanzania,HA/BR,TOTAL_BAGS_CERTIFIED,2690,bags
2026-03-23,,Arabica,Uganda,HA/BR,TOTAL_BAGS_CERTIFIED,320,bags
2026-03-23,,Arabica,Venezuela,HA/BR,TOTAL_BAGS_CERTIFIED,3000,bags
2026-03-23,,Arabica,Guatemala,HOU,TOTAL_BAGS_CERTIFIED,5500,bags
2026-03-23,,Arabica,Honduras,HOU,TOTAL_BAGS_CERTIFIED,74026,bags
2026-03-23,,Arabica,Mexico,HOU,TOTAL_BAGS_CERTIFIED,550,bags
2026-03-23,,Arabica,Nicaragua,HOU,TOTAL_BAGS_CERTIFIED,4150,bags
2026-03-23,,Arabica,Honduras,MIAMI,TOTAL_BAGS_CERTIFIED,7448,bags
2026-03-23,,Arabica,India,MIAMI,TOTAL_BAGS_CERTIFIED,1030,bags
2026-03-23,,Arabica,Kenya,MIAMI,TOTAL_BAGS_CERTIFIED,710,bags
2026-03-23,,Arabica,Peru,MIAMI,TOTAL_BAGS_CERTIFIED,3750,bags
2026-03-23,,Arabica,Venezuela,MIAMI,TOTAL_BAGS_CERTIFIED,250,bags
2026-03-23,,Arabica,Colombia,NOLA,TOTAL_BAGS_CERTIFIED,225,bags
2026-03-23,,Arabica,Honduras,NOLA,TOTAL_BAGS_CERTIFIED,6591,bags
2026-03-23,,Arabica,Mexico,NOLA,TOTAL_BAGS_CERTIFIED,12023,bags
2026-03-23,,Arabica,Venezuela,NOLA,TOTAL_BAGS_CERTIFIED,250,bags
2026-03-23,,Arabica,Honduras,NY,TOTAL_BAGS_CERTIFIED,35,bags
2026-03-23,,Arabica,Mexico,NY,TOTAL_BAGS_CERTIFIED,11983,bags
2026-03-23,,Arabica,Nicaragua,NY,TOTAL_BAGS_CERTIFIED,1375,bags
2026-03-23,,Arabica,Papua New Guinea,NY,TOTAL_BAGS_CERTIFIED,425,bags
2026-03-23,,Arabica,Peru,NY,TOTAL_BAGS_CERTIFIED,98,bags
2026-03-23,,Arabica,Venezuela,NY,TOTAL_BAGS_CERTIFIED,2250,bags
2026-03-23,2026-03-22,Robusta,,ANT,NON_TENDERABLE,1,lots
2026-03-23,2026-03-22,Robusta,,ANT,VALID_CERTIFICATE,2478,lots
2026-03-23,2026-03-22,Robusta,,BAR,VALID_CERTIFICATE,24,lots
2026-03-23,2026-03-22,Robusta,,FEL,VALID_CERTIFICATE,98,lots
2026-03-23,2026-03-22,Robusta,,LON,VALID_CERTIFICATE,1611,lots
2026-03-24,,Arabica,Brazil,ANT,TOTAL_BAGS_CERTIFIED,19618,bags
2026-03-24,,Arabica,Burundi,ANT,TOTAL_BAGS_CERTIFIED,3872,bags
2026-03-24,,Arabica,Colombia,ANT,TOTAL_BAGS_CERTIFIED,25,bags
2026-03-24,,Arabica,El Salvador,ANT,TOTAL_BAGS_CERTIFIED,7846,bags
2026-03-24,,Arabica,Guatemala,ANT,TOTAL_BAGS_CERTIFIED,5225,bags
2026-03-24,,Arabica,Honduras,ANT,TOTAL_BAGS_CERTIFIED,32464,bags
2026-03-24,,Arabica,India,ANT,TOTAL_BAGS_CERTIFIED,8718,bags
2026-03-24,,Arabica,Kenya,ANT,TOTAL_BAGS_CERTIFIED,15499,bags
2026-03-24,,Arabica,Mexico,ANT,TOTAL_BAGS_CERTIFIED,53979,bags
2026-03-24,,Arabica,Nicaragua,ANT,TOTAL_BAGS_CERTIFIED,78063,bags
2026-03-24,,Arabica,Papua New Guinea,ANT,TOTAL_BAGS_CERTIFIED,5811,bags
2026-03-24,,Arabica,Peru,ANT,TOTAL_BAGS_CERTIFIED,71204,bags
2026-03-24,,Arabica,Rwanda,ANT,TOTAL_BAGS_CERTIFIED,22325,bags
2026-03-24,,Arabica,Tanzania,ANT,TOTAL_BAGS_CERTIFIED,27055,bags
2026-03-24,,Arabica,Uganda,ANT,TOTAL_BAGS_CERTIFIED,30081,bags
2026-03-24,,Arabica,Burundi,HA/BR,TOTAL_BAGS_CERTIFIED,854,bags
2026-03-24,,Arabica,Honduras,HA/BR,TOTAL_BAGS_CERTIFIED,1800,bags
2026-03-24,,Arabica,India,HA/BR,TOTAL_BAGS_CERTIFIED,1984,bags
2026-03-24,,Arabica,Kenya,HA/BR,TOTAL_BAGS_CERTIFIED,2475,bags
2026-03-24,,Arabica,Papua New Guinea,HA/BR,TOTAL_BAGS_CERTIFIED,10365,bags
2026-03-24,,Arabica,Peru,HA/BR,TOTAL_BAGS_CERTIFIED,745,bags
2026-03-24,,Arabica,Tanzania,HA/BR,TOTAL_BAGS_CERTIFIED,2690,bags
2026-03-24,,Arabica,Uganda,HA/BR,TOTAL_BAGS_CERTIFIED,320,bags
2026-03-24,,Arabica,Venezuela,HA/BR,TOTAL_BAGS_CERTIFIED,3000,bags
2026-03-24,,Arabica,Guatemala,HOU,TOTAL_BAGS_CERTIFIED,3575,bags
2026-03-24,,Arabica,Honduras,HOU,TOTAL_BAGS_CERTIFIED,72651,bags
2026-03-24,,Arabica,Mexico,HOU,TOTAL_BAGS_CERTIFIED,275,bags
2026-03-24,,Arabica,Nicaragua,HOU,TOTAL_BAGS_CERTIFIED,2775,bags
2026-03-24,,Arabica,Honduras,MIAMI,TOTAL_BAGS_CERTIFIED,7448,bags
2026-03-24,,Arabica,India,MIAMI,TOTAL_BAGS_CERTIFIED,1030,bags
2026-03-24,,Arabica,Kenya,MIAMI,TOTAL_BAGS_CERTIFIED,710,bags
2026-03-24,,Arabica,Peru,MIAMI,TOTAL_BAGS_CERTIFIED,3750,bags
2026-03-24,,Arabica,Venezuela,MIAMI,TOTAL_BAGS_CERTIFIED,250,bags
2026-03-24,,Arabica,Colombia,NOLA,TOTAL_BAGS_CERTIFIED,225,bags
2026-03-24,,Arabica,Honduras,NOLA,TOTAL_BAGS_CERTIFIED,6591,bags
2026-03-24,,Arabica,Mexico,NOLA,TOTAL_BAGS_CERTIFIED,12023,bags
2026-03-24,,Arabica,Venezuela,NOLA,TOTAL_BAGS_CERTIFIED,250,bags
2026-03-24,,Arabica,Honduras,NY,TOTAL_BAGS_CERTIFIED,35,bags
2026-03-24,,Arabica,Mexico,NY,TOTAL_BAGS_CERTIFIED,11983,bags
2026-03-24,,Arabica,Nicaragua,NY,TOTAL_BAGS_CERTIFIED,1375,bags
2026-03-24,,Arabica,Papua New Guinea,NY,TOTAL_BAGS_CERTIFIED,425,bags
2026-03-24,,Arabica,Peru,NY,TOTAL_BAGS_CERTIFIED,98,bags
2026-03-24,,Arabica,Venezuela,NY,TOTAL_BAGS_CERTIFIED,2250,bags
2026-03-24,2026-03-23,Robusta,,ANT,NON_TENDERABLE,1,lots
2026-03-24,2026-03-23,Robusta,,ANT,VALID_CERTIFICATE,2530,lots
2026-03-24,2026-03-23,Robusta,,BAR,VALID_CERTIFICATE,24,lots
2026-03-24,2026-03-23,Robusta,,FEL,VALID_CERTIFICATE,88,lots
2026-03-24,2026-03-23,Robusta,,LON,VALID_CERTIFICATE,1611,lots
2026-03-25,,Arabica,Brazil,ANT,TOTAL_BAGS_CERTIFIED,22304,bags
2026-03-25,,Arabica,Burundi,ANT,TOTAL_BAGS_CERTIFIED,3872,bags
2026-03-25,,Arabica,Colombia,ANT,TOTAL_BAGS_CERTIFIED,25,bags
2026-03-25,,Arabica,El Salvador,ANT,TOTAL_BAGS_CERTIFIED,7846,bags
2026-03-25,,Arabica,Guatemala,ANT,TOTAL_BAGS_CERTIFIED,5225,bags
2026-03-25,,Arabica,Honduras,ANT,TOTAL_BAGS_CERTIFIED,34378,bags
2026-03-25,,Arabica,India,ANT,TOTAL_BAGS_CERTIFIED,8718,bags
2026-03-25,,Arabica,Kenya,ANT,TOTAL_BAGS_CERTIFIED,15499,bags
2026-03-25,,Arabica,Mexico,ANT,TOTAL_BAGS_CERTIFIED,53979,bags
2026-03-25,,Arabica,Nicaragua,ANT,TOTAL_BAGS_CERTIFIED,78063,bags
2026-03-25,,Arabica,Papua New Guinea,ANT,TOTAL_BAGS_CERTIFIED,5811,bags
2026-03-25,,Arabica,Peru,ANT,TOTAL_BAGS_CERTIFIED,71204,bags
2026-03-25,,Arabica,Rwanda,ANT,TOTAL_BAGS_CERTIFIED,22325,bags
2026-03-25,,Arabica,Tanzania,ANT,TOTAL_BAGS_CERTIFIED,27055,bags
2026-03-25,,Arabica,Uganda,ANT,TOTAL_BAGS_CERTIFIED,30081,bags
2026-03-25,,Arabica,Burundi,HA/BR,TOTAL_BAGS_CERTIFIED,854,bags
2026-03-25,,Arabica,Honduras,HA/BR,TOTAL_BAGS_CERTIFIED,1800,bags
2026-03-25,,Arabica,India,HA/BR,TOTAL_BAGS_CERTIFIED,1984,bags
2026-03-25,,Arabica,Kenya,HA/BR,TOTAL_BAGS_CERTIFIED,2475,bags
2026-03-25,,Arabica,Papua New Guinea,HA/BR,TOTAL_BAGS_CERTIFIED,10365,bags
2026-03-25,,Arabica,Peru,HA/BR,TOTAL_BAGS_CERTIFIED,745,bags
2026-03-25,,Arabica,Tanzania,HA/BR,TOTAL_BAGS_CERTIFIED,2690,bags
2026-03-25,,Arabica,Uganda,HA/BR,TOTAL_BAGS_CERTIFIED,320,bags
2026-03-25,,Arabica,Venezuela,HA/BR,TOTAL_BAGS_CERTIFIED,3000,bags
2026-03-25,,Arabica,Guatemala,HOU,TOTAL_BAGS_CERTIFIED,3575,bags
2026-03-25,,Arabica,Honduras,HOU,TOTAL_BAGS_CERTIFIED,74850,bags
2026-03-25,,Arabica,Mexico,HOU,TOTAL_BAGS_CERTIFIED,275,bags
2026-03-25,,Arabica,Nicaragua,HOU,TOTAL_BAGS_CERTIFIED,2775,bags
2026-03-25,,Arabica,Honduras,MIAMI,TOTAL_BAGS_CERTIFIED,7448,bags
2026-03-25,,Arabica,India,MIAMI,TOTAL_BAGS_CERTIFIED,1030,bags
2026-03-25,,Arabica,Kenya,MIAMI,TOTAL_BAGS_CERTIFIED,710,bags
2026-03-25,,Arabica,Peru,MIAMI,TOTAL_BAGS_CERTIFIED,3750,bags
2026-03-25,,Arabica,Venezuela,MIAMI,TOTAL_BAGS_CERTIFIED,250,bags
2026-03-25,,Arabica,Colombia,NOLA,TOTAL_BAGS_CERTIFIED,225,bags
2026-03-25,,Arabica,Honduras,NOLA,TOTAL_BAGS_CERTIFIED,10714,bags
2026-03-25,,Arabica,Mexico,NOLA,TOTAL_BAGS_CERTIFIED,12023,bags
2026-03-25,,Arabica,Venezuela,NOLA,TOTAL_BAGS_CERTIFIED,250,bags
2026-03-25,,Arabica,Honduras,NY,TOTAL_BAGS_CERTIFIED,35,bags
2026-03-25,,Arabica,Mexico,NY,TOTAL_BAGS_CERTIFIED,11983,bags
2026-03-25,,Arabica,Nicaragua,NY,TOTAL_BAGS_CERTIFIED,1375,bags
2026-03-25,,Arabica,Papua New Guinea,NY,TOTAL_BAGS_CERTIFIED,425,bags
2026-03-25,,Arabica,Peru,NY,TOTAL_BAGS_CERTIFIED,98,bags
2026-03-25,,Arabica,Venezuela,NY,TOTAL_BAGS_CERTIFIED,2250,bags
2026-03-25,2026-03-24,Robusta,,ANT,NON_TENDERABLE,1,lots
2026-03-25,2026-03-24,Robusta,,ANT,VALID_CERTIFICATE,2516,lots
2026-03-25,2026-03-24,Robusta,,BAR,VALID_CERTIFICATE,24,lots
2026-03-25,2026-03-24,Robusta,,FEL,VALID_CERTIFICATE,78,lots
2026-03-25,2026-03-24,Robusta,,LON,VALID_CERTIFICATE,1611,lots
2026-03-26,,Arabica,Brazil,ANT,TOTAL_BAGS_CERTIFIED,24918,bags
2026-03-26,,Arabica,Burundi,ANT,TOTAL_BAGS_CERTIFIED,3872,bags
2026-03-26,,Arabica,Colombia,ANT,TOTAL_BAGS_CERTIFIED,25,bags
2026-03-26,,Arabica,El Salvador,ANT,TOTAL_BAGS_CERTIFIED,7846,bags
2026-03-26,,Arabica,Guatemala,ANT,TOTAL_BAGS_CERTIFIED,5225,bags
2026-03-26,,Arabica,Honduras,ANT,TOTAL_BAGS_CERTIFIED,37128,bags
2026-03-26,,Arabica,India,ANT,TOTAL_BAGS_CERTIFIED,9038,bags
2026-03-26,,Arabica,Kenya,ANT,TOTAL_BAGS_CERTIFIED,13824,bags
2026-03-26,,Arabica,Mexico,ANT,TOTAL_BAGS_CERTIFIED,53157,bags
2026-03-26,,Arabica,Nicaragua,ANT,TOTAL_BAGS_CERTIFIED,78613,bags
2026-03-26,,Arabica,Papua New Guinea,ANT,TOTAL_BAGS_CERTIFIED,5811,bags
2026-03-26,,Arabica,Peru,ANT,TOTAL_BAGS_CERTIFIED,71204,bags
2026-03-26,,Arabica,Rwanda,ANT,TOTAL_BAGS_CERTIFIED,22325,bags
2026-03-26,,Arabica,Tanzania,ANT,TOTAL_BAGS_CERTIFIED,27055,bags
2026-03-26,,Arabica,Uganda,ANT,TOTAL_BAGS_CERTIFIED,31396,bags
2026-03-26,,Arabica,Burundi,HA/BR,TOTAL_BAGS_CERTIFIED,854,bags
2026-03-26,,Arabica,Honduras,HA/BR,TOTAL_BAGS_CERTIFIED,1800,bags
2026-03-26,,Arabica,India,HA/BR,TOTAL_BAGS_CERTIFIED,1984,bags
2026-03-26,,Arabica,Kenya,HA/BR,TOTAL_BAGS_CERTIFIED,2475,bags
2026-03-26,,Arabica,Papua New Guinea,HA/BR,TOTAL_BAGS_CERTIFIED,10365,bags
2026-03-26,,Arabica,Peru,HA/BR,TOTAL_BAGS_CERTIFIED,745,bags
2026-03-26,,Arabica,Tanzania,HA/BR,TOTAL_BAGS_CERTIFIED,2690,bags
2026-03-26,,Arabica,Uganda,HA/BR,TOTAL_BAGS_CERTIFIED,320,bags
2026-03-26,,Arabica,Venezuela,HA/BR,TOTAL_BAGS_CERTIFIED,3000,bags
2026-03-26,,Arabica,Guatemala,HOU,TOTAL_BAGS_CERTIFIED,3575,bags
2026-03-26,,Arabica,Honduras,HOU,TOTAL_BAGS_CERTIFIED,74850,bags
2026-03-26,,Arabica,Mexico,HOU,TOTAL_BAGS_CERTIFIED,275,bags
2026-03-26,,Arabica,Nicaragua,HOU,TOTAL_BAGS_CERTIFIED,2775,bags
2026-03-26,,Arabica,Honduras,MIAMI,TOTAL_BAGS_CERTIFIED,7448,bags
2026-03-26,,Arabica,India,MIAMI,TOTAL_BAGS_CERTIFIED,1030,bags
2026-03-26,,Arabica,Kenya,MIAMI,TOTAL_BAGS_CERTIFIED,710,bags
2026-03-26,,Arabica,Peru,MIAMI,TOTAL_BAGS_CERTIFIED,3750,bags
2026-03-26,,Arabica,Venezuela,MIAMI,TOTAL_BAGS_CERTIFIED,250,bags
2026-03-26,,Arabica,Colombia,NOLA,TOTAL_BAGS_CERTIFIED,225,bags
2026-03-26,,Arabica,Honduras,NOLA,TOTAL_BAGS_CERTIFIED,10714,bags
2026-03-26,,Arabica,Mexico,NOLA,TOTAL_BAGS_CERTIFIED,12023,bags
2026-03-26,,Arabica,Venezuela,NOLA,TOTAL_BAGS_CERTIFIED,250,bags
2026-03-26,,Arabica,Honduras,NY,TOTAL_BAGS_CERTIFIED,35,bags
2026-03-26,,Arabica,Mexico,NY,TOTAL_BAGS_CERTIFIED,11983,bags
2026-03-26,,Arabica,Nicaragua,NY,TOTAL_BAGS_CERTIFIED,1375,bags
2026-03-26,,Arabica,Papua New Guinea,NY,TOTAL_BAGS_CERTIFIED,425,bags
2026-03-26,,Arabica,Peru,NY,TOTAL_BAGS_CERTIFIED,98,bags
2026-03-26,,Arabica,Venezuela,NY,TOTAL_BAGS_CERTIFIED,2250,bags
2026-03-26,2026-03-25,Robusta,,ANT,NON_TENDERABLE,1,lots
2026-03-26,2026-03-25,Robusta,,ANT,VALID_CERTIFICATE,2516,lots
2026-03-26,2026-03-25,Robusta,,BAR,VALID_CERTIFICATE,24,lots
2026-03-26,2026-03-25,Robusta,,FEL,VALID_CERTIFICATE,72,lots
2026-03-26,2026-03-25,Robusta,,LON,VALID_CERTIFICATE,1561,lots
2026-03-27,,Arabica,Brazil,ANT,TOTAL_BAGS_CERTIFIED,23924,bags
2026-03-27,,Arabica,Burundi,ANT,TOTAL_BAGS_CERTIFIED,3872,bags
2026-03-27,,Arabica,Colombia,ANT,TOTAL_BAGS_CERTIFIED,25,bags
2026-03-27,,Arabica,El Salvador,ANT,TOTAL_BAGS_CERTIFIED,7846,bags
2026-03-27,,Arabica,Guatemala,ANT,TOTAL_BAGS_CERTIFIED,5225,bags
2026-03-27,,Arabica,Honduras,ANT,TOTAL_BAGS_CERTIFIED,37676,bags
2026-03-27,,Arabica,India,ANT,TOTAL_BAGS_CERTIFIED,9038,bags
2026-03-27,,Arabica,Kenya,ANT,TOTAL_BAGS_CERTIFIED,13824,bags
2026-03-27,,Arabica,Mexico,ANT,TOTAL_BAGS_CERTIFIED,53157,bags
2026-03-27,,Arabica,Nicaragua,ANT,TOTAL_BAGS_CERTIFIED,75038,bags
2026-03-27,,Arabica,Papua New Guinea,ANT,TOTAL_BAGS_CERTIFIED,5233,bags
2026-03-27,,Arabica,Peru,ANT,TOTAL_BAGS_CERTIFIED,71454,bags
2026-03-27,,Arabica,Rwanda,ANT,TOTAL_BAGS_CERTIFIED,22040,bags
2026-03-27,,Arabica,Tanzania,ANT,TOTAL_BAGS_CERTIFIED,27055,bags
2026-03-27,,Arabica,Uganda,ANT,TOTAL_BAGS_CERTIFIED,34477,bags
2026-03-27,,Arabica,Burundi,HA/BR,TOTAL_BAGS_CERTIFIED,854,bags
2026-03-27,,Arabica,Honduras,HA/BR,TOTAL_BAGS_CERTIFIED,1800,bags
2026-03-27,,Arabica,India,HA/BR,TOTAL_BAGS_CERTIFIED,1709,bags
2026-03-27,,Arabica,Kenya,HA/BR,TOTAL_BAGS_CERTIFIED,1903,bags
2026-03-27,,Arabica,Papua New Guinea,HA/BR,TOTAL_BAGS_CERTIFIED,10365,bags
2026-03-27,,Arabica,Peru,HA/BR,TOTAL_BAGS_CERTIFIED,745,bags
2026-03-27,,Arabica,Tanzania,HA/BR,TOTAL_BAGS_CERTIFIED,2690,bags
2026-03-27,,Arabica,Uganda,HA/BR,TOTAL_BAGS_CERTIFIED,320,bags
2026-03-27,,Arabica,Venezuela,HA/BR,TOTAL_BAGS_CERTIFIED,3000,bags
2026-03-27,,Arabica,Guatemala,HOU,TOTAL_BAGS_CERTIFIED,3575,bags
2026-03-27,,Arabica,Honduras,HOU,TOTAL_BAGS_CERTIFIED,77877,bags
2026-03-27,,Arabica,Mexico,HOU,TOTAL_BAGS_CERTIFIED,275,bags
2026-03-27,,Arabica,Nicaragua,HOU,TOTAL_BAGS_CERTIFIED,3050,bags
2026-03-27,,Arabica,Honduras,MIAMI,TOTAL_BAGS_CERTIFIED,7448,bags
2026-03-27,,Arabica,India,MIAMI,TOTAL_BAGS_CERTIFIED,1030,bags
2026-03-27,,Arabica,Kenya,MIAMI,TOTAL_BAGS_CERTIFIED,710,bags
2026-03-27,,Arabica,Peru,MIAMI,TOTAL_BAGS_CERTIFIED,3750,bags
2026-03-27,,Arabica,Venezuela,MIAMI,TOTAL_BAGS_CERTIFIED,250,bags
2026-03-27,,Arabica,Colombia,NOLA,TOTAL_BAGS_CERTIFIED,225,bags
2026-03-27,,Arabica,Honduras,NOLA,TOTAL_BAGS_CERTIFIED,11539,bags
2026-03-27,,Arabica,Mexico,NOLA,TOTAL_BAGS_CERTIFIED,12309,bags
2026-03-27,,Arabica,Venezuela,NOLA,TOTAL_BAGS_CERTIFIED,250,bags
2026-03-27,,Arabica,Honduras,NY,TOTAL_BAGS_CERTIFIED,35,bags
2026-03-27,,Arabica,Mexico,NY,TOTAL_BAGS_CERTIFIED,11983,bags
2026-03-27,,Arabica,Nicaragua,NY,TOTAL_BAGS_CERTIFIED,1375,bags
2026-03-27,,Arabica,Papua New Guinea,NY,TOTAL_BAGS_CERTIFIED,425,bags
2026-03-27,,Arabica,Peru,NY,TOTAL_BAGS_CERTIFIED,98,bags
2026-03-27,,Arabica,Venezuela,NY,TOTAL_BAGS_CERTIFIED,2250,bags
2026-03-27,2026-03-26,Robusta,,ANT,NON_TENDERABLE,1,lots
2026-03-27,2026-03-26,Robusta,,ANT,VALID_CERTIFICATE,2495,lots
2026-03-27,2026-03-26,Robusta,,BAR,VALID_CERTIFICATE,13,lots
2026-03-27,2026-03-26,Robusta,,FEL,VALID_CERTIFICATE,60,lots
2026-03-27,2026-03-26,Robusta,,LON,VALID_CERTIFICATE,1559,lots
2026-03-30,,Arabica,Brazil,ANT,TOTAL_BAGS_CERTIFIED,23924,bags
2026-03-30,,Arabica,Burundi,ANT,TOTAL_BAGS_CERTIFIED,3872,bags
2026-03-30,,Arabica,Colombia,ANT,TOTAL_BAGS_CERTIFIED,25,bags
2026-03-30,,Arabica,El Salvador,ANT,TOTAL_BAGS_CERTIFIED,7846,bags
2026-03-30,,Arabica,Guatemala,ANT,TOTAL_BAGS_CERTIFIED,5225,bags
2026-03-30,,Arabica,Honduras,ANT,TOTAL_BAGS_CERTIFIED,42626,bags
2026-03-30,,Arabica,India,ANT,TOTAL_BAGS_CERTIFIED,9038,bags
2026-03-30,,Arabica,Kenya,ANT,TOTAL_BAGS_CERTIFIED,13824,bags
2026-03-30,,Arabica,Mexico,ANT,TOTAL_BAGS_CERTIFIED,53157,bags
2026-03-30,,Arabica,Nicaragua,ANT,TOTAL_BAGS_CERTIFIED,75038,bags
2026-03-30,,Arabica,Papua New Guinea,ANT,TOTAL_BAGS_CERTIFIED,5233,bags
2026-03-30,,Arabica,Peru,ANT,TOTAL_BAGS_CERTIFIED,71454,bags
2026-03-30,,Arabica,Rwanda,ANT,TOTAL_BAGS_CERTIFIED,22040,bags
2026-03-30,,Arabica,Tanzania,ANT,TOTAL_BAGS_CERTIFIED,27055,bags
2026-03-30,,Arabica,Uganda,ANT,TOTAL_BAGS_CERTIFIED,34477,bags
2026-03-30,,Arabica,Burundi,HA/BR,TOTAL_BAGS_CERTIFIED,854,bags
2026-03-30,,Arabica,Honduras,HA/BR,TOTAL_BAGS_CERTIFIED,1800,bags
2026-03-30,,Arabica,India,HA/BR,TOTAL_BAGS_CERTIFIED,1709,bags
2026-03-30,,Arabica,Kenya,HA/BR,TOTAL_BAGS_CERTIFIED,1903,bags
2026-03-30,,Arabica,Papua New Guinea,HA/BR,TOTAL_BAGS_CERTIFIED,10365,bags
2026-03-30,,Arabica,Peru,HA/BR,TOTAL_BAGS_CERTIFIED,745,bags
2026-03-30,,Arabica,Tanzania,HA/BR,TOTAL_BAGS_CERTIFIED,2690,bags
2026-03-30,,Arabica,Uganda,HA/BR,TOTAL_BAGS_CERTIFIED,320,bags
2026-03-30,,Arabica,Venezuela,HA/BR,TOTAL_BAGS_CERTIFIED,3000,bags
2026-03-30,,Arabica,Guatemala,HOU,TOTAL_BAGS_CERTIFIED,3575,bags
2026-03-30,,Arabica,Honduras,HOU,TOTAL_BAGS_CERTIFIED,77327,bags
2026-03-30,,Arabica,Nicaragua,HOU,TOTAL_BAGS_CERTIFIED,3050,bags
2026-03-30,,Arabica,Honduras,MIAMI,TOTAL_BAGS_CERTIFIED,7448,bags
2026-03-30,,Arabica,India,MIAMI,TOTAL_BAGS_CERTIFIED,1030,bags
2026-03-30,,Arabica,Kenya,MIAMI,TOTAL_BAGS_CERTIFIED,710,bags
2026-03-30,,Arabica,Peru,MIAMI,TOTAL_BAGS_CERTIFIED,3750,bags
2026-03-30,,Arabica,Venezuela,MIAMI,TOTAL_BAGS_CERTIFIED,1500,bags
2026-03-30,,Arabica,Colombia,NOLA,TOTAL_BAGS_CERTIFIED,225,bags
2026-03-30,,Arabica,Honduras,NOLA,TOTAL_BAGS_CERTIFIED,14289,bags
2026-03-30,,Arabica,Mexico,NOLA,TOTAL_BAGS_CERTIFIED,11484,bags
2026-03-30,,Arabica,Venezuela,NOLA,TOTAL_BAGS_CERTIFIED,250,bags
2026-03-30,,Arabica,Honduras,NY,TOTAL_BAGS_CERTIFIED,35,bags
2026-03-30,,Arabica,Mexico,NY,TOTAL_BAGS_CERTIFIED,11983,bags
2026-03-30,,Arabica,Nicaragua,NY,TOTAL_BAGS_CERTIFIED,1375,bags
2026-03-30,,Arabica,Papua New Guinea,NY,TOTAL_BAGS_CERTIFIED,425,bags
2026-03-30,,Arabica,Peru,NY,TOTAL_BAGS_CERTIFIED,98,bags
2026-03-30,,Arabica,Venezuela,NY,TOTAL_BAGS_CERTIFIED,2250,bags
2026-03-30,2026-03-29,Robusta,,ANT,NON_TENDERABLE,1,lots
2026-03-30,2026-03-29,Robusta,,ANT,VALID_CERTIFICATE,2489,lots
2026-03-30,2026-03-29,Robusta,,BAR,VALID_CERTIFICATE,13,lots
2026-03-30,2026-03-29,Robusta,,FEL,VALID_CERTIFICATE,48,lots
2026-03-30,2026-03-29,Robusta,,LON,VALID_CERTIFICATE,1559,lots
2026-03-31,,Arabica,Brazil,ANT,TOTAL_BAGS_CERTIFIED,23924,bags
2026-03-31,,Arabica,Burundi,ANT,TOTAL_BAGS_CERTIFIED,3872,bags
2026-03-31,,Arabica,Colombia,ANT,TOTAL_BAGS_CERTIFIED,25,bags
2026-03-31,,Arabica,El Salvador,ANT,TOTAL_BAGS_CERTIFIED,7846,bags
2026-03-31,,Arabica,Guatemala,ANT,TOTAL_BAGS_CERTIFIED,5225,bags
2026-03-31,,Arabica,Honduras,ANT,TOTAL_BAGS_CERTIFIED,42626,bags
2026-03-31,,Arabica,India,ANT,TOTAL_BAGS_CERTIFIED,9038,bags
2026-03-31,,Arabica,Kenya,ANT,TOTAL_BAGS_CERTIFIED,13824,bags
2026-03-31,,Arabica,Mexico,ANT,TOTAL_BAGS_CERTIFIED,53157,bags
2026-03-31,,Arabica,Nicaragua,ANT,TOTAL_BAGS_CERTIFIED,75038,bags
2026-03-31,,Arabica,Papua New Guinea,ANT,TOTAL_BAGS_CERTIFIED,5233,bags
2026-03-31,,Arabica,Peru,ANT,TOTAL_BAGS_CERTIFIED,70704,bags
2026-03-31,,Arabica,Rwanda,ANT,TOTAL_BAGS_CERTIFIED,22040,bags
2026-03-31,,Arabica,Tanzania,ANT,TOTAL_BAGS_CERTIFIED,27055,bags
2026-03-31,,Arabica,Uganda,ANT,TOTAL_BAGS_CERTIFIED,34477,bags
2026-03-31,,Arabica,Burundi,HA/BR,TOTAL_BAGS_CERTIFIED,854,bags
2026-03-31,,Arabica,Honduras,HA/BR,TOTAL_BAGS_CERTIFIED,1800,bags
2026-03-31,,Arabica,India,HA/BR,TOTAL_BAGS_CERTIFIED,1709,bags
2026-03-31,,Arabica,Kenya,HA/BR,TOTAL_BAGS_CERTIFIED,1903,bags
2026-03-31,,Arabica,Papua New Guinea,HA/BR,TOTAL_BAGS_CERTIFIED,10365,bags
2026-03-31,,Arabica,Peru,HA/BR,TOTAL_BAGS_CERTIFIED,745,bags
2026-03-31,,Arabica,Tanzania,HA/BR,TOTAL_BAGS_CERTIFIED,2690,bags
2026-03-31,,Arabica,Uganda,HA/BR,TOTAL_BAGS_CERTIFIED,320,bags
2026-03-31,,Arabica,Venezuela,HA/BR,TOTAL_BAGS_CERTIFIED,3000,bags
2026-03-31,,Arabica,Guatemala,HOU,TOTAL_BAGS_CERTIFIED,3575,bags
2026-03-31,,Arabica,Honduras,HOU,TOTAL_BAGS_CERTIFIED,76777,bags
2026-03-31,,Arabica,Nicaragua,HOU,TOTAL_BAGS_CERTIFIED,3050,bags
2026-03-31,,Arabica,Honduras,MIAMI,TOTAL_BAGS_CERTIFIED,7448,bags
2026-03-31,,Arabica,India,MIAMI,TOTAL_BAGS_CERTIFIED,1030,bags
2026-03-31,,Arabica,Kenya,MIAMI,TOTAL_BAGS_CERTIFIED,710,bags
2026-03-31,,Arabica,Peru,MIAMI,TOTAL_BAGS_CERTIFIED,3750,bags
2026-03-31,,Arabica,Venezuela,MIAMI,TOTAL_BAGS_CERTIFIED,1500,bags
2026-03-31,,Arabica,Colombia,NOLA,TOTAL_BAGS_CERTIFIED,225,bags
2026-03-31,,Arabica,Honduras,NOLA,TOTAL_BAGS_CERTIFIED,14289,bags
2026-03-31,,Arabica,Mexico,NOLA,TOTAL_BAGS_CERTIFIED,11484,bags
2026-03-31,,Arabica,Venezuela,NOLA,TOTAL_BAGS_CERTIFIED,250,bags
2026-03-31,,Arabica,Honduras,NY,TOTAL_BAGS_CERTIFIED,35,bags
2026-03-31,,Arabica,Mexico,NY,TOTAL_BAGS_CERTIFIED,11733,bags
2026-03-31,,Arabica,Nicaragua,NY,TOTAL_BAGS_CERTIFIED,1375,bags
2026-03-31,,Arabica,Papua New Guinea,NY,TOTAL_BAGS_CERTIFIED,425,bags
2026-03-31,,Arabica,Peru,NY,TOTAL_BAGS_CERTIFIED,98,bags
2026-03-31,,Arabica,Venezuela,NY,TOTAL_BAGS_CERTIFIED,2250,bags
2026-03-31,2026-03-30,Robusta,,ANT,NON_TENDERABLE,1,lots
2026-03-31,2026-03-30,Robusta,,ANT,VALID_CERTIFICATE,2487,lots
2026-03-31,2026-03-30,Robusta,,BAR,VALID_CERTIFICATE,13,lots
2026-03-31,2026-03-30,Robusta,,FEL,VALID_CERTIFICATE,36,lots
2026-03-31,2026-03-30,Robusta,,LON,VALID_CERTIFICATE,1559,lots
2026-04-01,,Arabica,Brazil,ANT,TOTAL_BAGS_CERTIFIED,23924,bags
2026-04-01,,Arabica,Burundi,ANT,TOTAL_BAGS_CERTIFIED,3872,bags
2026-04-01,,Arabica,Colombia,ANT,TOTAL_BAGS_CERTIFIED,25,bags
2026-04-01,,Arabica,El Salvador,ANT,TOTAL_BAGS_CERTIFIED,7846,bags
2026-04-01,,Arabica,Guatemala,ANT,TOTAL_BAGS_CERTIFIED,5225,bags
2026-04-01,,Arabica,Honduras,ANT,TOTAL_BAGS_CERTIFIED,42051,bags
2026-04-01,,Arabica,India,ANT,TOTAL_BAGS_CERTIFIED,9038,bags
2026-04-01,,Arabica,Kenya,ANT,TOTAL_BAGS_CERTIFIED,13824,bags
2026-04-01,,Arabica,Mexico,ANT,TOTAL_BAGS_CERTIFIED,52857,bags
2026-04-01,,Arabica,Nicaragua,ANT,TOTAL_BAGS_CERTIFIED,70109,bags
2026-04-01,,Arabica,Papua New Guinea,ANT,TOTAL_BAGS_CERTIFIED,5233,bags
2026-04-01,,Arabica,Peru,ANT,TOTAL_BAGS_CERTIFIED,70704,bags
2026-04-01,,Arabica,Rwanda,ANT,TOTAL_BAGS_CERTIFIED,22040,bags
2026-04-01,,Arabica,Tanzania,ANT,TOTAL_BAGS_CERTIFIED,27055,bags
2026-04-01,,Arabica,Uganda,ANT,TOTAL_BAGS_CERTIFIED,34477,bags
2026-04-01,,Arabica,Burundi,HA/BR,TOTAL_BAGS_CERTIFIED,854,bags
2026-04-01,,Arabica,Honduras,HA/BR,TOTAL_BAGS_CERTIFIED,1800,bags
2026-04-01,,Arabica,India,HA/BR,TOTAL_BAGS_CERTIFIED,1709,bags
2026-04-01,,Arabica,Kenya,HA/BR,TOTAL_BAGS_CERTIFIED,1903,bags
2026-04-01,,Arabica,Papua New Guinea,HA/BR,TOTAL_BAGS_CERTIFIED,10365,bags
2026-04-01,,Arabica,Peru,HA/BR,TOTAL_BAGS_CERTIFIED,745,bags
2026-04-01,,Arabica,Tanzania,HA/BR,TOTAL_BAGS_CERTIFIED,2690,bags
2026-04-01,,Arabica,Uganda,HA/BR,TOTAL_BAGS_CERTIFIED,320,bags
2026-04-01,,Arabica,Venezuela,HA/BR,TOTAL_BAGS_CERTIFIED,3000,bags
2026-04-01,,Arabica,Guatemala,HOU,TOTAL_BAGS_CERTIFIED,3025,bags
2026-04-01,,Arabica,Honduras,HOU,TOTAL_BAGS_CERTIFIED,71527,bags
2026-04-01,,Arabica,Nicaragua,HOU,TOTAL_BAGS_CERTIFIED,3050,bags
2026-04-01,,Arabica,Honduras,MIAMI,TOTAL_BAGS_CERTIFIED,7448,bags
2026-04-01,,Arabica,India,MIAMI,TOTAL_BAGS_CERTIFIED,1030,bags
2026-04-01,,Arabica,Kenya,MIAMI,TOTAL_BAGS_CERTIFIED,710,bags
2026-04-01,,Arabica,Peru,MIAMI,TOTAL_BAGS_CERTIFIED,3750,bags
2026-04-01,,Arabica,Venezuela,MIAMI,TOTAL_BAGS_CERTIFIED,1500,bags
2026-04-01,,Arabica,Colombia,NOLA,TOTAL_BAGS_CERTIFIED,225,bags
2026-04-01,,Arabica,Honduras,NOLA,TOTAL_BAGS_CERTIFIED,14289,bags
2026-04-01,,Arabica,Mexico,NOLA,TOTAL_BAGS_CERTIFIED,11484,bags
2026-04-01,,Arabica,Venezuela,NOLA,TOTAL_BAGS_CERTIFIED,250,bags
2026-04-01,,Arabica,Honduras,NY,TOTAL_BAGS_CERTIFIED,35,bags
2026-04-01,,Arabica,Mexico,NY,TOTAL_BAGS_CERTIFIED,11733,bags
2026-04-01,,Arabica,Nicaragua,NY,TOTAL_BAGS_CERTIFIED,1375,bags
2026-04-01,,Arabica,Papua New Guinea,NY,TOTAL_BAGS_CERTIFIED,425,bags
2026-04-01,,Arabica,Peru,NY,TOTAL_BAGS_CERTIFIED,98,bags
2026-04-01,,Arabica,Venezuela,NY,TOTAL_BAGS_CERTIFIED,2250,bags
2026-04-01,2026-03-31,Robusta,,ANT,NON_TENDERABLE,1,lots
2026-04-01,2026-03-31,Robusta,,ANT,VALID_CERTIFICATE,2485,lots
2026-04-01,2026-03-31,Robusta,,BAR,VALID_CERTIFICATE,13,lots
2026-04-01,2026-03-31,Robusta,,FEL,VALID_CERTIFICATE,36,lots
2026-04-01,2026-03-31,Robusta,,LON,VALID_CERTIFICATE,1559,lots
2026-04-02,,Arabica,Brazil,ANT,TOTAL_BAGS_CERTIFIED,25826,bags
2026-04-02,,Arabica,Burundi,ANT,TOTAL_BAGS_CERTIFIED,3872,bags
2026-04-02,,Arabica,Colombia,ANT,TOTAL_BAGS_CERTIFIED,25,bags
2026-04-02,,Arabica,El Salvador,ANT,TOTAL_BAGS_CERTIFIED,7571,bags
2026-04-02,,Arabica,Guatemala,ANT,TOTAL_BAGS_CERTIFIED,5225,bags
2026-04-02,,Arabica,Honduras,ANT,TOTAL_BAGS_CERTIFIED,41062,bags
2026-04-02,,Arabica,India,ANT,TOTAL_BAGS_CERTIFIED,9038,bags
2026-04-02,,Arabica,Kenya,ANT,TOTAL_BAGS_CERTIFIED,13824,bags
2026-04-02,,Arabica,Mexico,ANT,TOTAL_BAGS_CERTIFIED,51557,bags
2026-04-02,,Arabica,Nicaragua,ANT,TOTAL_BAGS_CERTIFIED,70109,bags
2026-04-02,,Arabica,Papua New Guinea,ANT,TOTAL_BAGS_CERTIFIED,5233,bags
2026-04-02,,Arabica,Peru,ANT,TOTAL_BAGS_CERTIFIED,70704,bags
2026-04-02,,Arabica,Rwanda,ANT,TOTAL_BAGS_CERTIFIED,20865,bags
2026-04-02,,Arabica,Tanzania,ANT,TOTAL_BAGS_CERTIFIED,27055,bags
2026-04-02,,Arabica,Uganda,ANT,TOTAL_BAGS_CERTIFIED,34807,bags
2026-04-02,,Arabica,Burundi,HA/BR,TOTAL_BAGS_CERTIFIED,854,bags
2026-04-02,,Arabica,Honduras,HA/BR,TOTAL_BAGS_CERTIFIED,1800,bags
2026-04-02,,Arabica,India,HA/BR,TOTAL_BAGS_CERTIFIED,1709,bags
2026-04-02,,Arabica,Kenya,HA/BR,TOTAL_BAGS_CERTIFIED,1903,bags
2026-04-02,,Arabica,Papua New Guinea,HA/BR,TOTAL_BAGS_CERTIFIED,10365,bags
2026-04-02,,Arabica,Peru,HA/BR,TOTAL_BAGS_CERTIFIED,745,bags
2026-04-02,,Arabica,Tanzania,HA/BR,TOTAL_BAGS_CERTIFIED,2690,bags
2026-04-02,,Arabica,Uganda,HA/BR,TOTAL_BAGS_CERTIFIED,320,bags
2026-04-02,,Arabica,Venezuela,HA/BR,TOTAL_BAGS_CERTIFIED,3000,bags
2026-04-02,,Arabica,Guatemala,HOU,TOTAL_BAGS_CERTIFIED,3025,bags
2026-04-02,,Arabica,Honduras,HOU,TOTAL_BAGS_CERTIFIED,73456,bags
2026-04-02,,Arabica,Nicaragua,HOU,TOTAL_BAGS_CERTIFIED,3050,bags
2026-04-02,,Arabica,Honduras,MIAMI,TOTAL_BAGS_CERTIFIED,7448,bags
2026-04-02,,Arabica,India,MIAMI,TOTAL_BAGS_CERTIFIED,1030,bags
2026-04-02,,Arabica,Kenya,MIAMI,TOTAL_BAGS_CERTIFIED,710,bags
2026-04-02,,Arabica,Peru,MIAMI,TOTAL_BAGS_CERTIFIED,3750,bags
2026-04-02,,Arabica,Venezuela,MIAMI,TOTAL_BAGS_CERTIFIED,1500,bags
2026-04-02,,Arabica,Colombia,NOLA,TOTAL_BAGS_CERTIFIED,225,bags
2026-04-02,,Arabica,Honduras,NOLA,TOTAL_BAGS_CERTIFIED,15664,bags
2026-04-02,,Arabica,Mexico,NOLA,TOTAL_BAGS_CERTIFIED,11484,bags
2026-04-02,,Arabica,Venezuela,NOLA,TOTAL_BAGS_CERTIFIED,250,bags
2026-04-02,,Arabica,Honduras,NY,TOTAL_BAGS_CERTIFIED,35,bags
2026-04-02,,Arabica,Mexico,NY,TOTAL_BAGS_CERTIFIED,11733,bags
2026-04-02,,Arabica,Nicaragua,NY,TOTAL_BAGS_CERTIFIED,1375,bags
2026-04-02,,Arabica,Papua New Guinea,NY,TOTAL_BAGS_CERTIFIED,425,bags
2026-04-02,,Arabica,Peru,NY,TOTAL_BAGS_CERTIFIED,98,bags
2026-04-02,,Arabica,Venezuela,NY,TOTAL_BAGS_CERTIFIED,2250,bags
2026-04-02,2026-04-01,Robusta,,ANT,NON_TENDERABLE,1,lots
2026-04-02,2026-04-01,Robusta,,ANT,VALID_CERTIFICATE,2501,lots
2026-04-02,2026-04-01,Robusta,,BAR,VALID_CERTIFICATE,13,lots
2026-04-02,2026-04-01,Robusta,,FEL,VALID_CERTIFICATE,36,lots
2026-04-02,2026-04-01,Robusta,,LON,VALID_CERTIFICATE,1559,lots
2026-04-06,,Arabica,Brazil,ANT,TOTAL_BAGS_CERTIFIED,25386,bags
2026-04-06,,Arabica,Burundi,ANT,TOTAL_BAGS_CERTIFIED,3872,bags
2026-04-06,,Arabica,Colombia,ANT,TOTAL_BAGS_CERTIFIED,25,bags
2026-04-06,,Arabica,El Salvador,ANT,TOTAL_BAGS_CERTIFIED,7571,bags
2026-04-06,,Arabica,Guatemala,ANT,TOTAL_BAGS_CERTIFIED,5225,bags
2026-04-06,,Arabica,Honduras,ANT,TOTAL_BAGS_CERTIFIED,41062,bags
2026-04-06,,Arabica,India,ANT,TOTAL_BAGS_CERTIFIED,9038,bags
2026-04-06,,Arabica,Kenya,ANT,TOTAL_BAGS_CERTIFIED,13824,bags
2026-04-06,,Arabica,Mexico,ANT,TOTAL_BAGS_CERTIFIED,51557,bags
2026-04-06,,Arabica,Nicaragua,ANT,TOTAL_BAGS_CERTIFIED,70109,bags
2026-04-06,,Arabica,Papua New Guinea,ANT,TOTAL_BAGS_CERTIFIED,5233,bags
2026-04-06,,Arabica,Peru,ANT,TOTAL_BAGS_CERTIFIED,70704,bags
2026-04-06,,Arabica,Rwanda,ANT,TOTAL_BAGS_CERTIFIED,20865,bags
2026-04-06,,Arabica,Tanzania,ANT,TOTAL_BAGS_CERTIFIED,27055,bags
2026-04-06,,Arabica,Uganda,ANT,TOTAL_BAGS_CERTIFIED,34807,bags
2026-04-06,,Arabica,Burundi,HA/BR,TOTAL_BAGS_CERTIFIED,854,bags
2026-04-06,,Arabica,Honduras,HA/BR,TOTAL_BAGS_CERTIFIED,1800,bags
2026-04-06,,Arabica,India,HA/BR,TOTAL_BAGS_CERTIFIED,1709,bags
2026-04-06,,Arabica,Kenya,HA/BR,TOTAL_BAGS_CERTIFIED,1903,bags
2026-04-06,,Arabica,Papua New Guinea,HA/BR,TOTAL_BAGS_CERTIFIED,10365,bags
2026-04-06,,Arabica,Peru,HA/BR,TOTAL_BAGS_CERTIFIED,745,bags
2026-04-06,,Arabica,Tanzania,HA/BR,TOTAL_BAGS_CERTIFIED,2690,bags
2026-04-06,,Arabica,Uganda,HA/BR,TOTAL_BAGS_CERTIFIED,320,bags
2026-04-06,,Arabica,Venezuela,HA/BR,TOTAL_BAGS_CERTIFIED,3000,bags
2026-04-06,,Arabica,Guatemala,HOU,TOTAL_BAGS_CERTIFIED,3025,bags
2026-04-06,,Arabica,Honduras,HOU,TOTAL_BAGS_CERTIFIED,73456,bags
2026-04-06,,Arabica,Nicaragua,HOU,TOTAL_BAGS_CERTIFIED,3050,bags
2026-04-06,,Arabica,Honduras,MIAMI,TOTAL_BAGS_CERTIFIED,7448,bags
2026-04-06,,Arabica,India,MIAMI,TOTAL_BAGS_CERTIFIED,1030,bags
2026-04-06,,Arabica,Kenya,MIAMI,TOTAL_BAGS_CERTIFIED,710,bags
2026-04-06,,Arabica,Peru,MIAMI,TOTAL_BAGS_CERTIFIED,3750,bags
2026-04-06,,Arabica,Venezuela,MIAMI,TOTAL_BAGS_CERTIFIED,1500,bags
2026-04-06,,Arabica,Colombia,NOLA,TOTAL_BAGS_CERTIFIED,225,bags
2026-04-06,,Arabica,Honduras,NOLA,TOTAL_BAGS_CERTIFIED,15664,bags
2026-04-06,,Arabica,Mexico,NOLA,TOTAL_BAGS_CERTIFIED,10659,bags
2026-04-06,,Arabica,Venezuela,NOLA,TOTAL_BAGS_CERTIFIED,250,bags
2026-04-06,,Arabica,Honduras,NY,TOTAL_BAGS_CERTIFIED,35,bags
2026-04-06,,Arabica,Mexico,NY,TOTAL_BAGS_CERTIFIED,11449,bags
2026-04-06,,Arabica,Nicaragua,NY,TOTAL_BAGS_CERTIFIED,1375,bags
2026-04-06,,Arabica,Papua New Guinea,NY,TOTAL_BAGS_CERTIFIED,425,bags
2026-04-06,,Arabica,Peru,NY,TOTAL_BAGS_CERTIFIED,98,bags
2026-04-06,,Arabica,Venezuela,NY,TOTAL_BAGS_CERTIFIED,2250,bags
2026-04-07,,Arabica,Brazil,ANT,TOTAL_BAGS_CERTIFIED,24816,bags
2026-04-07,,Arabica,Burundi,ANT,TOTAL_BAGS_CERTIFIED,3872,bags
2026-04-07,,Arabica,Colombia,ANT,TOTAL_BAGS_CERTIFIED,25,bags
2026-04-07,,Arabica,El Salvador,ANT,TOTAL_BAGS_CERTIFIED,7571,bags
2026-04-07,,Arabica,Guatemala,ANT,TOTAL_BAGS_CERTIFIED,5225,bags
2026-04-07,,Arabica,Honduras,ANT,TOTAL_BAGS_CERTIFIED,42162,bags
2026-04-07,,Arabica,India,ANT,TOTAL_BAGS_CERTIFIED,10961,bags
2026-04-07,,Arabica,Kenya,ANT,TOTAL_BAGS_CERTIFIED,13824,bags
2026-04-07,,Arabica,Mexico,ANT,TOTAL_BAGS_CERTIFIED,52107,bags
2026-04-07,,Arabica,Nicaragua,ANT,TOTAL_BAGS_CERTIFIED,70445,bags
2026-04-07,,Arabica,Papua New Guinea,ANT,TOTAL_BAGS_CERTIFIED,5233,bags
2026-04-07,,Arabica,Peru,ANT,TOTAL_BAGS_CERTIFIED,70554,bags
2026-04-07,,Arabica,Rwanda,ANT,TOTAL_BAGS_CERTIFIED,20865,bags
2026-04-07,,Arabica,Tanzania,ANT,TOTAL_BAGS_CERTIFIED,27055,bags
2026-04-07,,Arabica,Uganda,ANT,TOTAL_BAGS_CERTIFIED,34807,bags
2026-04-07,,Arabica,Burundi,HA/BR,TOTAL_BAGS_CERTIFIED,854,bags
2026-04-07,,Arabica,Honduras,HA/BR,TOTAL_BAGS_CERTIFIED,1800,bags
2026-04-07,,Arabica,India,HA/BR,TOTAL_BAGS_CERTIFIED,1709,bags
2026-04-07,,Arabica,Kenya,HA/BR,TOTAL_BAGS_CERTIFIED,1903,bags
2026-04-07,,Arabica,Papua New Guinea,HA/BR,TOTAL_BAGS_CERTIFIED,10365,bags
2026-04-07,,Arabica,Peru,HA/BR,TOTAL_BAGS_CERTIFIED,745,bags
2026-04-07,,Arabica,Tanzania,HA/BR,TOTAL_BAGS_CERTIFIED,2690,bags
2026-04-07,,Arabica,Uganda,HA/BR,TOTAL_BAGS_CERTIFIED,320,bags
2026-04-07,,Arabica,Venezuela,HA/BR,TOTAL_BAGS_CERTIFIED,3000,bags
2026-04-07,,Arabica,Guatemala,HOU,TOTAL_BAGS_CERTIFIED,3025,bags
2026-04-07,,Arabica,Honduras,HOU,TOTAL_BAGS_CERTIFIED,70155,bags
2026-04-07,,Arabica,Nicaragua,HOU,TOTAL_BAGS_CERTIFIED,3050,bags
2026-04-07,,Arabica,Honduras,MIAMI,TOTAL_BAGS_CERTIFIED,7448,bags
2026-04-07,,Arabica,India,MIAMI,TOTAL_BAGS_CERTIFIED,1030,bags
2026-04-07,,Arabica,Kenya,MIAMI,TOTAL_BAGS_CERTIFIED,710,bags
2026-04-07,,Arabica,Peru,MIAMI,TOTAL_BAGS_CERTIFIED,3750,bags
2026-04-07,,Arabica,Venezuela,MIAMI,TOTAL_BAGS_CERTIFIED,2500,bags
2026-04-07,,Arabica,Colombia,NOLA,TOTAL_BAGS_CERTIFIED,225,bags
2026-04-07,,Arabica,Honduras,NOLA,TOTAL_BAGS_CERTIFIED,15664,bags
2026-04-07,,Arabica,Mexico,NOLA,TOTAL_BAGS_CERTIFIED,10373,bags
2026-04-07,,Arabica,Venezuela,NOLA,TOTAL_BAGS_CERTIFIED,250,bags
2026-04-07,,Arabica,Honduras,NY,TOTAL_BAGS_CERTIFIED,35,bags
2026-04-07,,Arabica,Mexico,NY,TOTAL_BAGS_CERTIFIED,11449,bags
2026-04-07,,Arabica,Nicaragua,NY,TOTAL_BAGS_CERTIFIED,1375,bags
2026-04-07,,Arabica,Papua New Guinea,NY,TOTAL_BAGS_CERTIFIED,425,bags
2026-04-07,,Arabica,Peru,NY,TOTAL_BAGS_CERTIFIED,98,bags
2026-04-07,,Arabica,Venezuela,NY,TOTAL_BAGS_CERTIFIED,2250,bags
2026-04-07,2026-04-06,Robusta,,ANT,NON_TENDERABLE,1,lots
2026-04-07,2026-04-06,Robusta,,ANT,VALID_CERTIFICATE,2477,lots
2026-04-07,2026-04-06,Robusta,,BAR,VALID_CERTIFICATE,13,lots
2026-04-07,2026-04-06,Robusta,,FEL,VALID_CERTIFICATE,36,lots
2026-04-07,2026-04-06,Robusta,,LON,VALID_CERTIFICATE,1525,lots
2026-04-08,,Arabica,Brazil,ANT,TOTAL_BAGS_CERTIFIED,23806,bags
2026-04-08,,Arabica,Burundi,ANT,TOTAL_BAGS_CERTIFIED,3872,bags
2026-04-08,,Arabica,Colombia,ANT,TOTAL_BAGS_CERTIFIED,25,bags
2026-04-08,,Arabica,El Salvador,ANT,TOTAL_BAGS_CERTIFIED,7571,bags
2026-04-08,,Arabica,Guatemala,ANT,TOTAL_BAGS_CERTIFIED,4675,bags
2026-04-08,,Arabica,Honduras,ANT,TOTAL_BAGS_CERTIFIED,43761,bags
2026-04-08,,Arabica,India,ANT,TOTAL_BAGS_CERTIFIED,11601,bags
2026-04-08,,Arabica,Kenya,ANT,TOTAL_BAGS_CERTIFIED,13824,bags
2026-04-08,,Arabica,Mexico,ANT,TOTAL_BAGS_CERTIFIED,52932,bags
2026-04-08,,Arabica,Nicaragua,ANT,TOTAL_BAGS_CERTIFIED,70445,bags
2026-04-08,,Arabica,Papua New Guinea,ANT,TOTAL_BAGS_CERTIFIED,5233,bags
2026-04-08,,Arabica,Peru,ANT,TOTAL_BAGS_CERTIFIED,70554,bags
2026-04-08,,Arabica,Rwanda,ANT,TOTAL_BAGS_CERTIFIED,21185,bags
2026-04-08,,Arabica,Tanzania,ANT,TOTAL_BAGS_CERTIFIED,27055,bags
2026-04-08,,Arabica,Uganda,ANT,TOTAL_BAGS_CERTIFIED,34807,bags
2026-04-08,,Arabica,Burundi,HA/BR,TOTAL_BAGS_CERTIFIED,854,bags
2026-04-08,,Arabica,Honduras,HA/BR,TOTAL_BAGS_CERTIFIED,1800,bags
2026-04-08,,Arabica,India,HA/BR,TOTAL_BAGS_CERTIFIED,1709,bags
2026-04-08,,Arabica,Kenya,HA/BR,TOTAL_BAGS_CERTIFIED,1903,bags
2026-04-08,,Arabica,Papua New Guinea,HA/BR,TOTAL_BAGS_CERTIFIED,10365,bags
2026-04-08,,Arabica,Peru,HA/BR,TOTAL_BAGS_CERTIFIED,745,bags
2026-04-08,,Arabica,Tanzania,HA/BR,TOTAL_BAGS_CERTIFIED,2690,bags
2026-04-08,,Arabica,Uganda,HA/BR,TOTAL_BAGS_CERTIFIED,320,bags
2026-04-08,,Arabica,Venezuela,HA/BR,TOTAL_BAGS_CERTIFIED,3000,bags
2026-04-08,,Arabica,Guatemala,HOU,TOTAL_BAGS_CERTIFIED,3025,bags
2026-04-08,,Arabica,Honduras,HOU,TOTAL_BAGS_CERTIFIED,70155,bags
2026-04-08,,Arabica,Nicaragua,HOU,TOTAL_BAGS_CERTIFIED,3050,bags
2026-04-08,,Arabica,Honduras,MIAMI,TOTAL_BAGS_CERTIFIED,7448,bags
2026-04-08,,Arabica,India,MIAMI,TOTAL_BAGS_CERTIFIED,1030,bags
2026-04-08,,Arabica,Kenya,MIAMI,TOTAL_BAGS_CERTIFIED,710,bags
2026-04-08,,Arabica,Peru,MIAMI,TOTAL_BAGS_CERTIFIED,3750,bags
2026-04-08,,Arabica,Venezuela,MIAMI,TOTAL_BAGS_CERTIFIED,2500,bags
2026-04-08,,Arabica,Colombia,NOLA,TOTAL_BAGS_CERTIFIED,225,bags
2026-04-08,,Arabica,Honduras,NOLA,TOTAL_BAGS_CERTIFIED,15664,bags
2026-04-08,,Arabica,Mexico,NOLA,TOTAL_BAGS_CERTIFIED,10373,bags
2026-04-08,,Arabica,Venezuela,NOLA,TOTAL_BAGS_CERTIFIED,250,bags
2026-04-08,,Arabica,Honduras,NY,TOTAL_BAGS_CERTIFIED,35,bags
2026-04-08,,Arabica,Mexico,NY,TOTAL_BAGS_CERTIFIED,11449,bags
2026-04-08,,Arabica,Nicaragua,NY,TOTAL_BAGS_CERTIFIED,1375,bags
2026-04-08,,Arabica,Papua New Guinea,NY,TOTAL_BAGS_CERTIFIED,425,bags
2026-04-08,,Arabica,Peru,NY,TOTAL_BAGS_CERTIFIED,98,bags
2026-04-08,,Arabica,Venezuela,NY,TOTAL_BAGS_CERTIFIED,2250,bags
2026-04-08,2026-04-07,Robusta,,ANT,NON_TENDERABLE,1,lots
2026-04-08,2026-04-07,Robusta,,ANT,VALID_CERTIFICATE,2471,lots
2026-04-08,2026-04-07,Robusta,,BAR,VALID_CERTIFICATE,13,lots
2026-04-08,2026-04-07,Robusta,,FEL,VALID_CERTIFICATE,36,lots
2026-04-08,2026-04-07,Robusta,,LON,VALID_CERTIFICATE,1525,lots
2026-04-09,,Arabica,Brazil,ANT,TOTAL_BAGS_CERTIFIED,24236,bags
2026-04-09,,Arabica,Burundi,ANT,TOTAL_BAGS_CERTIFIED,3872,bags
2026-04-09,,Arabica,Colombia,ANT,TOTAL_BAGS_CERTIFIED,25,bags
2026-04-09,,Arabica,El Salvador,ANT,TOTAL_BAGS_CERTIFIED,7571,bags
2026-04-09,,Arabica,Guatemala,ANT,TOTAL_BAGS_CERTIFIED,4675,bags
2026-04-09,,Arabica,Honduras,ANT,TOTAL_BAGS_CERTIFIED,43761,bags
2026-04-09,,Arabica,India,ANT,TOTAL_BAGS_CERTIFIED,11791,bags
2026-04-09,,Arabica,Kenya,ANT,TOTAL_BAGS_CERTIFIED,13539,bags
2026-04-09,,Arabica,Mexico,ANT,TOTAL_BAGS_CERTIFIED,52932,bags
2026-04-09,,Arabica,Nicaragua,ANT,TOTAL_BAGS_CERTIFIED,70420,bags
2026-04-09,,Arabica,Papua New Guinea,ANT,TOTAL_BAGS_CERTIFIED,5233,bags
2026-04-09,,Arabica,Peru,ANT,TOTAL_BAGS_CERTIFIED,70554,bags
2026-04-09,,Arabica,Rwanda,ANT,TOTAL_BAGS_CERTIFIED,18860,bags
2026-04-09,,Arabica,Tanzania,ANT,TOTAL_BAGS_CERTIFIED,27055,bags
2026-04-09,,Arabica,Uganda,ANT,TOTAL_BAGS_CERTIFIED,34849,bags
2026-04-09,,Arabica,Burundi,HA/BR,TOTAL_BAGS_CERTIFIED,854,bags
2026-04-09,,Arabica,Honduras,HA/BR,TOTAL_BAGS_CERTIFIED,1800,bags
2026-04-09,,Arabica,India,HA/BR,TOTAL_BAGS_CERTIFIED,1709,bags
2026-04-09,,Arabica,Kenya,HA/BR,TOTAL_BAGS_CERTIFIED,1903,bags
2026-04-09,,Arabica,Papua New Guinea,HA/BR,TOTAL_BAGS_CERTIFIED,10365,bags
2026-04-09,,Arabica,Peru,HA/BR,TOTAL_BAGS_CERTIFIED,745,bags
2026-04-09,,Arabica,Tanzania,HA/BR,TOTAL_BAGS_CERTIFIED,2690,bags
2026-04-09,,Arabica,Uganda,HA/BR,TOTAL_BAGS_CERTIFIED,320,bags
2026-04-09,,Arabica,Venezuela,HA/BR,TOTAL_BAGS_CERTIFIED,3000,bags
2026-04-09,,Arabica,Guatemala,HOU,TOTAL_BAGS_CERTIFIED,3025,bags
2026-04-09,,Arabica,Honduras,HOU,TOTAL_BAGS_CERTIFIED,70356,bags
2026-04-09,,Arabica,Nicaragua,HOU,TOTAL_BAGS_CERTIFIED,3050,bags
2026-04-09,,Arabica,Honduras,MIAMI,TOTAL_BAGS_CERTIFIED,7448,bags
2026-04-09,,Arabica,India,MIAMI,TOTAL_BAGS_CERTIFIED,1030,bags
2026-04-09,,Arabica,Kenya,MIAMI,TOTAL_BAGS_CERTIFIED,710,bags
2026-04-09,,Arabica,Peru,MIAMI,TOTAL_BAGS_CERTIFIED,3750,bags
2026-04-09,,Arabica,Venezuela,MIAMI,TOTAL_BAGS_CERTIFIED,2500,bags
2026-04-09,,Arabica,Colombia,NOLA,TOTAL_BAGS_CERTIFIED,225,bags
2026-04-09,,Arabica,Honduras,NOLA,TOTAL_BAGS_CERTIFIED,18964,bags
2026-04-09,,Arabica,Mexico,NOLA,TOTAL_BAGS_CERTIFIED,9548,bags
2026-04-09,,Arabica,Venezuela,NOLA,TOTAL_BAGS_CERTIFIED,250,bags
2026-04-09,,Arabica,Honduras,NY,TOTAL_BAGS_CERTIFIED,35,bags
2026-04-09,,Arabica,Mexico,NY,TOTAL_BAGS_CERTIFIED,11449,bags
2026-04-09,,Arabica,Nicaragua,NY,TOTAL_BAGS_CERTIFIED,1375,bags
2026-04-09,,Arabica,Papua New Guinea,NY,TOTAL_BAGS_CERTIFIED,425,bags
2026-04-09,,Arabica,Peru,NY,TOTAL_BAGS_CERTIFIED,98,bags
2026-04-09,,Arabica,Venezuela,NY,TOTAL_BAGS_CERTIFIED,2250,bags
2026-04-09,2026-04-08,Robusta,,ANT,NON_TENDERABLE,1,lots
2026-04-09,2026-04-08,Robusta,,ANT,VALID_CERTIFICATE,2428,lots
2026-04-09,2026-04-08,Robusta,,BAR,VALID_CERTIFICATE,13,lots
2026-04-09,2026-04-08,Robusta,,FEL,VALID_CERTIFICATE,36,lots
2026-04-09,2026-04-08,Robusta,,LON,VALID_CERTIFICATE,1505,lots
2026-04-10,,Arabica,Brazil,ANT,TOTAL_BAGS_CERTIFIED,24236,bags
2026-04-10,,Arabica,Burundi,ANT,TOTAL_BAGS_CERTIFIED,3306,bags
2026-04-10,,Arabica,Colombia,ANT,TOTAL_BAGS_CERTIFIED,25,bags
2026-04-10,,Arabica,El Salvador,ANT,TOTAL_BAGS_CERTIFIED,7571,bags
2026-04-10,,Arabica,Guatemala,ANT,TOTAL_BAGS_CERTIFIED,4675,bags
2026-04-10,,Arabica,Honduras,ANT,TOTAL_BAGS_CERTIFIED,42511,bags
2026-04-10,,Arabica,India,ANT,TOTAL_BAGS_CERTIFIED,11791,bags
2026-04-10,,Arabica,Kenya,ANT,TOTAL_BAGS_CERTIFIED,13539,bags
2026-04-10,,Arabica,Mexico,ANT,TOTAL_BAGS_CERTIFIED,52932,bags
2026-04-10,,Arabica,Nicaragua,ANT,TOTAL_BAGS_CERTIFIED,70420,bags
2026-04-10,,Arabica,Papua New Guinea,ANT,TOTAL_BAGS_CERTIFIED,5233,bags
2026-04-10,,Arabica,Peru,ANT,TOTAL_BAGS_CERTIFIED,70554,bags
2026-04-10,,Arabica,Rwanda,ANT,TOTAL_BAGS_CERTIFIED,18860,bags
2026-04-10,,Arabica,Tanzania,ANT,TOTAL_BAGS_CERTIFIED,27055,bags
2026-04-10,,Arabica,Uganda,ANT,TOTAL_BAGS_CERTIFIED,34849,bags
2026-04-10,,Arabica,Burundi,HA/BR,TOTAL_BAGS_CERTIFIED,854,bags
2026-04-10,,Arabica,Honduras,HA/BR,TOTAL_BAGS_CERTIFIED,1800,bags
2026-04-10,,Arabica,India,HA/BR,TOTAL_BAGS_CERTIFIED,1709,bags
2026-04-10,,Arabica,Kenya,HA/BR,TOTAL_BAGS_CERTIFIED,1903,bags
2026-04-10,,Arabica,Papua New Guinea,HA/BR,TOTAL_BAGS_CERTIFIED,10365,bags
2026-04-10,,Arabica,Peru,HA/BR,TOTAL_BAGS_CERTIFIED,745,bags
2026-04-10,,Arabica,Tanzania,HA/BR,TOTAL_BAGS_CERTIFIED,2690,bags
2026-04-10,,Arabica,Uganda,HA/BR,TOTAL_BAGS_CERTIFIED,320,bags
2026-04-10,,Arabica,Venezuela,HA/BR,TOTAL_BAGS_CERTIFIED,3000,bags
2026-04-10,,Arabica,Guatemala,HOU,TOTAL_BAGS_CERTIFIED,3025,bags
2026-04-10,,Arabica,Honduras,HOU,TOTAL_BAGS_CERTIFIED,70356,bags
2026-04-10,,Arabica,Nicaragua,HOU,TOTAL_BAGS_CERTIFIED,3050,bags
2026-04-10,,Arabica,Honduras,MIAMI,TOTAL_BAGS_CERTIFIED,7448,bags
2026-04-10,,Arabica,India,MIAMI,TOTAL_BAGS_CERTIFIED,1030,bags
2026-04-10,,Arabica,Kenya,MIAMI,TOTAL_BAGS_CERTIFIED,710,bags
2026-04-10,,Arabica,Peru,MIAMI,TOTAL_BAGS_CERTIFIED,3750,bags
2026-04-10,,Arabica,Venezuela,MIAMI,TOTAL_BAGS_CERTIFIED,2500,bags
2026-04-10,,Arabica,Colombia,NOLA,TOTAL_BAGS_CERTIFIED,225,bags
2026-04-10,,Arabica,Honduras,NOLA,TOTAL_BAGS_CERTIFIED,18964,bags
2026-04-10,,Arabica,Mexico,NOLA,TOTAL_BAGS_CERTIFIED,9548,bags
2026-04-10,,Arabica,Venezuela,NOLA,TOTAL_BAGS_CERTIFIED,250,bags
2026-04-10,,Arabica,Honduras,NY,TOTAL_BAGS_CERTIFIED,35,bags
2026-04-10,,Arabica,Mexico,NY,TOTAL_BAGS_CERTIFIED,11449,bags
2026-04-10,,Arabica,Nicaragua,NY,TOTAL_BAGS_CERTIFIED,1375,bags
2026-04-10,,Arabica,Papua New Guinea,NY,TOTAL_BAGS_CERTIFIED,425,bags
2026-04-10,,Arabica,Peru,NY,TOTAL_BAGS_CERTIFIED,98,bags
2026-04-10,,Arabica,Venezuela,NY,TOTAL_BAGS_CERTIFIED,1000,bags
2026-04-10,2026-04-09,Robusta,,ANT,NON_TENDERABLE,1,lots
2026-04-10,2026-04-09,Robusta,,ANT,VALID_CERTIFICATE,2423,lots
2026-04-10,2026-04-09,Robusta,,BAR,VALID_CERTIFICATE,13,lots
2026-04-10,2026-04-09,Robusta,,FEL,VALID_CERTIFICATE,36,lots
2026-04-10,2026-04-09,Robusta,,LON,VALID_CERTIFICATE,1505,lots
2026-04-13,,Arabica,Brazil,ANT,TOTAL_BAGS_CERTIFIED,24236,bags
2026-04-13,,Arabica,Burundi,ANT,TOTAL_BAGS_CERTIFIED,3306,bags
2026-04-13,,Arabica,Colombia,ANT,TOTAL_BAGS_CERTIFIED,25,bags
2026-04-13,,Arabica,El Salvador,ANT,TOTAL_BAGS_CERTIFIED,7571,bags
2026-04-13,,Arabica,Guatemala,ANT,TOTAL_BAGS_CERTIFIED,4675,bags
2026-04-13,,Arabica,Honduras,ANT,TOTAL_BAGS_CERTIFIED,42511,bags
2026-04-13,,Arabica,India,ANT,TOTAL_BAGS_CERTIFIED,11791,bags
2026-04-13,,Arabica,Kenya,ANT,TOTAL_BAGS_CERTIFIED,12899,bags
2026-04-13,,Arabica,Mexico,ANT,TOTAL_BAGS_CERTIFIED,51960,bags
2026-04-13,,Arabica,Nicaragua,ANT,TOTAL_BAGS_CERTIFIED,69428,bags
2026-04-13,,Arabica,Papua New Guinea,ANT,TOTAL_BAGS_CERTIFIED,5233,bags
2026-04-13,,Arabica,Peru,ANT,TOTAL_BAGS_CERTIFIED,70554,bags
2026-04-13,,Arabica,Rwanda,ANT,TOTAL_BAGS_CERTIFIED,18860,bags
2026-04-13,,Arabica,Tanzania,ANT,TOTAL_BAGS_CERTIFIED,24481,bags
2026-04-13,,Arabica,Uganda,ANT,TOTAL_BAGS_CERTIFIED,34849,bags
2026-04-13,,Arabica,Burundi,HA/BR,TOTAL_BAGS_CERTIFIED,854,bags
2026-04-13,,Arabica,Honduras,HA/BR,TOTAL_BAGS_CERTIFIED,1050,bags
2026-04-13,,Arabica,India,HA/BR,TOTAL_BAGS_CERTIFIED,1709,bags
2026-04-13,,Arabica,Kenya,HA/BR,TOTAL_BAGS_CERTIFIED,1903,bags
2026-04-13,,Arabica,Papua New Guinea,HA/BR,TOTAL_BAGS_CERTIFIED,10365,bags
2026-04-13,,Arabica,Peru,HA/BR,TOTAL_BAGS_CERTIFIED,745,bags
2026-04-13,,Arabica,Tanzania,HA/BR,TOTAL_BAGS_CERTIFIED,2690,bags
2026-04-13,,Arabica,Uganda,HA/BR,TOTAL_BAGS_CERTIFIED,320,bags
2026-04-13,,Arabica,Venezuela,HA/BR,TOTAL_BAGS_CERTIFIED,3000,bags
2026-04-13,,Arabica,Guatemala,HOU,TOTAL_BAGS_CERTIFIED,3025,bags
2026-04-13,,Arabica,Honduras,HOU,TOTAL_BAGS_CERTIFIED,69805,bags
2026-04-13,,Arabica,Nicaragua,HOU,TOTAL_BAGS_CERTIFIED,3050,bags
2026-04-13,,Arabica,Honduras,MIAMI,TOTAL_BAGS_CERTIFIED,7448,bags
2026-04-13,,Arabica,India,MIAMI,TOTAL_BAGS_CERTIFIED,1030,bags
2026-04-13,,Arabica,Kenya,MIAMI,TOTAL_BAGS_CERTIFIED,710,bags
2026-04-13,,Arabica,Peru,MIAMI,TOTAL_BAGS_CERTIFIED,3750,bags
2026-04-13,,Arabica,Venezuela,MIAMI,TOTAL_BAGS_CERTIFIED,2500,bags
2026-04-13,,Arabica,Colombia,NOLA,TOTAL_BAGS_CERTIFIED,225,bags
2026-04-13,,Arabica,Honduras,NOLA,TOTAL_BAGS_CERTIFIED,18964,bags
2026-04-13,,Arabica,Mexico,NOLA,TOTAL_BAGS_CERTIFIED,9548,bags
2026-04-13,,Arabica,Venezuela,NOLA,TOTAL_BAGS_CERTIFIED,250,bags
2026-04-13,,Arabica,Honduras,NY,TOTAL_BAGS_CERTIFIED,35,bags
2026-04-13,,Arabica,Mexico,NY,TOTAL_BAGS_CERTIFIED,11449,bags
2026-04-13,,Arabica,Nicaragua,NY,TOTAL_BAGS_CERTIFIED,1375,bags
2026-04-13,,Arabica,Papua New Guinea,NY,TOTAL_BAGS_CERTIFIED,425,bags
2026-04-13,,Arabica,Peru,NY,TOTAL_BAGS_CERTIFIED,98,bags
2026-04-13,,Arabica,Venezuela,NY,TOTAL_BAGS_CERTIFIED,1000,bags
2026-04-13,2026-04-12,Robusta,,ANT,NON_TENDERABLE,1,lots
2026-04-13,2026-04-12,Robusta,,ANT,VALID_CERTIFICATE,2405,lots
2026-04-13,2026-04-12,Robusta,,BAR,VALID_CERTIFICATE,13,lots
2026-04-13,2026-04-12,Robusta,,FEL,VALID_CERTIFICATE,36,lots
2026-04-13,2026-04-12,Robusta,,LON,VALID_CERTIFICATE,1501,lots
2026-04-14,,Arabica,Brazil,ANT,TOTAL_BAGS_CERTIFIED,24676,bags
2026-04-14,,Arabica,Burundi,ANT,TOTAL_BAGS_CERTIFIED,3306,bags
2026-04-14,,Arabica,Colombia,ANT,TOTAL_BAGS_CERTIFIED,25,bags
2026-04-14,,Arabica,El Salvador,ANT,TOTAL_BAGS_CERTIFIED,7571,bags
2026-04-14,,Arabica,Guatemala,ANT,TOTAL_BAGS_CERTIFIED,4675,bags
2026-04-14,,Arabica,Honduras,ANT,TOTAL_BAGS_CERTIFIED,43061,bags
2026-04-14,,Arabica,India,ANT,TOTAL_BAGS_CERTIFIED,11791,bags
2026-04-14,,Arabica,Kenya,ANT,TOTAL_BAGS_CERTIFIED,12899,bags
2026-04-14,,Arabica,Mexico,ANT,TOTAL_BAGS_CERTIFIED,51960,bags
2026-04-14,,Arabica,Nicaragua,ANT,TOTAL_BAGS_CERTIFIED,68117,bags
2026-04-14,,Arabica,Papua New Guinea,ANT,TOTAL_BAGS_CERTIFIED,5233,bags
2026-04-14,,Arabica,Peru,ANT,TOTAL_BAGS_CERTIFIED,70304,bags
2026-04-14,,Arabica,Rwanda,ANT,TOTAL_BAGS_CERTIFIED,18860,bags
2026-04-14,,Arabica,Tanzania,ANT,TOTAL_BAGS_CERTIFIED,24481,bags
2026-04-14,,Arabica,Uganda,ANT,TOTAL_BAGS_CERTIFIED,37509,bags
2026-04-14,,Arabica,Burundi,HA/BR,TOTAL_BAGS_CERTIFIED,854,bags
2026-04-14,,Arabica,Honduras,HA/BR,TOTAL_BAGS_CERTIFIED,1050,bags
2026-04-14,,Arabica,India,HA/BR,TOTAL_BAGS_CERTIFIED,1709,bags
2026-04-14,,Arabica,Kenya,HA/BR,TOTAL_BAGS_CERTIFIED,1903,bags
2026-04-14,,Arabica,Papua New Guinea,HA/BR,TOTAL_BAGS_CERTIFIED,10365,bags
2026-04-14,,Arabica,Peru,HA/BR,TOTAL_BAGS_CERTIFIED,745,bags
2026-04-14,,Arabica,Tanzania,HA/BR,TOTAL_BAGS_CERTIFIED,2690,bags
2026-04-14,,Arabica,Uganda,HA/BR,TOTAL_BAGS_CERTIFIED,320,bags
2026-04-14,,Arabica,Venezuela,HA/BR,TOTAL_BAGS_CERTIFIED,3000,bags
2026-04-14,,Arabica,Guatemala,HOU,TOTAL_BAGS_CERTIFIED,3025,bags
2026-04-14,,Arabica,Honduras,HOU,TOTAL_BAGS_CERTIFIED,70080,bags
2026-04-14,,Arabica,Nicaragua,HOU,TOTAL_BAGS_CERTIFIED,3050,bags
2026-04-14,,Arabica,Honduras,MIAMI,TOTAL_BAGS_CERTIFIED,7448,bags
2026-04-14,,Arabica,India,MIAMI,TOTAL_BAGS_CERTIFIED,1030,bags
2026-04-14,,Arabica,Kenya,MIAMI,TOTAL_BAGS_CERTIFIED,710,bags
2026-04-14,,Arabica,Peru,MIAMI,TOTAL_BAGS_CERTIFIED,3750,bags
2026-04-14,,Arabica,Venezuela,MIAMI,TOTAL_BAGS_CERTIFIED,4250,bags
2026-04-14,,Arabica,Colombia,NOLA,TOTAL_BAGS_CERTIFIED,225,bags
2026-04-14,,Arabica,Honduras,NOLA,TOTAL_BAGS_CERTIFIED,18964,bags
2026-04-14,,Arabica,Mexico,NOLA,TOTAL_BAGS_CERTIFIED,11550,bags
2026-04-14,,Arabica,Venezuela,NOLA,TOTAL_BAGS_CERTIFIED,250,bags
2026-04-14,,Arabica,Honduras,NY,TOTAL_BAGS_CERTIFIED,35,bags
2026-04-14,,Arabica,Mexico,NY,TOTAL_BAGS_CERTIFIED,11449,bags
2026-04-14,,Arabica,Nicaragua,NY,TOTAL_BAGS_CERTIFIED,1375,bags
2026-04-14,,Arabica,Papua New Guinea,NY,TOTAL_BAGS_CERTIFIED,425,bags
2026-04-14,,Arabica,Peru,NY,TOTAL_BAGS_CERTIFIED,373,bags
2026-04-14,,Arabica,Venezuela,NY,TOTAL_BAGS_CERTIFIED,1000,bags
2026-04-14,2026-04-13,Robusta,,ANT,NON_TENDERABLE,1,lots
2026-04-14,2026-04-13,Robusta,,ANT,VALID_CERTIFICATE,2395,lots
2026-04-14,2026-04-13,Robusta,,BAR,VALID_CERTIFICATE,13,lots
2026-04-14,2026-04-13,Robusta,,FEL,VALID_CERTIFICATE,36,lots
2026-04-14,2026-04-13,Robusta,,LON,VALID_CERTIFICATE,1467,lots
2026-04-15,,Arabica,Brazil,ANT,TOTAL_BAGS_CERTIFIED,24176,bags
2026-04-15,,Arabica,Burundi,ANT,TOTAL_BAGS_CERTIFIED,3306,bags
2026-04-15,,Arabica,Colombia,ANT,TOTAL_BAGS_CERTIFIED,25,bags
2026-04-15,,Arabica,El Salvador,ANT,TOTAL_BAGS_CERTIFIED,7571,bags
2026-04-15,,Arabica,Guatemala,ANT,TOTAL_BAGS_CERTIFIED,4675,bags
2026-04-15,,Arabica,Honduras,ANT,TOTAL_BAGS_CERTIFIED,41136,bags
2026-04-15,,Arabica,India,ANT,TOTAL_BAGS_CERTIFIED,11791,bags
2026-04-15,,Arabica,Kenya,ANT,TOTAL_BAGS_CERTIFIED,12899,bags
2026-04-15,,Arabica,Mexico,ANT,TOTAL_BAGS_CERTIFIED,50278,bags
2026-04-15,,Arabica,Nicaragua,ANT,TOTAL_BAGS_CERTIFIED,68117,bags
2026-04-15,,Arabica,Papua New Guinea,ANT,TOTAL_BAGS_CERTIFIED,5233,bags
2026-04-15,,Arabica,Peru,ANT,TOTAL_BAGS_CERTIFIED,70304,bags
2026-04-15,,Arabica,Rwanda,ANT,TOTAL_BAGS_CERTIFIED,18860,bags
2026-04-15,,Arabica,Tanzania,ANT,TOTAL_BAGS_CERTIFIED,24481,bags
2026-04-15,,Arabica,Uganda,ANT,TOTAL_BAGS_CERTIFIED,37509,bags
2026-04-15,,Arabica,Burundi,HA/BR,TOTAL_BAGS_CERTIFIED,854,bags
2026-04-15,,Arabica,Honduras,HA/BR,TOTAL_BAGS_CERTIFIED,1050,bags
2026-04-15,,Arabica,India,HA/BR,TOTAL_BAGS_CERTIFIED,1709,bags
2026-04-15,,Arabica,Kenya,HA/BR,TOTAL_BAGS_CERTIFIED,1903,bags
2026-04-15,,Arabica,Papua New Guinea,HA/BR,TOTAL_BAGS_CERTIFIED,10365,bags
2026-04-15,,Arabica,Peru,HA/BR,TOTAL_BAGS_CERTIFIED,745,bags
2026-04-15,,Arabica,Tanzania,HA/BR,TOTAL_BAGS_CERTIFIED,2690,bags
2026-04-15,,Arabica,Uganda,HA/BR,TOTAL_BAGS_CERTIFIED,320,bags
2026-04-15,,Arabica,Venezuela,HA/BR,TOTAL_BAGS_CERTIFIED,3000,bags
2026-04-15,,Arabica,Guatemala,HOU,TOTAL_BAGS_CERTIFIED,3025,bags
2026-04-15,,Arabica,Honduras,HOU,TOTAL_BAGS_CERTIFIED,70080,bags
2026-04-15,,Arabica,Nicaragua,HOU,TOTAL_BAGS_CERTIFIED,3050,bags
2026-04-15,,Arabica,Honduras,MIAMI,TOTAL_BAGS_CERTIFIED,7448,bags
2026-04-15,,Arabica,India,MIAMI,TOTAL_BAGS_CERTIFIED,1030,bags
2026-04-15,,Arabica,Kenya,MIAMI,TOTAL_BAGS_CERTIFIED,710,bags
2026-04-15,,Arabica,Peru,MIAMI,TOTAL_BAGS_CERTIFIED,3750,bags
2026-04-15,,Arabica,Venezuela,MIAMI,TOTAL_BAGS_CERTIFIED,4250,bags
2026-04-15,,Arabica,Colombia,NOLA,TOTAL_BAGS_CERTIFIED,225,bags
2026-04-15,,Arabica,Honduras,NOLA,TOTAL_BAGS_CERTIFIED,18964,bags
2026-04-15,,Arabica,Mexico,NOLA,TOTAL_BAGS_CERTIFIED,11550,bags
2026-04-15,,Arabica,Venezuela,NOLA,TOTAL_BAGS_CERTIFIED,250,bags
2026-04-15,,Arabica,Honduras,NY,TOTAL_BAGS_CERTIFIED,35,bags
2026-04-15,,Arabica,Mexico,NY,TOTAL_BAGS_CERTIFIED,11449,bags
2026-04-15,,Arabica,Nicaragua,NY,TOTAL_BAGS_CERTIFIED,1375,bags
2026-04-15,,Arabica,Papua New Guinea,NY,TOTAL_BAGS_CERTIFIED,425,bags
2026-04-15,,Arabica,Peru,NY,TOTAL_BAGS_CERTIFIED,373,bags
2026-04-15,,Arabica,Venezuela,NY,TOTAL_BAGS_CERTIFIED,1000,bags
2026-04-15,2026-04-14,Robusta,,ANT,NON_TENDERABLE,1,lots
2026-04-15,2026-04-14,Robusta,,ANT,VALID_CERTIFICATE,2395,lots
2026-04-15,2026-04-14,Robusta,,BAR,VALID_CERTIFICATE,13,lots
2026-04-15,2026-04-14,Robusta,,FEL,VALID_CERTIFICATE,36,lots
2026-04-15,2026-04-14,Robusta,,LON,VALID_CERTIFICATE,1447,lots
2026-04-16,,Arabica,Brazil,ANT,TOTAL_BAGS_CERTIFIED,23605,bags
2026-04-16,,Arabica,Burundi,ANT,TOTAL_BAGS_CERTIFIED,3306,bags
2026-04-16,,Arabica,Colombia,ANT,TOTAL_BAGS_CERTIFIED,25,bags
2026-04-16,,Arabica,El Salvador,ANT,TOTAL_BAGS_CERTIFIED,7571,bags
2026-04-16,,Arabica,Guatemala,ANT,TOTAL_BAGS_CERTIFIED,4675,bags
2026-04-16,,Arabica,Honduras,ANT,TOTAL_BAGS_CERTIFIED,41136,bags
2026-04-16,,Arabica,India,ANT,TOTAL_BAGS_CERTIFIED,11791,bags
2026-04-16,,Arabica,Kenya,ANT,TOTAL_BAGS_CERTIFIED,12579,bags
2026-04-16,,Arabica,Mexico,ANT,TOTAL_BAGS_CERTIFIED,50278,bags
2026-04-16,,Arabica,Nicaragua,ANT,TOTAL_BAGS_CERTIFIED,68117,bags
2026-04-16,,Arabica,Papua New Guinea,ANT,TOTAL_BAGS_CERTIFIED,5233,bags
2026-04-16,,Arabica,Peru,ANT,TOTAL_BAGS_CERTIFIED,70304,bags
2026-04-16,,Arabica,Rwanda,ANT,TOTAL_BAGS_CERTIFIED,18860,bags
2026-04-16,,Arabica,Tanzania,ANT,TOTAL_BAGS_CERTIFIED,24481,bags
2026-04-16,,Arabica,Uganda,ANT,TOTAL_BAGS_CERTIFIED,37509,bags
2026-04-16,,Arabica,Burundi,HA/BR,TOTAL_BAGS_CERTIFIED,854,bags
2026-04-16,,Arabica,Honduras,HA/BR,TOTAL_BAGS_CERTIFIED,1050,bags
2026-04-16,,Arabica,India,HA/BR,TOTAL_BAGS_CERTIFIED,1709,bags
2026-04-16,,Arabica,Kenya,HA/BR,TOTAL_BAGS_CERTIFIED,1903,bags
2026-04-16,,Arabica,Papua New Guinea,HA/BR,TOTAL_BAGS_CERTIFIED,10365,bags
2026-04-16,,Arabica,Peru,HA/BR,TOTAL_BAGS_CERTIFIED,745,bags
2026-04-16,,Arabica,Tanzania,HA/BR,TOTAL_BAGS_CERTIFIED,2690,bags
2026-04-16,,Arabica,Uganda,HA/BR,TOTAL_BAGS_CERTIFIED,320,bags
2026-04-16,,Arabica,Venezuela,HA/BR,TOTAL_BAGS_CERTIFIED,3000,bags
2026-04-16,,Arabica,Guatemala,HOU,TOTAL_BAGS_CERTIFIED,3025,bags
2026-04-16,,Arabica,Honduras,HOU,TOTAL_BAGS_CERTIFIED,69079,bags
2026-04-16,,Arabica,Nicaragua,HOU,TOTAL_BAGS_CERTIFIED,3050,bags
2026-04-16,,Arabica,Honduras,MIAMI,TOTAL_BAGS_CERTIFIED,7448,bags
2026-04-16,,Arabica,India,MIAMI,TOTAL_BAGS_CERTIFIED,1030,bags
2026-04-16,,Arabica,Kenya,MIAMI,TOTAL_BAGS_CERTIFIED,710,bags
2026-04-16,,Arabica,Peru,MIAMI,TOTAL_BAGS_CERTIFIED,3750,bags
2026-04-16,,Arabica,Venezuela,MIAMI,TOTAL_BAGS_CERTIFIED,4250,bags
2026-04-16,,Arabica,Colombia,NOLA,TOTAL_BAGS_CERTIFIED,225,bags
2026-04-16,,Arabica,Honduras,NOLA,TOTAL_BAGS_CERTIFIED,18964,bags
2026-04-16,,Arabica,Mexico,NOLA,TOTAL_BAGS_CERTIFIED,11550,bags
2026-04-16,,Arabica,Venezuela,NOLA,TOTAL_BAGS_CERTIFIED,250,bags
2026-04-16,,Arabica,Honduras,NY,TOTAL_BAGS_CERTIFIED,35,bags
2026-04-16,,Arabica,Mexico,NY,TOTAL_BAGS_CERTIFIED,11449,bags
2026-04-16,,Arabica,Nicaragua,NY,TOTAL_BAGS_CERTIFIED,1375,bags
2026-04-16,,Arabica,Papua New Guinea,NY,TOTAL_BAGS_CERTIFIED,425,bags
2026-04-16,,Arabica,Peru,NY,TOTAL_BAGS_CERTIFIED,373,bags
2026-04-16,,Arabica,Venezuela,NY,TOTAL_BAGS_CERTIFIED,1000,bags
2026-04-16,2026-04-15,Robusta,,ANT,NON_TENDERABLE,1,lots
2026-04-16,2026-04-15,Robusta,,ANT,VALID_CERTIFICATE,2391,lots
2026-04-16,2026-04-15,Robusta,,BAR,VALID_CERTIFICATE,13,lots
2026-04-16,2026-04-15,Robusta,,FEL,VALID_CERTIFICATE,36,lots
2026-04-16,2026-04-15,Robusta,,LON,VALID_CERTIFICATE,1427,lots
2026-04-17,,Arabica,Brazil,ANT,TOTAL_BAGS_CERTIFIED,21883,bags
2026-04-17,,Arabica,Burundi,ANT,TOTAL_BAGS_CERTIFIED,3306,bags
2026-04-17,,Arabica,Colombia,ANT,TOTAL_BAGS_CERTIFIED,25,bags
2026-04-17,,Arabica,El Salvador,ANT,TOTAL_BAGS_CERTIFIED,7571,bags
2026-04-17,,Arabica,Guatemala,ANT,TOTAL_BAGS_CERTIFIED,4400,bags
2026-04-17,,Arabica,Honduras,ANT,TOTAL_BAGS_CERTIFIED,41136,bags
2026-04-17,,Arabica,India,ANT,TOTAL_BAGS_CERTIFIED,13775,bags
2026-04-17,,Arabica,Kenya,ANT,TOTAL_BAGS_CERTIFIED,12579,bags
2026-04-17,,Arabica,Mexico,ANT,TOTAL_BAGS_CERTIFIED,47568,bags
2026-04-17,,Arabica,Nicaragua,ANT,TOTAL_BAGS_CERTIFIED,66342,bags
2026-04-17,,Arabica,Papua New Guinea,ANT,TOTAL_BAGS_CERTIFIED,5233,bags
2026-04-17,,Arabica,Peru,ANT,TOTAL_BAGS_CERTIFIED,70304,bags
2026-04-17,,Arabica,Rwanda,ANT,TOTAL_BAGS_CERTIFIED,18860,bags
2026-04-17,,Arabica,Tanzania,ANT,TOTAL_BAGS_CERTIFIED,18401,bags
2026-04-17,,Arabica,Uganda,ANT,TOTAL_BAGS_CERTIFIED,37509,bags
2026-04-17,,Arabica,Burundi,HA/BR,TOTAL_BAGS_CERTIFIED,854,bags
2026-04-17,,Arabica,Honduras,HA/BR,TOTAL_BAGS_CERTIFIED,1050,bags
2026-04-17,,Arabica,India,HA/BR,TOTAL_BAGS_CERTIFIED,1709,bags
2026-04-17,,Arabica,Kenya,HA/BR,TOTAL_BAGS_CERTIFIED,1903,bags
2026-04-17,,Arabica,Papua New Guinea,HA/BR,TOTAL_BAGS_CERTIFIED,10365,bags
2026-04-17,,Arabica,Peru,HA/BR,TOTAL_BAGS_CERTIFIED,745,bags
2026-04-17,,Arabica,Tanzania,HA/BR,TOTAL_BAGS_CERTIFIED,2690,bags
2026-04-17,,Arabica,Uganda,HA/BR,TOTAL_BAGS_CERTIFIED,320,bags
2026-04-17,,Arabica,Venezuela,HA/BR,TOTAL_BAGS_CERTIFIED,3000,bags
2026-04-17,,Arabica,Guatemala,HOU,TOTAL_BAGS_CERTIFIED,3025,bags
2026-04-17,,Arabica,Honduras,HOU,TOTAL_BAGS_CERTIFIED,67154,bags
2026-04-17,,Arabica,Nicaragua,HOU,TOTAL_BAGS_CERTIFIED,3050,bags
2026-04-17,,Arabica,Honduras,MIAMI,TOTAL_BAGS_CERTIFIED,7448,bags
2026-04-17,,Arabica,India,MIAMI,TOTAL_BAGS_CERTIFIED,1030,bags
2026-04-17,,Arabica,Kenya,MIAMI,TOTAL_BAGS_CERTIFIED,710,bags
2026-04-17,,Arabica,Peru,MIAMI,TOTAL_BAGS_CERTIFIED,3750,bags
2026-04-17,,Arabica,Venezuela,MIAMI,TOTAL_BAGS_CERTIFIED,4250,bags
2026-04-17,,Arabica,Colombia,NOLA,TOTAL_BAGS_CERTIFIED,225,bags
2026-04-17,,Arabica,Honduras,NOLA,TOTAL_BAGS_CERTIFIED,19239,bags
2026-04-17,,Arabica,Mexico,NOLA,TOTAL_BAGS_CERTIFIED,11550,bags
2026-04-17,,Arabica,Venezuela,NOLA,TOTAL_BAGS_CERTIFIED,250,bags
2026-04-17,,Arabica,Honduras,NY,TOTAL_BAGS_CERTIFIED,35,bags
2026-04-17,,Arabica,Mexico,NY,TOTAL_BAGS_CERTIFIED,11449,bags
2026-04-17,,Arabica,Nicaragua,NY,TOTAL_BAGS_CERTIFIED,1375,bags
2026-04-17,,Arabica,Papua New Guinea,NY,TOTAL_BAGS_CERTIFIED,425,bags
2026-04-17,,Arabica,Peru,NY,TOTAL_BAGS_CERTIFIED,373,bags
2026-04-17,,Arabica,Venezuela,NY,TOTAL_BAGS_CERTIFIED,1000,bags
2026-04-17,2026-04-16,Robusta,,ANT,NON_TENDERABLE,1,lots
2026-04-17,2026-04-16,Robusta,,ANT,VALID_CERTIFICATE,2382,lots
2026-04-17,2026-04-16,Robusta,,BAR,VALID_CERTIFICATE,13,lots
2026-04-17,2026-04-16,Robusta,,FEL,VALID_CERTIFICATE,36,lots
2026-04-17,2026-04-16,Robusta,,LON,VALID_CERTIFICATE,1407,lots
2026-04-20,,Arabica,Brazil,ANT,TOTAL_BAGS_CERTIFIED,21763,bags
2026-04-20,,Arabica,Burundi,ANT,TOTAL_BAGS_CERTIFIED,3306,bags
2026-04-20,,Arabica,Colombia,ANT,TOTAL_BAGS_CERTIFIED,25,bags
2026-04-20,,Arabica,El Salvador,ANT,TOTAL_BAGS_CERTIFIED,7296,bags
2026-04-20,,Arabica,Guatemala,ANT,TOTAL_BAGS_CERTIFIED,4400,bags
2026-04-20,,Arabica,Honduras,ANT,TOTAL_BAGS_CERTIFIED,40887,bags
2026-04-20,,Arabica,India,ANT,TOTAL_BAGS_CERTIFIED,13775,bags
2026-04-20,,Arabica,Kenya,ANT,TOTAL_BAGS_CERTIFIED,12579,bags
2026-04-20,,Arabica,Mexico,ANT,TOTAL_BAGS_CERTIFIED,47568,bags
2026-04-20,,Arabica,Nicaragua,ANT,TOTAL_BAGS_CERTIFIED,64350,bags
2026-04-20,,Arabica,Papua New Guinea,ANT,TOTAL_BAGS_CERTIFIED,5233,bags
2026-04-20,,Arabica,Peru,ANT,TOTAL_BAGS_CERTIFIED,70304,bags
2026-04-20,,Arabica,Rwanda,ANT,TOTAL_BAGS_CERTIFIED,18860,bags
2026-04-20,,Arabica,Tanzania,ANT,TOTAL_BAGS_CERTIFIED,18401,bags
2026-04-20,,Arabica,Uganda,ANT,TOTAL_BAGS_CERTIFIED,37509,bags
2026-04-20,,Arabica,Burundi,HA/BR,TOTAL_BAGS_CERTIFIED,854,bags
2026-04-20,,Arabica,Honduras,HA/BR,TOTAL_BAGS_CERTIFIED,1050,bags
2026-04-20,,Arabica,India,HA/BR,TOTAL_BAGS_CERTIFIED,1709,bags
2026-04-20,,Arabica,Kenya,HA/BR,TOTAL_BAGS_CERTIFIED,1903,bags
2026-04-20,,Arabica,Papua New Guinea,HA/BR,TOTAL_BAGS_CERTIFIED,10365,bags
2026-04-20,,Arabica,Peru,HA/BR,TOTAL_BAGS_CERTIFIED,745,bags
2026-04-20,,Arabica,Tanzania,HA/BR,TOTAL_BAGS_CERTIFIED,2690,bags
2026-04-20,,Arabica,Uganda,HA/BR,TOTAL_BAGS_CERTIFIED,320,bags
2026-04-20,,Arabica,Venezuela,HA/BR,TOTAL_BAGS_CERTIFIED,3000,bags
2026-04-20,,Arabica,Guatemala,HOU,TOTAL_BAGS_CERTIFIED,2750,bags
2026-04-20,,Arabica,Honduras,HOU,TOTAL_BAGS_CERTIFIED,64954,bags
2026-04-20,,Arabica,Nicaragua,HOU,TOTAL_BAGS_CERTIFIED,3050,bags
2026-04-20,,Arabica,Honduras,MIAMI,TOTAL_BAGS_CERTIFIED,7448,bags
2026-04-20,,Arabica,India,MIAMI,TOTAL_BAGS_CERTIFIED,1030,bags
2026-04-20,,Arabica,Kenya,MIAMI,TOTAL_BAGS_CERTIFIED,710,bags
2026-04-20,,Arabica,Peru,MIAMI,TOTAL_BAGS_CERTIFIED,3750,bags
2026-04-20,,Arabica,Venezuela,MIAMI,TOTAL_BAGS_CERTIFIED,4250,bags
2026-04-20,,Arabica,Colombia,NOLA,TOTAL_BAGS_CERTIFIED,225,bags
2026-04-20,,Arabica,Honduras,NOLA,TOTAL_BAGS_CERTIFIED,19239,bags
2026-04-20,,Arabica,Mexico,NOLA,TOTAL_BAGS_CERTIFIED,11550,bags
2026-04-20,,Arabica,Venezuela,NOLA,TOTAL_BAGS_CERTIFIED,250,bags
2026-04-20,,Arabica,Honduras,NY,TOTAL_BAGS_CERTIFIED,35,bags
2026-04-20,,Arabica,Mexico,NY,TOTAL_BAGS_CERTIFIED,10877,bags
2026-04-20,,Arabica,Nicaragua,NY,TOTAL_BAGS_CERTIFIED,1375,bags
2026-04-20,,Arabica,Papua New Guinea,NY,TOTAL_BAGS_CERTIFIED,425,bags
2026-04-20,,Arabica,Peru,NY,TOTAL_BAGS_CERTIFIED,373,bags
2026-04-20,,Arabica,Venezuela,NY,TOTAL_BAGS_CERTIFIED,1000,bags
2026-04-20,2026-04-19,Robusta,,ANT,NON_TENDERABLE,1,lots
2026-04-20,2026-04-19,Robusta,,ANT,VALID_CERTIFICATE,2352,lots
2026-04-20,2026-04-19,Robusta,,BAR,VALID_CERTIFICATE,13,lots
2026-04-20,2026-04-19,Robusta,,FEL,VALID_CERTIFICATE,36,lots
2026-04-20,2026-04-19,Robusta,,LON,VALID_CERTIFICATE,1387,lots
2026-04-21,,Arabica,Brazil,ANT,TOTAL_BAGS_CERTIFIED,21763,bags
2026-04-21,,Arabica,Burundi,ANT,TOTAL_BAGS_CERTIFIED,3306,bags
2026-04-21,,Arabica,Colombia,ANT,TOTAL_BAGS_CERTIFIED,25,bags
2026-04-21,,Arabica,El Salvador,ANT,TOTAL_BAGS_CERTIFIED,7296,bags
2026-04-21,,Arabica,Guatemala,ANT,TOTAL_BAGS_CERTIFIED,4400,bags
2026-04-21,,Arabica,Honduras,ANT,TOTAL_BAGS_CERTIFIED,40887,bags
2026-04-21,,Arabica,India,ANT,TOTAL_BAGS_CERTIFIED,13775,bags
2026-04-21,,Arabica,Kenya,ANT,TOTAL_BAGS_CERTIFIED,12579,bags
2026-04-21,,Arabica,Mexico,ANT,TOTAL_BAGS_CERTIFIED,47568,bags
2026-04-21,,Arabica,Nicaragua,ANT,TOTAL_BAGS_CERTIFIED,64350,bags
2026-04-21,,Arabica,Papua New Guinea,ANT,TOTAL_BAGS_CERTIFIED,5233,bags
2026-04-21,,Arabica,Peru,ANT,TOTAL_BAGS_CERTIFIED,67004,bags
2026-04-21,,Arabica,Rwanda,ANT,TOTAL_BAGS_CERTIFIED,18824,bags
2026-04-21,,Arabica,Tanzania,ANT,TOTAL_BAGS_CERTIFIED,18401,bags
2026-04-21,,Arabica,Uganda,ANT,TOTAL_BAGS_CERTIFIED,37159,bags
2026-04-21,,Arabica,Burundi,HA/BR,TOTAL_BAGS_CERTIFIED,854,bags
2026-04-21,,Arabica,Honduras,HA/BR,TOTAL_BAGS_CERTIFIED,1050,bags
2026-04-21,,Arabica,India,HA/BR,TOTAL_BAGS_CERTIFIED,1709,bags
2026-04-21,,Arabica,Kenya,HA/BR,TOTAL_BAGS_CERTIFIED,1903,bags
2026-04-21,,Arabica,Papua New Guinea,HA/BR,TOTAL_BAGS_CERTIFIED,10365,bags
2026-04-21,,Arabica,Peru,HA/BR,TOTAL_BAGS_CERTIFIED,745,bags
2026-04-21,,Arabica,Tanzania,HA/BR,TOTAL_BAGS_CERTIFIED,2690,bags
2026-04-21,,Arabica,Uganda,HA/BR,TOTAL_BAGS_CERTIFIED,320,bags
2026-04-21,,Arabica,Venezuela,HA/BR,TOTAL_BAGS_CERTIFIED,3000,bags
2026-04-21,,Arabica,Guatemala,HOU,TOTAL_BAGS_CERTIFIED,2750,bags
2026-04-21,,Arabica,Honduras,HOU,TOTAL_BAGS_CERTIFIED,64954,bags
2026-04-21,,Arabica,Nicaragua,HOU,TOTAL_BAGS_CERTIFIED,3050,bags
2026-04-21,,Arabica,Honduras,MIAMI,TOTAL_BAGS_CERTIFIED,7448,bags
2026-04-21,,Arabica,India,MIAMI,TOTAL_BAGS_CERTIFIED,1030,bags
2026-04-21,,Arabica,Kenya,MIAMI,TOTAL_BAGS_CERTIFIED,710,bags
2026-04-21,,Arabica,Peru,MIAMI,TOTAL_BAGS_CERTIFIED,3750,bags
2026-04-21,,Arabica,Venezuela,MIAMI,TOTAL_BAGS_CERTIFIED,4250,bags
2026-04-21,,Arabica,Colombia,NOLA,TOTAL_BAGS_CERTIFIED,225,bags
2026-04-21,,Arabica,Honduras,NOLA,TOTAL_BAGS_CERTIFIED,19239,bags
2026-04-21,,Arabica,Mexico,NOLA,TOTAL_BAGS_CERTIFIED,11550,bags
2026-04-21,,Arabica,Venezuela,NOLA,TOTAL_BAGS_CERTIFIED,250,bags
2026-04-21,,Arabica,Honduras,NY,TOTAL_BAGS_CERTIFIED,35,bags
2026-04-21,,Arabica,Mexico,NY,TOTAL_BAGS_CERTIFIED,10877,bags
2026-04-21,,Arabica,Nicaragua,NY,TOTAL_BAGS_CERTIFIED,1375,bags
2026-04-21,,Arabica,Papua New Guinea,NY,TOTAL_BAGS_CERTIFIED,425,bags
2026-04-21,,Arabica,Peru,NY,TOTAL_BAGS_CERTIFIED,373,bags
2026-04-21,,Arabica,Venezuela,NY,TOTAL_BAGS_CERTIFIED,1000,bags
2026-04-21,2026-04-20,Robusta,,ANT,NON_TENDERABLE,1,lots
2026-04-21,2026-04-20,Robusta,,ANT,VALID_CERTIFICATE,2343,lots
2026-04-21,2026-04-20,Robusta,,BAR,VALID_CERTIFICATE,13,lots
2026-04-21,2026-04-20,Robusta,,FEL,VALID_CERTIFICATE,36,lots
2026-04-21,2026-04-20,Robusta,,LON,VALID_CERTIFICATE,1363,lots
2026-04-22,,Arabica,Brazil,ANT,TOTAL_BAGS_CERTIFIED,20883,bags
2026-04-22,,Arabica,Burundi,ANT,TOTAL_BAGS_CERTIFIED,3306,bags
2026-04-22,,Arabica,Colombia,ANT,TOTAL_BAGS_CERTIFIED,25,bags
2026-04-22,,Arabica,El Salvador,ANT,TOTAL_BAGS_CERTIFIED,7021,bags
2026-04-22,,Arabica,Guatemala,ANT,TOTAL_BAGS_CERTIFIED,4400,bags
2026-04-22,,Arabica,Honduras,ANT,TOTAL_BAGS_CERTIFIED,43638,bags
2026-04-22,,Arabica,India,ANT,TOTAL_BAGS_CERTIFIED,13775,bags
2026-04-22,,Arabica,Kenya,ANT,TOTAL_BAGS_CERTIFIED,12579,bags
2026-04-22,,Arabica,Mexico,ANT,TOTAL_BAGS_CERTIFIED,45068,bags
2026-04-22,,Arabica,Nicaragua,ANT,TOTAL_BAGS_CERTIFIED,63108,bags
2026-04-22,,Arabica,Papua New Guinea,ANT,TOTAL_BAGS_CERTIFIED,5233,bags
2026-04-22,,Arabica,Peru,ANT,TOTAL_BAGS_CERTIFIED,66904,bags
2026-04-22,,Arabica,Rwanda,ANT,TOTAL_BAGS_CERTIFIED,18184,bags
2026-04-22,,Arabica,Tanzania,ANT,TOTAL_BAGS_CERTIFIED,18401,bags
2026-04-22,,Arabica,Uganda,ANT,TOTAL_BAGS_CERTIFIED,37159,bags
2026-04-22,,Arabica,Burundi,HA/BR,TOTAL_BAGS_CERTIFIED,854,bags
2026-04-22,,Arabica,Honduras,HA/BR,TOTAL_BAGS_CERTIFIED,1050,bags
2026-04-22,,Arabica,India,HA/BR,TOTAL_BAGS_CERTIFIED,2349,bags
2026-04-22,,Arabica,Kenya,HA/BR,TOTAL_BAGS_CERTIFIED,1903,bags
2026-04-22,,Arabica,Papua New Guinea,HA/BR,TOTAL_BAGS_CERTIFIED,10365,bags
2026-04-22,,Arabica,Peru,HA/BR,TOTAL_BAGS_CERTIFIED,745,bags
2026-04-22,,Arabica,Tanzania,HA/BR,TOTAL_BAGS_CERTIFIED,2690,bags
2026-04-22,,Arabica,Uganda,HA/BR,TOTAL_BAGS_CERTIFIED,320,bags
2026-04-22,,Arabica,Venezuela,HA/BR,TOTAL_BAGS_CERTIFIED,3000,bags
2026-04-22,,Arabica,Guatemala,HOU,TOTAL_BAGS_CERTIFIED,2750,bags
2026-04-22,,Arabica,Honduras,HOU,TOTAL_BAGS_CERTIFIED,63954,bags
2026-04-22,,Arabica,Nicaragua,HOU,TOTAL_BAGS_CERTIFIED,3050,bags
2026-04-22,,Arabica,Honduras,MIAMI,TOTAL_BAGS_CERTIFIED,7448,bags
2026-04-22,,Arabica,India,MIAMI,TOTAL_BAGS_CERTIFIED,1030,bags
2026-04-22,,Arabica,Kenya,MIAMI,TOTAL_BAGS_CERTIFIED,710,bags
2026-04-22,,Arabica,Peru,MIAMI,TOTAL_BAGS_CERTIFIED,3750,bags
2026-04-22,,Arabica,Venezuela,MIAMI,TOTAL_BAGS_CERTIFIED,4250,bags
2026-04-22,,Arabica,Colombia,NOLA,TOTAL_BAGS_CERTIFIED,225,bags
2026-04-22,,Arabica,Honduras,NOLA,TOTAL_BAGS_CERTIFIED,19239,bags
2026-04-22,,Arabica,Mexico,NOLA,TOTAL_BAGS_CERTIFIED,11836,bags
2026-04-22,,Arabica,Venezuela,NOLA,TOTAL_BAGS_CERTIFIED,250,bags
2026-04-22,,Arabica,Honduras,NY,TOTAL_BAGS_CERTIFIED,35,bags
2026-04-22,,Arabica,Mexico,NY,TOTAL_BAGS_CERTIFIED,10877,bags
2026-04-22,,Arabica,Nicaragua,NY,TOTAL_BAGS_CERTIFIED,1375,bags
2026-04-22,,Arabica,Papua New Guinea,NY,TOTAL_BAGS_CERTIFIED,425,bags
2026-04-22,,Arabica,Peru,NY,TOTAL_BAGS_CERTIFIED,373,bags
2026-04-22,,Arabica,Venezuela,NY,TOTAL_BAGS_CERTIFIED,1000,bags
2026-04-22,2026-04-21,Robusta,,ANT,NON_TENDERABLE,1,lots
2026-04-22,2026-04-21,Robusta,,ANT,VALID_CERTIFICATE,2343,lots
2026-04-22,2026-04-21,Robusta,,BAR,VALID_CERTIFICATE,13,lots
2026-04-22,2026-04-21,Robusta,,FEL,VALID_CERTIFICATE,36,lots
2026-04-22,2026-04-21,Robusta,,LON,VALID_CERTIFICATE,1385,lots
2026-04-23,,Arabica,Brazil,ANT,TOTAL_BAGS_CERTIFIED,20883,bags
2026-04-23,,Arabica,Burundi,ANT,TOTAL_BAGS_CERTIFIED,3306,bags
2026-04-23,,Arabica,Colombia,ANT,TOTAL_BAGS_CERTIFIED,25,bags
2026-04-23,,Arabica,El Salvador,ANT,TOTAL_BAGS_CERTIFIED,7021,bags
2026-04-23,,Arabica,Guatemala,ANT,TOTAL_BAGS_CERTIFIED,4400,bags
2026-04-23,,Arabica,Honduras,ANT,TOTAL_BAGS_CERTIFIED,43913,bags
2026-04-23,,Arabica,India,ANT,TOTAL_BAGS_CERTIFIED,13775,bags
2026-04-23,,Arabica,Kenya,ANT,TOTAL_BAGS_CERTIFIED,10299,bags
2026-04-23,,Arabica,Mexico,ANT,TOTAL_BAGS_CERTIFIED,45068,bags
2026-04-23,,Arabica,Nicaragua,ANT,TOTAL_BAGS_CERTIFIED,63108,bags
2026-04-23,,Arabica,Papua New Guinea,ANT,TOTAL_BAGS_CERTIFIED,5233,bags
2026-04-23,,Arabica,Peru,ANT,TOTAL_BAGS_CERTIFIED,65411,bags
2026-04-23,,Arabica,Rwanda,ANT,TOTAL_BAGS_CERTIFIED,18184,bags
2026-04-23,,Arabica,Tanzania,ANT,TOTAL_BAGS_CERTIFIED,18401,bags
2026-04-23,,Arabica,Uganda,ANT,TOTAL_BAGS_CERTIFIED,41549,bags
2026-04-23,,Arabica,Burundi,HA/BR,TOTAL_BAGS_CERTIFIED,854,bags
2026-04-23,,Arabica,Honduras,HA/BR,TOTAL_BAGS_CERTIFIED,1050,bags
2026-04-23,,Arabica,India,HA/BR,TOTAL_BAGS_CERTIFIED,2349,bags
2026-04-23,,Arabica,Kenya,HA/BR,TOTAL_BAGS_CERTIFIED,1333,bags
2026-04-23,,Arabica,Papua New Guinea,HA/BR,TOTAL_BAGS_CERTIFIED,10365,bags
2026-04-23,,Arabica,Peru,HA/BR,TOTAL_BAGS_CERTIFIED,745,bags
2026-04-23,,Arabica,Tanzania,HA/BR,TOTAL_BAGS_CERTIFIED,2690,bags
2026-04-23,,Arabica,Uganda,HA/BR,TOTAL_BAGS_CERTIFIED,320,bags
2026-04-23,,Arabica,Venezuela,HA/BR,TOTAL_BAGS_CERTIFIED,3000,bags
2026-04-23,,Arabica,Guatemala,HOU,TOTAL_BAGS_CERTIFIED,2200,bags
2026-04-23,,Arabica,Honduras,HOU,TOTAL_BAGS_CERTIFIED,66963,bags
2026-04-23,,Arabica,Nicaragua,HOU,TOTAL_BAGS_CERTIFIED,3050,bags
2026-04-23,,Arabica,Honduras,MIAMI,TOTAL_BAGS_CERTIFIED,7448,bags
2026-04-23,,Arabica,India,MIAMI,TOTAL_BAGS_CERTIFIED,1030,bags
2026-04-23,,Arabica,Kenya,MIAMI,TOTAL_BAGS_CERTIFIED,710,bags
2026-04-23,,Arabica,Peru,MIAMI,TOTAL_BAGS_CERTIFIED,3750,bags
2026-04-23,,Arabica,Venezuela,MIAMI,TOTAL_BAGS_CERTIFIED,4250,bags
2026-04-23,,Arabica,Colombia,NOLA,TOTAL_BAGS_CERTIFIED,225,bags
2026-04-23,,Arabica,Honduras,NOLA,TOTAL_BAGS_CERTIFIED,19239,bags
2026-04-23,,Arabica,Mexico,NOLA,TOTAL_BAGS_CERTIFIED,11836,bags
2026-04-23,,Arabica,Venezuela,NOLA,TOTAL_BAGS_CERTIFIED,250,bags
2026-04-23,,Arabica,Honduras,NY,TOTAL_BAGS_CERTIFIED,35,bags
2026-04-23,,Arabica,Mexico,NY,TOTAL_BAGS_CERTIFIED,10877,bags
2026-04-23,,Arabica,Nicaragua,NY,TOTAL_BAGS_CERTIFIED,1375,bags
2026-04-23,,Arabica,Papua New Guinea,NY,TOTAL_BAGS_CERTIFIED,425,bags
2026-04-23,,Arabica,Peru,NY,TOTAL_BAGS_CERTIFIED,98,bags
2026-04-23,,Arabica,Venezuela,NY,TOTAL_BAGS_CERTIFIED,1000,bags
2026-04-23,2026-04-22,Robusta,,ANT,NON_TENDERABLE,1,lots
2026-04-23,2026-04-22,Robusta,,ANT,VALID_CERTIFICATE,2319,lots
2026-04-23,2026-04-22,Robusta,,BAR,VALID_CERTIFICATE,13,lots
2026-04-23,2026-04-22,Robusta,,FEL,VALID_CERTIFICATE,36,lots
2026-04-23,2026-04-22,Robusta,,LON,VALID_CERTIFICATE,1435,lots
2026-04-24,,Arabica,Brazil,ANT,TOTAL_BAGS_CERTIFIED,20883,bags
2026-04-24,,Arabica,Burundi,ANT,TOTAL_BAGS_CERTIFIED,3306,bags
2026-04-24,,Arabica,Colombia,ANT,TOTAL_BAGS_CERTIFIED,25,bags
2026-04-24,,Arabica,El Salvador,ANT,TOTAL_BAGS_CERTIFIED,7021,bags
2026-04-24,,Arabica,Guatemala,ANT,TOTAL_BAGS_CERTIFIED,4400,bags
2026-04-24,,Arabica,Honduras,ANT,TOTAL_BAGS_CERTIFIED,43513,bags
2026-04-24,,Arabica,India,ANT,TOTAL_BAGS_CERTIFIED,12776,bags
2026-04-24,,Arabica,Kenya,ANT,TOTAL_BAGS_CERTIFIED,10299,bags
2026-04-24,,Arabica,Mexico,ANT,TOTAL_BAGS_CERTIFIED,45068,bags
2026-04-24,,Arabica,Nicaragua,ANT,TOTAL_BAGS_CERTIFIED,62050,bags
2026-04-24,,Arabica,Papua New Guinea,ANT,TOTAL_BAGS_CERTIFIED,5233,bags
2026-04-24,,Arabica,Peru,ANT,TOTAL_BAGS_CERTIFIED,65411,bags
2026-04-24,,Arabica,Rwanda,ANT,TOTAL_BAGS_CERTIFIED,18184,bags
2026-04-24,,Arabica,Tanzania,ANT,TOTAL_BAGS_CERTIFIED,18401,bags
2026-04-24,,Arabica,Uganda,ANT,TOTAL_BAGS_CERTIFIED,41549,bags
2026-04-24,,Arabica,Burundi,HA/BR,TOTAL_BAGS_CERTIFIED,854,bags
2026-04-24,,Arabica,Honduras,HA/BR,TOTAL_BAGS_CERTIFIED,1050,bags
2026-04-24,,Arabica,India,HA/BR,TOTAL_BAGS_CERTIFIED,2349,bags
2026-04-24,,Arabica,Kenya,HA/BR,TOTAL_BAGS_CERTIFIED,1333,bags
2026-04-24,,Arabica,Papua New Guinea,HA/BR,TOTAL_BAGS_CERTIFIED,10365,bags
2026-04-24,,Arabica,Peru,HA/BR,TOTAL_BAGS_CERTIFIED,745,bags
2026-04-24,,Arabica,Tanzania,HA/BR,TOTAL_BAGS_CERTIFIED,2690,bags
2026-04-24,,Arabica,Uganda,HA/BR,TOTAL_BAGS_CERTIFIED,320,bags
2026-04-24,,Arabica,Venezuela,HA/BR,TOTAL_BAGS_CERTIFIED,3000,bags
2026-04-24,,Arabica,Guatemala,HOU,TOTAL_BAGS_CERTIFIED,2200,bags
2026-04-24,,Arabica,Honduras,HOU,TOTAL_BAGS_CERTIFIED,64213,bags
2026-04-24,,Arabica,Nicaragua,HOU,TOTAL_BAGS_CERTIFIED,3050,bags
2026-04-24,,Arabica,Honduras,MIAMI,TOTAL_BAGS_CERTIFIED,7448,bags
2026-04-24,,Arabica,India,MIAMI,TOTAL_BAGS_CERTIFIED,1030,bags
2026-04-24,,Arabica,Kenya,MIAMI,TOTAL_BAGS_CERTIFIED,710,bags
2026-04-24,,Arabica,Peru,MIAMI,TOTAL_BAGS_CERTIFIED,3750,bags
2026-04-24,,Arabica,Venezuela,MIAMI,TOTAL_BAGS_CERTIFIED,4250,bags
2026-04-24,,Arabica,Colombia,NOLA,TOTAL_BAGS_CERTIFIED,225,bags
2026-04-24,,Arabica,Honduras,NOLA,TOTAL_BAGS_CERTIFIED,19239,bags
2026-04-24,,Arabica,Mexico,NOLA,TOTAL_BAGS_CERTIFIED,11836,bags
2026-04-24,,Arabica,Venezuela,NOLA,TOTAL_BAGS_CERTIFIED,250,bags
2026-04-24,,Arabica,Honduras,NY,TOTAL_BAGS_CERTIFIED,35,bags
2026-04-24,,Arabica,Mexico,NY,TOTAL_BAGS_CERTIFIED,10877,bags
2026-04-24,,Arabica,Nicaragua,NY,TOTAL_BAGS_CERTIFIED,1375,bags
2026-04-24,,Arabica,Papua New Guinea,NY,TOTAL_BAGS_CERTIFIED,425,bags
2026-04-24,,Arabica,Peru,NY,TOTAL_BAGS_CERTIFIED,98,bags
2026-04-24,,Arabica,Venezuela,NY,TOTAL_BAGS_CERTIFIED,1000,bags
2026-04-24,2026-04-23,Robusta,,ANT,NON_TENDERABLE,1,lots
2026-04-24,2026-04-23,Robusta,,ANT,VALID_CERTIFICATE,2295,lots
2026-04-24,2026-04-23,Robusta,,BAR,VALID_CERTIFICATE,13,lots
2026-04-24,2026-04-23,Robusta,,FEL,VALID_CERTIFICATE,36,lots
2026-04-24,2026-04-23,Robusta,,LON,VALID_CERTIFICATE,1492,lots
2026-04-27,,Arabica,Brazil,ANT,TOTAL_BAGS_CERTIFIED,15943,bags
2026-04-27,,Arabica,Burundi,ANT,TOTAL_BAGS_CERTIFIED,3306,bags
2026-04-27,,Arabica,Colombia,ANT,TOTAL_BAGS_CERTIFIED,25,bags
2026-04-27,,Arabica,El Salvador,ANT,TOTAL_BAGS_CERTIFIED,7021,bags
2026-04-27,,Arabica,Guatemala,ANT,TOTAL_BAGS_CERTIFIED,4400,bags
2026-04-27,,Arabica,Honduras,ANT,TOTAL_BAGS_CERTIFIED,39114,bags
2026-04-27,,Arabica,India,ANT,TOTAL_BAGS_CERTIFIED,12776,bags
2026-04-27,,Arabica,Kenya,ANT,TOTAL_BAGS_CERTIFIED,10014,bags
2026-04-27,,Arabica,Mexico,ANT,TOTAL_BAGS_CERTIFIED,43568,bags
2026-04-27,,Arabica,Nicaragua,ANT,TOTAL_BAGS_CERTIFIED,58901,bags
2026-04-27,,Arabica,Papua New Guinea,ANT,TOTAL_BAGS_CERTIFIED,5233,bags
2026-04-27,,Arabica,Peru,ANT,TOTAL_BAGS_CERTIFIED,65411,bags
2026-04-27,,Arabica,Rwanda,ANT,TOTAL_BAGS_CERTIFIED,18184,bags
2026-04-27,,Arabica,Tanzania,ANT,TOTAL_BAGS_CERTIFIED,18401,bags
2026-04-27,,Arabica,Uganda,ANT,TOTAL_BAGS_CERTIFIED,41549,bags
2026-04-27,,Arabica,Burundi,HA/BR,TOTAL_BAGS_CERTIFIED,854,bags
2026-04-27,,Arabica,Honduras,HA/BR,TOTAL_BAGS_CERTIFIED,1050,bags
2026-04-27,,Arabica,India,HA/BR,TOTAL_BAGS_CERTIFIED,2349,bags
2026-04-27,,Arabica,Kenya,HA/BR,TOTAL_BAGS_CERTIFIED,1333,bags
2026-04-27,,Arabica,Papua New Guinea,HA/BR,TOTAL_BAGS_CERTIFIED,10365,bags
2026-04-27,,Arabica,Peru,HA/BR,TOTAL_BAGS_CERTIFIED,745,bags
2026-04-27,,Arabica,Tanzania,HA/BR,TOTAL_BAGS_CERTIFIED,2690,bags
2026-04-27,,Arabica,Uganda,HA/BR,TOTAL_BAGS_CERTIFIED,320,bags
2026-04-27,,Arabica,Venezuela,HA/BR,TOTAL_BAGS_CERTIFIED,3000,bags
2026-04-27,,Arabica,Guatemala,HOU,TOTAL_BAGS_CERTIFIED,2200,bags
2026-04-27,,Arabica,Honduras,HOU,TOTAL_BAGS_CERTIFIED,63112,bags
2026-04-27,,Arabica,Nicaragua,HOU,TOTAL_BAGS_CERTIFIED,3050,bags
2026-04-27,,Arabica,Honduras,MIAMI,TOTAL_BAGS_CERTIFIED,7448,bags
2026-04-27,,Arabica,India,MIAMI,TOTAL_BAGS_CERTIFIED,1030,bags
2026-04-27,,Arabica,Kenya,MIAMI,TOTAL_BAGS_CERTIFIED,710,bags
2026-04-27,,Arabica,Peru,MIAMI,TOTAL_BAGS_CERTIFIED,3750,bags
2026-04-27,,Arabica,Venezuela,MIAMI,TOTAL_BAGS_CERTIFIED,4250,bags
2026-04-27,,Arabica,Colombia,NOLA,TOTAL_BAGS_CERTIFIED,225,bags
2026-04-27,,Arabica,Honduras,NOLA,TOTAL_BAGS_CERTIFIED,19239,bags
2026-04-27,,Arabica,Mexico,NOLA,TOTAL_BAGS_CERTIFIED,11836,bags
2026-04-27,,Arabica,Venezuela,NOLA,TOTAL_BAGS_CERTIFIED,250,bags
2026-04-27,,Arabica,Honduras,NY,TOTAL_BAGS_CERTIFIED,35,bags
2026-04-27,,Arabica,Mexico,NY,TOTAL_BAGS_CERTIFIED,10877,bags
2026-04-27,,Arabica,Nicaragua,NY,TOTAL_BAGS_CERTIFIED,1375,bags
2026-04-27,,Arabica,Papua New Guinea,NY,TOTAL_BAGS_CERTIFIED,425,bags
2026-04-27,,Arabica,Peru,NY,TOTAL_BAGS_CERTIFIED,98,bags
2026-04-27,,Arabica,Venezuela,NY,TOTAL_BAGS_CERTIFIED,1000,bags
2026-04-27,2026-04-26,Robusta,,ANT,NON_TENDERABLE,1,lots
2026-04-27,2026-04-26,Robusta,,ANT,VALID_CERTIFICATE,2284,lots
2026-04-27,2026-04-26,Robusta,,BAR,VALID_CERTIFICATE,13,lots
2026-04-27,2026-04-26,Robusta,,FEL,VALID_CERTIFICATE,36,lots
2026-04-27,2026-04-26,Robusta,,LON,VALID_CERTIFICATE,1472,lots
2026-04-28,,Arabica,Brazil,ANT,TOTAL_BAGS_CERTIFIED,15943,bags
2026-04-28,,Arabica,Burundi,ANT,TOTAL_BAGS_CERTIFIED,3306,bags
2026-04-28,,Arabica,Colombia,ANT,TOTAL_BAGS_CERTIFIED,25,bags
2026-04-28,,Arabica,El Salvador,ANT,TOTAL_BAGS_CERTIFIED,7021,bags
2026-04-28,,Arabica,Guatemala,ANT,TOTAL_BAGS_CERTIFIED,4400,bags
2026-04-28,,Arabica,Honduras,ANT,TOTAL_BAGS_CERTIFIED,36364,bags
2026-04-28,,Arabica,India,ANT,TOTAL_BAGS_CERTIFIED,12776,bags
2026-04-28,,Arabica,Kenya,ANT,TOTAL_BAGS_CERTIFIED,10014,bags
2026-04-28,,Arabica,Mexico,ANT,TOTAL_BAGS_CERTIFIED,43568,bags
2026-04-28,,Arabica,Nicaragua,ANT,TOTAL_BAGS_CERTIFIED,57897,bags
2026-04-28,,Arabica,Papua New Guinea,ANT,TOTAL_BAGS_CERTIFIED,5233,bags
2026-04-28,,Arabica,Peru,ANT,TOTAL_BAGS_CERTIFIED,65411,bags
2026-04-28,,Arabica,Rwanda,ANT,TOTAL_BAGS_CERTIFIED,18184,bags
2026-04-28,,Arabica,Tanzania,ANT,TOTAL_BAGS_CERTIFIED,18401,bags
2026-04-28,,Arabica,Uganda,ANT,TOTAL_BAGS_CERTIFIED,45399,bags
2026-04-28,,Arabica,Burundi,HA/BR,TOTAL_BAGS_CERTIFIED,854,bags
2026-04-28,,Arabica,Honduras,HA/BR,TOTAL_BAGS_CERTIFIED,1050,bags
2026-04-28,,Arabica,India,HA/BR,TOTAL_BAGS_CERTIFIED,2349,bags
2026-04-28,,Arabica,Kenya,HA/BR,TOTAL_BAGS_CERTIFIED,1333,bags
2026-04-28,,Arabica,Papua New Guinea,HA/BR,TOTAL_BAGS_CERTIFIED,10365,bags
2026-04-28,,Arabica,Peru,HA/BR,TOTAL_BAGS_CERTIFIED,745,bags
2026-04-28,,Arabica,Tanzania,HA/BR,TOTAL_BAGS_CERTIFIED,2690,bags
2026-04-28,,Arabica,Uganda,HA/BR,TOTAL_BAGS_CERTIFIED,320,bags
2026-04-28,,Arabica,Venezuela,HA/BR,TOTAL_BAGS_CERTIFIED,3000,bags
2026-04-28,,Arabica,Guatemala,HOU,TOTAL_BAGS_CERTIFIED,2200,bags
2026-04-28,,Arabica,Honduras,HOU,TOTAL_BAGS_CERTIFIED,62562,bags
2026-04-28,,Arabica,Nicaragua,HOU,TOTAL_BAGS_CERTIFIED,3050,bags
2026-04-28,,Arabica,Honduras,MIAMI,TOTAL_BAGS_CERTIFIED,7448,bags
2026-04-28,,Arabica,India,MIAMI,TOTAL_BAGS_CERTIFIED,1030,bags
2026-04-28,,Arabica,Kenya,MIAMI,TOTAL_BAGS_CERTIFIED,710,bags
2026-04-28,,Arabica,Peru,MIAMI,TOTAL_BAGS_CERTIFIED,3750,bags
2026-04-28,,Arabica,Venezuela,MIAMI,TOTAL_BAGS_CERTIFIED,4250,bags
2026-04-28,,Arabica,Colombia,NOLA,TOTAL_BAGS_CERTIFIED,225,bags
2026-04-28,,Arabica,Honduras,NOLA,TOTAL_BAGS_CERTIFIED,19239,bags
2026-04-28,,Arabica,Mexico,NOLA,TOTAL_BAGS_CERTIFIED,11836,bags
2026-04-28,,Arabica,Venezuela,NOLA,TOTAL_BAGS_CERTIFIED,250,bags
2026-04-28,,Arabica,Honduras,NY,TOTAL_BAGS_CERTIFIED,35,bags
2026-04-28,,Arabica,Mexico,NY,TOTAL_BAGS_CERTIFIED,8127,bags
2026-04-28,,Arabica,Nicaragua,NY,TOTAL_BAGS_CERTIFIED,1375,bags
2026-04-28,,Arabica,Papua New Guinea,NY,TOTAL_BAGS_CERTIFIED,425,bags
2026-04-28,,Arabica,Peru,NY,TOTAL_BAGS_CERTIFIED,98,bags
2026-04-28,,Arabica,Venezuela,NY,TOTAL_BAGS_CERTIFIED,1250,bags
2026-04-28,2026-04-27,Robusta,,ANT,NON_TENDERABLE,1,lots
2026-04-28,2026-04-27,Robusta,,ANT,VALID_CERTIFICATE,2274,lots
2026-04-28,2026-04-27,Robusta,,BAR,VALID_CERTIFICATE,13,lots
2026-04-28,2026-04-27,Robusta,,FEL,VALID_CERTIFICATE,36,lots
2026-04-28,2026-04-27,Robusta,,LON,VALID_CERTIFICATE,1550,lots
2026-04-29,,Arabica,Brazil,ANT,TOTAL_BAGS_CERTIFIED,15943,bags
2026-04-29,,Arabica,Burundi,ANT,TOTAL_BAGS_CERTIFIED,3306,bags
2026-04-29,,Arabica,Colombia,ANT,TOTAL_BAGS_CERTIFIED,25,bags
2026-04-29,,Arabica,El Salvador,ANT,TOTAL_BAGS_CERTIFIED,7021,bags
2026-04-29,,Arabica,Guatemala,ANT,TOTAL_BAGS_CERTIFIED,4400,bags
2026-04-29,,Arabica,Honduras,ANT,TOTAL_BAGS_CERTIFIED,36364,bags
2026-04-29,,Arabica,India,ANT,TOTAL_BAGS_CERTIFIED,12776,bags
2026-04-29,,Arabica,Kenya,ANT,TOTAL_BAGS_CERTIFIED,10014,bags
2026-04-29,,Arabica,Mexico,ANT,TOTAL_BAGS_CERTIFIED,43568,bags
2026-04-29,,Arabica,Nicaragua,ANT,TOTAL_BAGS_CERTIFIED,57897,bags
2026-04-29,,Arabica,Papua New Guinea,ANT,TOTAL_BAGS_CERTIFIED,5233,bags
2026-04-29,,Arabica,Peru,ANT,TOTAL_BAGS_CERTIFIED,65411,bags
2026-04-29,,Arabica,Rwanda,ANT,TOTAL_BAGS_CERTIFIED,18184,bags
2026-04-29,,Arabica,Tanzania,ANT,TOTAL_BAGS_CERTIFIED,18401,bags
2026-04-29,,Arabica,Uganda,ANT,TOTAL_BAGS_CERTIFIED,45399,bags
2026-04-29,,Arabica,Burundi,HA/BR,TOTAL_BAGS_CERTIFIED,854,bags
2026-04-29,,Arabica,Honduras,HA/BR,TOTAL_BAGS_CERTIFIED,1050,bags
2026-04-29,,Arabica,India,HA/BR,TOTAL_BAGS_CERTIFIED,2349,bags
2026-04-29,,Arabica,Kenya,HA/BR,TOTAL_BAGS_CERTIFIED,1333,bags
2026-04-29,,Arabica,Papua New Guinea,HA/BR,TOTAL_BAGS_CERTIFIED,10365,bags
2026-04-29,,Arabica,Peru,HA/BR,TOTAL_BAGS_CERTIFIED,745,bags
2026-04-29,,Arabica,Tanzania,HA/BR,TOTAL_BAGS_CERTIFIED,2690,bags
2026-04-29,,Arabica,Uganda,HA/BR,TOTAL_BAGS_CERTIFIED,320,bags
2026-04-29,,Arabica,Venezuela,HA/BR,TOTAL_BAGS_CERTIFIED,3000,bags
2026-04-29,,Arabica,Guatemala,HOU,TOTAL_BAGS_CERTIFIED,2200,bags
2026-04-29,,Arabica,Honduras,HOU,TOTAL_BAGS_CERTIFIED,62562,bags
2026-04-29,,Arabica,Nicaragua,HOU,TOTAL_BAGS_CERTIFIED,3050,bags
2026-04-29,,Arabica,Honduras,MIAMI,TOTAL_BAGS_CERTIFIED,7448,bags
2026-04-29,,Arabica,India,MIAMI,TOTAL_BAGS_CERTIFIED,1030,bags
2026-04-29,,Arabica,Kenya,MIAMI,TOTAL_BAGS_CERTIFIED,710,bags
2026-04-29,,Arabica,Peru,MIAMI,TOTAL_BAGS_CERTIFIED,3750,bags
2026-04-29,,Arabica,Venezuela,MIAMI,TOTAL_BAGS_CERTIFIED,4250,bags
2026-04-29,,Arabica,Colombia,NOLA,TOTAL_BAGS_CERTIFIED,225,bags
2026-04-29,,Arabica,Honduras,NOLA,TOTAL_BAGS_CERTIFIED,19239,bags
2026-04-29,,Arabica,Mexico,NOLA,TOTAL_BAGS_CERTIFIED,11836,bags
2026-04-29,,Arabica,Venezuela,NOLA,TOTAL_BAGS_CERTIFIED,250,bags
2026-04-29,,Arabica,Honduras,NY,TOTAL_BAGS_CERTIFIED,35,bags
2026-04-29,,Arabica,Mexico,NY,TOTAL_BAGS_CERTIFIED,8127,bags
2026-04-29,,Arabica,Nicaragua,NY,TOTAL_BAGS_CERTIFIED,1375,bags
2026-04-29,,Arabica,Papua New Guinea,NY,TOTAL_BAGS_CERTIFIED,425,bags
2026-04-29,,Arabica,Peru,NY,TOTAL_BAGS_CERTIFIED,98,bags
2026-04-29,,Arabica,Venezuela,NY,TOTAL_BAGS_CERTIFIED,1500,bags
2026-04-29,2026-04-28,Robusta,,ANT,NON_TENDERABLE,1,lots
2026-04-29,2026-04-28,Robusta,,ANT,VALID_CERTIFICATE,2272,lots
2026-04-29,2026-04-28,Robusta,,BAR,VALID_CERTIFICATE,13,lots
2026-04-29,2026-04-28,Robusta,,FEL,VALID_CERTIFICATE,36,lots
2026-04-29,2026-04-28,Robusta,,LON,VALID_CERTIFICATE,1530,lots
2026-04-30,,Arabica,Brazil,ANT,TOTAL_BAGS_CERTIFIED,15943,bags
2026-04-30,,Arabica,Burundi,ANT,TOTAL_BAGS_CERTIFIED,3306,bags
2026-04-30,,Arabica,Colombia,ANT,TOTAL_BAGS_CERTIFIED,25,bags
2026-04-30,,Arabica,El Salvador,ANT,TOTAL_BAGS_CERTIFIED,7021,bags
2026-04-30,,Arabica,Guatemala,ANT,TOTAL_BAGS_CERTIFIED,4400,bags
2026-04-30,,Arabica,Honduras,ANT,TOTAL_BAGS_CERTIFIED,39388,bags
2026-04-30,,Arabica,India,ANT,TOTAL_BAGS_CERTIFIED,12776,bags
2026-04-30,,Arabica,Kenya,ANT,TOTAL_BAGS_CERTIFIED,10014,bags
2026-04-30,,Arabica,Mexico,ANT,TOTAL_BAGS_CERTIFIED,43568,bags
2026-04-30,,Arabica,Nicaragua,ANT,TOTAL_BAGS_CERTIFIED,57897,bags
2026-04-30,,Arabica,Papua New Guinea,ANT,TOTAL_BAGS_CERTIFIED,5233,bags
2026-04-30,,Arabica,Peru,ANT,TOTAL_BAGS_CERTIFIED,65411,bags
2026-04-30,,Arabica,Rwanda,ANT,TOTAL_BAGS_CERTIFIED,18145,bags
2026-04-30,,Arabica,Tanzania,ANT,TOTAL_BAGS_CERTIFIED,18401,bags
2026-04-30,,Arabica,Uganda,ANT,TOTAL_BAGS_CERTIFIED,45089,bags
2026-04-30,,Arabica,Burundi,HA/BR,TOTAL_BAGS_CERTIFIED,854,bags
2026-04-30,,Arabica,Honduras,HA/BR,TOTAL_BAGS_CERTIFIED,1050,bags
2026-04-30,,Arabica,India,HA/BR,TOTAL_BAGS_CERTIFIED,2349,bags
2026-04-30,,Arabica,Kenya,HA/BR,TOTAL_BAGS_CERTIFIED,1333,bags
2026-04-30,,Arabica,Papua New Guinea,HA/BR,TOTAL_BAGS_CERTIFIED,10365,bags
2026-04-30,,Arabica,Peru,HA/BR,TOTAL_BAGS_CERTIFIED,745,bags
2026-04-30,,Arabica,Tanzania,HA/BR,TOTAL_BAGS_CERTIFIED,2690,bags
2026-04-30,,Arabica,Uganda,HA/BR,TOTAL_BAGS_CERTIFIED,320,bags
2026-04-30,,Arabica,Venezuela,HA/BR,TOTAL_BAGS_CERTIFIED,3000,bags
2026-04-30,,Arabica,Guatemala,HOU,TOTAL_BAGS_CERTIFIED,2200,bags
2026-04-30,,Arabica,Honduras,HOU,TOTAL_BAGS_CERTIFIED,63662,bags
2026-04-30,,Arabica,Nicaragua,HOU,TOTAL_BAGS_CERTIFIED,3050,bags
2026-04-30,,Arabica,Honduras,MIAMI,TOTAL_BAGS_CERTIFIED,7448,bags
2026-04-30,,Arabica,India,MIAMI,TOTAL_BAGS_CERTIFIED,1030,bags
2026-04-30,,Arabica,Kenya,MIAMI,TOTAL_BAGS_CERTIFIED,710,bags
2026-04-30,,Arabica,Peru,MIAMI,TOTAL_BAGS_CERTIFIED,3750,bags
2026-04-30,,Arabica,Venezuela,MIAMI,TOTAL_BAGS_CERTIFIED,4250,bags
2026-04-30,,Arabica,Colombia,NOLA,TOTAL_BAGS_CERTIFIED,225,bags
2026-04-30,,Arabica,Honduras,NOLA,TOTAL_BAGS_CERTIFIED,19239,bags
2026-04-30,,Arabica,Mexico,NOLA,TOTAL_BAGS_CERTIFIED,11836,bags
2026-04-30,,Arabica,Venezuela,NOLA,TOTAL_BAGS_CERTIFIED,250,bags
2026-04-30,,Arabica,Honduras,NY,TOTAL_BAGS_CERTIFIED,35,bags
2026-04-30,,Arabica,Mexico,NY,TOTAL_BAGS_CERTIFIED,8127,bags
2026-04-30,,Arabica,Nicaragua,NY,TOTAL_BAGS_CERTIFIED,1375,bags
2026-04-30,,Arabica,Papua New Guinea,NY,TOTAL_BAGS_CERTIFIED,425,bags
2026-04-30,,Arabica,Peru,NY,TOTAL_BAGS_CERTIFIED,98,bags
2026-04-30,,Arabica,Venezuela,NY,TOTAL_BAGS_CERTIFIED,2250,bags
2026-04-30,2026-04-29,Robusta,,ANT,NON_TENDERABLE,1,lots
2026-04-30,2026-04-29,Robusta,,ANT,VALID_CERTIFICATE,2250,lots
2026-04-30,2026-04-29,Robusta,,BAR,VALID_CERTIFICATE,13,lots
2026-04-30,2026-04-29,Robusta,,FEL,VALID_CERTIFICATE,36,lots
2026-04-30,2026-04-29,Robusta,,LON,VALID_CERTIFICATE,1570,lots
2026-05-01,,Arabica,Brazil,ANT,TOTAL_BAGS_CERTIFIED,15943,bags
2026-05-01,,Arabica,Burundi,ANT,TOTAL_BAGS_CERTIFIED,3306,bags
2026-05-01,,Arabica,Colombia,ANT,TOTAL_BAGS_CERTIFIED,25,bags
2026-05-01,,Arabica,El Salvador,ANT,TOTAL_BAGS_CERTIFIED,7021,bags
2026-05-01,,Arabica,Guatemala,ANT,TOTAL_BAGS_CERTIFIED,4400,bags
2026-05-01,,Arabica,Honduras,ANT,TOTAL_BAGS_CERTIFIED,41313,bags
2026-05-01,,Arabica,India,ANT,TOTAL_BAGS_CERTIFIED,12776,bags
2026-05-01,,Arabica,Kenya,ANT,TOTAL_BAGS_CERTIFIED,10014,bags
2026-05-01,,Arabica,Mexico,ANT,TOTAL_BAGS_CERTIFIED,43568,bags
2026-05-01,,Arabica,Nicaragua,ANT,TOTAL_BAGS_CERTIFIED,57897,bags
2026-05-01,,Arabica,Papua New Guinea,ANT,TOTAL_BAGS_CERTIFIED,5233,bags
2026-05-01,,Arabica,Peru,ANT,TOTAL_BAGS_CERTIFIED,65411,bags
2026-05-01,,Arabica,Rwanda,ANT,TOTAL_BAGS_CERTIFIED,18145,bags
2026-05-01,,Arabica,Tanzania,ANT,TOTAL_BAGS_CERTIFIED,18401,bags
2026-05-01,,Arabica,Uganda,ANT,TOTAL_BAGS_CERTIFIED,46115,bags
2026-05-01,,Arabica,Burundi,HA/BR,TOTAL_BAGS_CERTIFIED,854,bags
2026-05-01,,Arabica,Honduras,HA/BR,TOTAL_BAGS_CERTIFIED,1050,bags
2026-05-01,,Arabica,India,HA/BR,TOTAL_BAGS_CERTIFIED,2349,bags
2026-05-01,,Arabica,Kenya,HA/BR,TOTAL_BAGS_CERTIFIED,1333,bags
2026-05-01,,Arabica,Papua New Guinea,HA/BR,TOTAL_BAGS_CERTIFIED,10365,bags
2026-05-01,,Arabica,Peru,HA/BR,TOTAL_BAGS_CERTIFIED,745,bags
2026-05-01,,Arabica,Tanzania,HA/BR,TOTAL_BAGS_CERTIFIED,2690,bags
2026-05-01,,Arabica,Uganda,HA/BR,TOTAL_BAGS_CERTIFIED,320,bags
2026-05-01,,Arabica,Venezuela,HA/BR,TOTAL_BAGS_CERTIFIED,3000,bags
2026-05-01,,Arabica,Guatemala,HOU,TOTAL_BAGS_CERTIFIED,2200,bags
2026-05-01,,Arabica,Honduras,HOU,TOTAL_BAGS_CERTIFIED,63662,bags
2026-05-01,,Arabica,Nicaragua,HOU,TOTAL_BAGS_CERTIFIED,3050,bags
2026-05-01,,Arabica,Honduras,MIAMI,TOTAL_BAGS_CERTIFIED,7448,bags
2026-05-01,,Arabica,India,MIAMI,TOTAL_BAGS_CERTIFIED,1030,bags
2026-05-01,,Arabica,Kenya,MIAMI,TOTAL_BAGS_CERTIFIED,710,bags
2026-05-01,,Arabica,Peru,MIAMI,TOTAL_BAGS_CERTIFIED,3750,bags
2026-05-01,,Arabica,Venezuela,MIAMI,TOTAL_BAGS_CERTIFIED,4250,bags
2026-05-01,,Arabica,Colombia,NOLA,TOTAL_BAGS_CERTIFIED,225,bags
2026-05-01,,Arabica,Honduras,NOLA,TOTAL_BAGS_CERTIFIED,19239,bags
2026-05-01,,Arabica,Mexico,NOLA,TOTAL_BAGS_CERTIFIED,11836,bags
2026-05-01,,Arabica,Venezuela,NOLA,TOTAL_BAGS_CERTIFIED,250,bags
2026-05-01,,Arabica,Honduras,NY,TOTAL_BAGS_CERTIFIED,35,bags
2026-05-01,,Arabica,Mexico,NY,TOTAL_BAGS_CERTIFIED,8127,bags
2026-05-01,,Arabica,Nicaragua,NY,TOTAL_BAGS_CERTIFIED,1375,bags
2026-05-01,,Arabica,Papua New Guinea,NY,TOTAL_BAGS_CERTIFIED,425,bags
2026-05-01,,Arabica,Peru,NY,TOTAL_BAGS_CERTIFIED,98,bags
2026-05-01,,Arabica,Venezuela,NY,TOTAL_BAGS_CERTIFIED,2250,bags
2026-05-01,2026-04-30,Robusta,,ANT,NON_TENDERABLE,1,lots
2026-05-01,2026-04-30,Robusta,,ANT,VALID_CERTIFICATE,2246,lots
2026-05-01,2026-04-30,Robusta,,BAR,VALID_CERTIFICATE,13,lots
2026-05-01,2026-04-30,Robusta,,FEL,VALID_CERTIFICATE,36,lots
2026-05-01,2026-04-30,Robusta,,LON,VALID_CERTIFICATE,1550,lots
2026-05-04,,Arabica,Brazil,ANT,TOTAL_BAGS_CERTIFIED,15371,bags
2026-05-04,,Arabica,Burundi,ANT,TOTAL_BAGS_CERTIFIED,2455,bags
2026-05-04,,Arabica,Colombia,ANT,TOTAL_BAGS_CERTIFIED,25,bags
2026-05-04,,Arabica,El Salvador,ANT,TOTAL_BAGS_CERTIFIED,7021,bags
2026-05-04,,Arabica,Guatemala,ANT,TOTAL_BAGS_CERTIFIED,4400,bags
2026-05-04,,Arabica,Honduras,ANT,TOTAL_BAGS_CERTIFIED,41313,bags
2026-05-04,,Arabica,India,ANT,TOTAL_BAGS_CERTIFIED,12776,bags
2026-05-04,,Arabica,Kenya,ANT,TOTAL_BAGS_CERTIFIED,10014,bags
2026-05-04,,Arabica,Mexico,ANT,TOTAL_BAGS_CERTIFIED,43568,bags
2026-05-04,,Arabica,Nicaragua,ANT,TOTAL_BAGS_CERTIFIED,57622,bags
2026-05-04,,Arabica,Papua New Guinea,ANT,TOTAL_BAGS_CERTIFIED,5233,bags
2026-05-04,,Arabica,Peru,ANT,TOTAL_BAGS_CERTIFIED,63911,bags
2026-05-04,,Arabica,Rwanda,ANT,TOTAL_BAGS_CERTIFIED,18145,bags
2026-05-04,,Arabica,Tanzania,ANT,TOTAL_BAGS_CERTIFIED,18401,bags
2026-05-04,,Arabica,Uganda,ANT,TOTAL_BAGS_CERTIFIED,46115,bags
2026-05-04,,Arabica,Burundi,HA/BR,TOTAL_BAGS_CERTIFIED,854,bags
2026-05-04,,Arabica,Honduras,HA/BR,TOTAL_BAGS_CERTIFIED,1050,bags
2026-05-04,,Arabica,India,HA/BR,TOTAL_BAGS_CERTIFIED,2349,bags
2026-05-04,,Arabica,Kenya,HA/BR,TOTAL_BAGS_CERTIFIED,1333,bags
2026-05-04,,Arabica,Papua New Guinea,HA/BR,TOTAL_BAGS_CERTIFIED,10365,bags
2026-05-04,,Arabica,Peru,HA/BR,TOTAL_BAGS_CERTIFIED,745,bags
2026-05-04,,Arabica,Tanzania,HA/BR,TOTAL_BAGS_CERTIFIED,2690,bags
2026-05-04,,Arabica,Uganda,HA/BR,TOTAL_BAGS_CERTIFIED,320,bags
2026-05-04,,Arabica,Venezuela,HA/BR,TOTAL_BAGS_CERTIFIED,3000,bags
2026-05-04,,Arabica,Guatemala,HOU,TOTAL_BAGS_CERTIFIED,2200,bags
2026-05-04,,Arabica,Honduras,HOU,TOTAL_BAGS_CERTIFIED,63662,bags
2026-05-04,,Arabica,Nicaragua,HOU,TOTAL_BAGS_CERTIFIED,3050,bags
2026-05-04,,Arabica,Honduras,MIAMI,TOTAL_BAGS_CERTIFIED,7448,bags
2026-05-04,,Arabica,India,MIAMI,TOTAL_BAGS_CERTIFIED,1030,bags
2026-05-04,,Arabica,Kenya,MIAMI,TOTAL_BAGS_CERTIFIED,710,bags
2026-05-04,,Arabica,Peru,MIAMI,TOTAL_BAGS_CERTIFIED,3750,bags
2026-05-04,,Arabica,Venezuela,MIAMI,TOTAL_BAGS_CERTIFIED,4250,bags
2026-05-04,,Arabica,Colombia,NOLA,TOTAL_BAGS_CERTIFIED,225,bags
2026-05-04,,Arabica,Honduras,NOLA,TOTAL_BAGS_CERTIFIED,19239,bags
2026-05-04,,Arabica,Mexico,NOLA,TOTAL_BAGS_CERTIFIED,11836,bags
2026-05-04,,Arabica,Venezuela,NOLA,TOTAL_BAGS_CERTIFIED,250,bags
2026-05-04,,Arabica,Honduras,NY,TOTAL_BAGS_CERTIFIED,35,bags
2026-05-04,,Arabica,Mexico,NY,TOTAL_BAGS_CERTIFIED,8127,bags
2026-05-04,,Arabica,Nicaragua,NY,TOTAL_BAGS_CERTIFIED,1375,bags
2026-05-04,,Arabica,Papua New Guinea,NY,TOTAL_BAGS_CERTIFIED,425,bags
2026-05-04,,Arabica,Peru,NY,TOTAL_BAGS_CERTIFIED,98,bags
2026-05-04,,Arabica,Venezuela,NY,TOTAL_BAGS_CERTIFIED,2250,bags
2026-05-05,,Arabica,Brazil,ANT,TOTAL_BAGS_CERTIFIED,15371,bags
2026-05-05,,Arabica,Burundi,ANT,TOTAL_BAGS_CERTIFIED,2455,bags
2026-05-05,,Arabica,Colombia,ANT,TOTAL_BAGS_CERTIFIED,25,bags
2026-05-05,,Arabica,El Salvador,ANT,TOTAL_BAGS_CERTIFIED,7021,bags
2026-05-05,,Arabica,Guatemala,ANT,TOTAL_BAGS_CERTIFIED,4400,bags
2026-05-05,,Arabica,Honduras,ANT,TOTAL_BAGS_CERTIFIED,41313,bags
2026-05-05,,Arabica,India,ANT,TOTAL_BAGS_CERTIFIED,12776,bags
2026-05-05,,Arabica,Kenya,ANT,TOTAL_BAGS_CERTIFIED,10014,bags
2026-05-05,,Arabica,Mexico,ANT,TOTAL_BAGS_CERTIFIED,43568,bags
2026-05-05,,Arabica,Nicaragua,ANT,TOTAL_BAGS_CERTIFIED,57617,bags
2026-05-05,,Arabica,Papua New Guinea,ANT,TOTAL_BAGS_CERTIFIED,5233,bags
2026-05-05,,Arabica,Peru,ANT,TOTAL_BAGS_CERTIFIED,63911,bags
2026-05-05,,Arabica,Rwanda,ANT,TOTAL_BAGS_CERTIFIED,17290,bags
2026-05-05,,Arabica,Tanzania,ANT,TOTAL_BAGS_CERTIFIED,18401,bags
2026-05-05,,Arabica,Uganda,ANT,TOTAL_BAGS_CERTIFIED,46115,bags
2026-05-05,,Arabica,Burundi,HA/BR,TOTAL_BAGS_CERTIFIED,854,bags
2026-05-05,,Arabica,Honduras,HA/BR,TOTAL_BAGS_CERTIFIED,1050,bags
2026-05-05,,Arabica,India,HA/BR,TOTAL_BAGS_CERTIFIED,2349,bags
2026-05-05,,Arabica,Kenya,HA/BR,TOTAL_BAGS_CERTIFIED,1333,bags
2026-05-05,,Arabica,Papua New Guinea,HA/BR,TOTAL_BAGS_CERTIFIED,10365,bags
2026-05-05,,Arabica,Peru,HA/BR,TOTAL_BAGS_CERTIFIED,745,bags
2026-05-05,,Arabica,Tanzania,HA/BR,TOTAL_BAGS_CERTIFIED,2690,bags
2026-05-05,,Arabica,Uganda,HA/BR,TOTAL_BAGS_CERTIFIED,320,bags
2026-05-05,,Arabica,Venezuela,HA/BR,TOTAL_BAGS_CERTIFIED,3000,bags
2026-05-05,,Arabica,Guatemala,HOU,TOTAL_BAGS_CERTIFIED,2200,bags
2026-05-05,,Arabica,Honduras,HOU,TOTAL_BAGS_CERTIFIED,63662,bags
2026-05-05,,Arabica,Nicaragua,HOU,TOTAL_BAGS_CERTIFIED,3050,bags
2026-05-05,,Arabica,Honduras,MIAMI,TOTAL_BAGS_CERTIFIED,7448,bags
2026-05-05,,Arabica,India,MIAMI,TOTAL_BAGS_CERTIFIED,1030,bags
2026-05-05,,Arabica,Kenya,MIAMI,TOTAL_BAGS_CERTIFIED,710,bags
2026-05-05,,Arabica,Peru,MIAMI,TOTAL_BAGS_CERTIFIED,3500,bags
2026-05-05,,Arabica,Venezuela,MIAMI,TOTAL_BAGS_CERTIFIED,4250,bags
2026-05-05,,Arabica,Colombia,NOLA,TOTAL_BAGS_CERTIFIED,225,bags
2026-05-05,,Arabica,Honduras,NOLA,TOTAL_BAGS_CERTIFIED,19239,bags
2026-05-05,,Arabica,Mexico,NOLA,TOTAL_BAGS_CERTIFIED,11836,bags
2026-05-05,,Arabica,Venezuela,NOLA,TOTAL_BAGS_CERTIFIED,250,bags
2026-05-05,,Arabica,Honduras,NY,TOTAL_BAGS_CERTIFIED,35,bags
2026-05-05,,Arabica,Mexico,NY,TOTAL_BAGS_CERTIFIED,8127,bags
2026-05-05,,Arabica,Nicaragua,NY,TOTAL_BAGS_CERTIFIED,1375,bags
2026-05-05,,Arabica,Papua New Guinea,NY,TOTAL_BAGS_CERTIFIED,425,bags
2026-05-05,,Arabica,Peru,NY,TOTAL_BAGS_CERTIFIED,98,bags
2026-05-05,,Arabica,Venezuela,NY,TOTAL_BAGS_CERTIFIED,2250,bags
2026-05-05,2026-05-04,Robusta,,ANT,NON_TENDERABLE,1,lots
2026-05-05,2026-05-04,Robusta,,ANT,VALID_CERTIFICATE,2233,lots
2026-05-05,2026-05-04,Robusta,,BAR,VALID_CERTIFICATE,13,lots
2026-05-05,2026-05-04,Robusta,,FEL,VALID_CERTIFICATE,36,lots
2026-05-05,2026-05-04,Robusta,,LON,VALID_CERTIFICATE,1542,lots
2026-05-06,,Arabica,Brazil,ANT,TOTAL_BAGS_CERTIFIED,15371,bags
2026-05-06,,Arabica,Burundi,ANT,TOTAL_BAGS_CERTIFIED,2455,bags
2026-05-06,,Arabica,Colombia,ANT,TOTAL_BAGS_CERTIFIED,25,bags
2026-05-06,,Arabica,El Salvador,ANT,TOTAL_BAGS_CERTIFIED,7021,bags
2026-05-06,,Arabica,Guatemala,ANT,TOTAL_BAGS_CERTIFIED,4400,bags
2026-05-06,,Arabica,Honduras,ANT,TOTAL_BAGS_CERTIFIED,41313,bags
2026-05-06,,Arabica,India,ANT,TOTAL_BAGS_CERTIFIED,12776,bags
2026-05-06,,Arabica,Kenya,ANT,TOTAL_BAGS_CERTIFIED,10014,bags
2026-05-06,,Arabica,Mexico,ANT,TOTAL_BAGS_CERTIFIED,43568,bags
2026-05-06,,Arabica,Nicaragua,ANT,TOTAL_BAGS_CERTIFIED,56119,bags
2026-05-06,,Arabica,Papua New Guinea,ANT,TOTAL_BAGS_CERTIFIED,5233,bags
2026-05-06,,Arabica,Peru,ANT,TOTAL_BAGS_CERTIFIED,59911,bags
2026-05-06,,Arabica,Rwanda,ANT,TOTAL_BAGS_CERTIFIED,17290,bags
2026-05-06,,Arabica,Tanzania,ANT,TOTAL_BAGS_CERTIFIED,18401,bags
2026-05-06,,Arabica,Uganda,ANT,TOTAL_BAGS_CERTIFIED,46095,bags
2026-05-06,,Arabica,Burundi,HA/BR,TOTAL_BAGS_CERTIFIED,854,bags
2026-05-06,,Arabica,Honduras,HA/BR,TOTAL_BAGS_CERTIFIED,1050,bags
2026-05-06,,Arabica,India,HA/BR,TOTAL_BAGS_CERTIFIED,2349,bags
2026-05-06,,Arabica,Kenya,HA/BR,TOTAL_BAGS_CERTIFIED,1333,bags
2026-05-06,,Arabica,Papua New Guinea,HA/BR,TOTAL_BAGS_CERTIFIED,10365,bags
2026-05-06,,Arabica,Peru,HA/BR,TOTAL_BAGS_CERTIFIED,745,bags
2026-05-06,,Arabica,Tanzania,HA/BR,TOTAL_BAGS_CERTIFIED,2690,bags
2026-05-06,,Arabica,Uganda,HA/BR,TOTAL_BAGS_CERTIFIED,320,bags
2026-05-06,,Arabica,Venezuela,HA/BR,TOTAL_BAGS_CERTIFIED,3000,bags
2026-05-06,,Arabica,Guatemala,HOU,TOTAL_BAGS_CERTIFIED,2200,bags
2026-05-06,,Arabica,Honduras,HOU,TOTAL_BAGS_CERTIFIED,63662,bags
2026-05-06,,Arabica,Nicaragua,HOU,TOTAL_BAGS_CERTIFIED,3050,bags
2026-05-06,,Arabica,Honduras,MIAMI,TOTAL_BAGS_CERTIFIED,7448,bags
2026-05-06,,Arabica,India,MIAMI,TOTAL_BAGS_CERTIFIED,1030,bags
2026-05-06,,Arabica,Kenya,MIAMI,TOTAL_BAGS_CERTIFIED,710,bags
2026-05-06,,Arabica,Peru,MIAMI,TOTAL_BAGS_CERTIFIED,3500,bags
2026-05-06,,Arabica,Venezuela,MIAMI,TOTAL_BAGS_CERTIFIED,4250,bags
2026-05-06,,Arabica,Colombia,NOLA,TOTAL_BAGS_CERTIFIED,225,bags
2026-05-06,,Arabica,Honduras,NOLA,TOTAL_BAGS_CERTIFIED,19239,bags
2026-05-06,,Arabica,Mexico,NOLA,TOTAL_BAGS_CERTIFIED,11836,bags
2026-05-06,,Arabica,Venezuela,NOLA,TOTAL_BAGS_CERTIFIED,250,bags
2026-05-06,,Arabica,Honduras,NY,TOTAL_BAGS_CERTIFIED,35,bags
2026-05-06,,Arabica,Mexico,NY,TOTAL_BAGS_CERTIFIED,8127,bags
2026-05-06,,Arabica,Nicaragua,NY,TOTAL_BAGS_CERTIFIED,1375,bags
2026-05-06,,Arabica,Papua New Guinea,NY,TOTAL_BAGS_CERTIFIED,425,bags
2026-05-06,,Arabica,Peru,NY,TOTAL_BAGS_CERTIFIED,98,bags
2026-05-06,,Arabica,Venezuela,NY,TOTAL_BAGS_CERTIFIED,2250,bags
2026-05-06,2026-05-05,Robusta,,ANT,NON_TENDERABLE,1,lots
2026-05-06,2026-05-05,Robusta,,ANT,VALID_CERTIFICATE,2210,lots
2026-05-06,2026-05-05,Robusta,,BAR,VALID_CERTIFICATE,11,lots
2026-05-06,2026-05-05,Robusta,,FEL,VALID_CERTIFICATE,36,lots
2026-05-06,2026-05-05,Robusta,,LON,VALID_CERTIFICATE,1542,lots
2026-05-07,,Arabica,Brazil,ANT,TOTAL_BAGS_CERTIFIED,14645,bags
2026-05-07,,Arabica,Burundi,ANT,TOTAL_BAGS_CERTIFIED,2455,bags
2026-05-07,,Arabica,Colombia,ANT,TOTAL_BAGS_CERTIFIED,25,bags
2026-05-07,,Arabica,El Salvador,ANT,TOTAL_BAGS_CERTIFIED,6471,bags
2026-05-07,,Arabica,Guatemala,ANT,TOTAL_BAGS_CERTIFIED,2750,bags
2026-05-07,,Arabica,Honduras,ANT,TOTAL_BAGS_CERTIFIED,40588,bags
2026-05-07,,Arabica,India,ANT,TOTAL_BAGS_CERTIFIED,12776,bags
2026-05-07,,Arabica,Kenya,ANT,TOTAL_BAGS_CERTIFIED,10014,bags
2026-05-07,,Arabica,Mexico,ANT,TOTAL_BAGS_CERTIFIED,43143,bags
2026-05-07,,Arabica,Nicaragua,ANT,TOTAL_BAGS_CERTIFIED,55369,bags
2026-05-07,,Arabica,Papua New Guinea,ANT,TOTAL_BAGS_CERTIFIED,5233,bags
2026-05-07,,Arabica,Peru,ANT,TOTAL_BAGS_CERTIFIED,59911,bags
2026-05-07,,Arabica,Rwanda,ANT,TOTAL_BAGS_CERTIFIED,17290,bags
2026-05-07,,Arabica,Tanzania,ANT,TOTAL_BAGS_CERTIFIED,18401,bags
2026-05-07,,Arabica,Uganda,ANT,TOTAL_BAGS_CERTIFIED,41805,bags
2026-05-07,,Arabica,Burundi,HA/BR,TOTAL_BAGS_CERTIFIED,854,bags
2026-05-07,,Arabica,Honduras,HA/BR,TOTAL_BAGS_CERTIFIED,1050,bags
2026-05-07,,Arabica,India,HA/BR,TOTAL_BAGS_CERTIFIED,2349,bags
2026-05-07,,Arabica,Kenya,HA/BR,TOTAL_BAGS_CERTIFIED,1333,bags
2026-05-07,,Arabica,Papua New Guinea,HA/BR,TOTAL_BAGS_CERTIFIED,10365,bags
2026-05-07,,Arabica,Peru,HA/BR,TOTAL_BAGS_CERTIFIED,745,bags
2026-05-07,,Arabica,Tanzania,HA/BR,TOTAL_BAGS_CERTIFIED,2690,bags
2026-05-07,,Arabica,Uganda,HA/BR,TOTAL_BAGS_CERTIFIED,320,bags
2026-05-07,,Arabica,Venezuela,HA/BR,TOTAL_BAGS_CERTIFIED,3000,bags
2026-05-07,,Arabica,Guatemala,HOU,TOTAL_BAGS_CERTIFIED,2200,bags
2026-05-07,,Arabica,Honduras,HOU,TOTAL_BAGS_CERTIFIED,63662,bags
2026-05-07,,Arabica,Nicaragua,HOU,TOTAL_BAGS_CERTIFIED,3050,bags
2026-05-07,,Arabica,Honduras,MIAMI,TOTAL_BAGS_CERTIFIED,7448,bags
2026-05-07,,Arabica,India,MIAMI,TOTAL_BAGS_CERTIFIED,1030,bags
2026-05-07,,Arabica,Kenya,MIAMI,TOTAL_BAGS_CERTIFIED,710,bags
2026-05-07,,Arabica,Peru,MIAMI,TOTAL_BAGS_CERTIFIED,3500,bags
2026-05-07,,Arabica,Venezuela,MIAMI,TOTAL_BAGS_CERTIFIED,4250,bags
2026-05-07,,Arabica,Colombia,NOLA,TOTAL_BAGS_CERTIFIED,225,bags
2026-05-07,,Arabica,Honduras,NOLA,TOTAL_BAGS_CERTIFIED,19239,bags
2026-05-07,,Arabica,Mexico,NOLA,TOTAL_BAGS_CERTIFIED,11836,bags
2026-05-07,,Arabica,Venezuela,NOLA,TOTAL_BAGS_CERTIFIED,250,bags
2026-05-07,,Arabica,Honduras,NY,TOTAL_BAGS_CERTIFIED,35,bags
2026-05-07,,Arabica,Mexico,NY,TOTAL_BAGS_CERTIFIED,8127,bags
2026-05-07,,Arabica,Nicaragua,NY,TOTAL_BAGS_CERTIFIED,1375,bags
2026-05-07,,Arabica,Papua New Guinea,NY,TOTAL_BAGS_CERTIFIED,425,bags
2026-05-07,,Arabica,Peru,NY,TOTAL_BAGS_CERTIFIED,98,bags
2026-05-07,,Arabica,Venezuela,NY,TOTAL_BAGS_CERTIFIED,2250,bags
2026-05-07,2026-05-06,Robusta,,ANT,NON_TENDERABLE,1,lots
2026-05-07,2026-05-06,Robusta,,ANT,VALID_CERTIFICATE,2206,lots
2026-05-07,2026-05-06,Robusta,,BAR,VALID_CERTIFICATE,11,lots
2026-05-07,2026-05-06,Robusta,,FEL,VALID_CERTIFICATE,36,lots
2026-05-07,2026-05-06,Robusta,,LON,VALID_CERTIFICATE,1502,lots
2026-05-08,,Arabica,Brazil,ANT,TOTAL_BAGS_CERTIFIED,14645,bags
2026-05-08,,Arabica,Burundi,ANT,TOTAL_BAGS_CERTIFIED,2455,bags
2026-05-08,,Arabica,Colombia,ANT,TOTAL_BAGS_CERTIFIED,25,bags
2026-05-08,,Arabica,El Salvador,ANT,TOTAL_BAGS_CERTIFIED,6471,bags
2026-05-08,,Arabica,Guatemala,ANT,TOTAL_BAGS_CERTIFIED,2750,bags
2026-05-08,,Arabica,Honduras,ANT,TOTAL_BAGS_CERTIFIED,41413,bags
2026-05-08,,Arabica,India,ANT,TOTAL_BAGS_CERTIFIED,12776,bags
2026-05-08,,Arabica,Kenya,ANT,TOTAL_BAGS_CERTIFIED,10014,bags
2026-05-08,,Arabica,Mexico,ANT,TOTAL_BAGS_CERTIFIED,43043,bags
2026-05-08,,Arabica,Nicaragua,ANT,TOTAL_BAGS_CERTIFIED,50819,bags
2026-05-08,,Arabica,Papua New Guinea,ANT,TOTAL_BAGS_CERTIFIED,5233,bags
2026-05-08,,Arabica,Peru,ANT,TOTAL_BAGS_CERTIFIED,59411,bags
2026-05-08,,Arabica,Rwanda,ANT,TOTAL_BAGS_CERTIFIED,17290,bags
2026-05-08,,Arabica,Tanzania,ANT,TOTAL_BAGS_CERTIFIED,17262,bags
2026-05-08,,Arabica,Uganda,ANT,TOTAL_BAGS_CERTIFIED,41805,bags
2026-05-08,,Arabica,Burundi,HA/BR,TOTAL_BAGS_CERTIFIED,854,bags
2026-05-08,,Arabica,Honduras,HA/BR,TOTAL_BAGS_CERTIFIED,1050,bags
2026-05-08,,Arabica,India,HA/BR,TOTAL_BAGS_CERTIFIED,2349,bags
2026-05-08,,Arabica,Kenya,HA/BR,TOTAL_BAGS_CERTIFIED,1333,bags
2026-05-08,,Arabica,Papua New Guinea,HA/BR,TOTAL_BAGS_CERTIFIED,10365,bags
2026-05-08,,Arabica,Peru,HA/BR,TOTAL_BAGS_CERTIFIED,745,bags
2026-05-08,,Arabica,Tanzania,HA/BR,TOTAL_BAGS_CERTIFIED,2690,bags
2026-05-08,,Arabica,Uganda,HA/BR,TOTAL_BAGS_CERTIFIED,320,bags
2026-05-08,,Arabica,Venezuela,HA/BR,TOTAL_BAGS_CERTIFIED,3000,bags
2026-05-08,,Arabica,Guatemala,HOU,TOTAL_BAGS_CERTIFIED,2200,bags
2026-05-08,,Arabica,Honduras,HOU,TOTAL_BAGS_CERTIFIED,62629,bags
2026-05-08,,Arabica,Nicaragua,HOU,TOTAL_BAGS_CERTIFIED,3050,bags
2026-05-08,,Arabica,Honduras,MIAMI,TOTAL_BAGS_CERTIFIED,7448,bags
2026-05-08,,Arabica,India,MIAMI,TOTAL_BAGS_CERTIFIED,1030,bags
2026-05-08,,Arabica,Kenya,MIAMI,TOTAL_BAGS_CERTIFIED,710,bags
2026-05-08,,Arabica,Peru,MIAMI,TOTAL_BAGS_CERTIFIED,3500,bags
2026-05-08,,Arabica,Venezuela,MIAMI,TOTAL_BAGS_CERTIFIED,4250,bags
2026-05-08,,Arabica,Colombia,NOLA,TOTAL_BAGS_CERTIFIED,225,bags
2026-05-08,,Arabica,Honduras,NOLA,TOTAL_BAGS_CERTIFIED,19239,bags
2026-05-08,,Arabica,Mexico,NOLA,TOTAL_BAGS_CERTIFIED,11836,bags
2026-05-08,,Arabica,Venezuela,NOLA,TOTAL_BAGS_CERTIFIED,250,bags
2026-05-08,,Arabica,Honduras,NY,TOTAL_BAGS_CERTIFIED,35,bags
2026-05-08,,Arabica,Mexico,NY,TOTAL_BAGS_CERTIFIED,8127,bags
2026-05-08,,Arabica,Nicaragua,NY,TOTAL_BAGS_CERTIFIED,1375,bags
2026-05-08,,Arabica,Papua New Guinea,NY,TOTAL_BAGS_CERTIFIED,425,bags
2026-05-08,,Arabica,Peru,NY,TOTAL_BAGS_CERTIFIED,98,bags
2026-05-08,,Arabica,Venezuela,NY,TOTAL_BAGS_CERTIFIED,2500,bags
2026-05-08,2026-05-07,Robusta,,ANT,NON_TENDERABLE,1,lots
2026-05-08,2026-05-07,Robusta,,ANT,VALID_CERTIFICATE,2183,lots
2026-05-08,2026-05-07,Robusta,,BAR,VALID_CERTIFICATE,11,lots
2026-05-08,2026-05-07,Robusta,,FEL,VALID_CERTIFICATE,36,lots
2026-05-08,2026-05-07,Robusta,,LON,VALID_CERTIFICATE,1494,lots
2026-05-11,,Arabica,Brazil,ANT,TOTAL_BAGS_CERTIFIED,14645,bags
2026-05-11,,Arabica,Burundi,ANT,TOTAL_BAGS_CERTIFIED,2455,bags
2026-05-11,,Arabica,Colombia,ANT,TOTAL_BAGS_CERTIFIED,25,bags
2026-05-11,,Arabica,El Salvador,ANT,TOTAL_BAGS_CERTIFIED,6471,bags
2026-05-11,,Arabica,Guatemala,ANT,TOTAL_BAGS_CERTIFIED,2750,bags
2026-05-11,,Arabica,Honduras,ANT,TOTAL_BAGS_CERTIFIED,41413,bags
2026-05-11,,Arabica,India,ANT,TOTAL_BAGS_CERTIFIED,12776,bags
2026-05-11,,Arabica,Kenya,ANT,TOTAL_BAGS_CERTIFIED,10014,bags
2026-05-11,,Arabica,Mexico,ANT,TOTAL_BAGS_CERTIFIED,43043,bags
2026-05-11,,Arabica,Nicaragua,ANT,TOTAL_BAGS_CERTIFIED,50819,bags
2026-05-11,,Arabica,Papua New Guinea,ANT,TOTAL_BAGS_CERTIFIED,5233,bags
2026-05-11,,Arabica,Peru,ANT,TOTAL_BAGS_CERTIFIED,59411,bags
2026-05-11,,Arabica,Rwanda,ANT,TOTAL_BAGS_CERTIFIED,17290,bags
2026-05-11,,Arabica,Tanzania,ANT,TOTAL_BAGS_CERTIFIED,17262,bags
2026-05-11,,Arabica,Uganda,ANT,TOTAL_BAGS_CERTIFIED,41805,bags
2026-05-11,,Arabica,Burundi,HA/BR,TOTAL_BAGS_CERTIFIED,854,bags
2026-05-11,,Arabica,Honduras,HA/BR,TOTAL_BAGS_CERTIFIED,1050,bags
2026-05-11,,Arabica,India,HA/BR,TOTAL_BAGS_CERTIFIED,2349,bags
2026-05-11,,Arabica,Kenya,HA/BR,TOTAL_BAGS_CERTIFIED,1333,bags
2026-05-11,,Arabica,Papua New Guinea,HA/BR,TOTAL_BAGS_CERTIFIED,10365,bags
2026-05-11,,Arabica,Peru,HA/BR,TOTAL_BAGS_CERTIFIED,745,bags
2026-05-11,,Arabica,Tanzania,HA/BR,TOTAL_BAGS_CERTIFIED,2690,bags
2026-05-11,,Arabica,Uganda,HA/BR,TOTAL_BAGS_CERTIFIED,320,bags
2026-05-11,,Arabica,Venezuela,HA/BR,TOTAL_BAGS_CERTIFIED,3000,bags
2026-05-11,,Arabica,Guatemala,HOU,TOTAL_BAGS_CERTIFIED,2200,bags
2026-05-11,,Arabica,Honduras,HOU,TOTAL_BAGS_CERTIFIED,62629,bags
2026-05-11,,Arabica,Nicaragua,HOU,TOTAL_BAGS_CERTIFIED,3050,bags
2026-05-11,,Arabica,Honduras,MIAMI,TOTAL_BAGS_CERTIFIED,7448,bags
2026-05-11,,Arabica,India,MIAMI,TOTAL_BAGS_CERTIFIED,1030,bags
2026-05-11,,Arabica,Kenya,MIAMI,TOTAL_BAGS_CERTIFIED,710,bags
2026-05-11,,Arabica,Peru,MIAMI,TOTAL_BAGS_CERTIFIED,3500,bags
2026-05-11,,Arabica,Venezuela,MIAMI,TOTAL_BAGS_CERTIFIED,4250,bags
2026-05-11,,Arabica,Colombia,NOLA,TOTAL_BAGS_CERTIFIED,225,bags
2026-05-11,,Arabica,Honduras,NOLA,TOTAL_BAGS_CERTIFIED,19239,bags
2026-05-11,,Arabica,Mexico,NOLA,TOTAL_BAGS_CERTIFIED,11836,bags
2026-05-11,,Arabica,Venezuela,NOLA,TOTAL_BAGS_CERTIFIED,250,bags
2026-05-11,,Arabica,Honduras,NY,TOTAL_BAGS_CERTIFIED,35,bags
2026-05-11,,Arabica,Mexico,NY,TOTAL_BAGS_CERTIFIED,8127,bags
2026-05-11,,Arabica,Nicaragua,NY,TOTAL_BAGS_CERTIFIED,1375,bags
2026-05-11,,Arabica,Papua New Guinea,NY,TOTAL_BAGS_CERTIFIED,425,bags
2026-05-11,,Arabica,Peru,NY,TOTAL_BAGS_CERTIFIED,98,bags
2026-05-11,,Arabica,Venezuela,NY,TOTAL_BAGS_CERTIFIED,2500,bags
2026-05-11,2026-05-10,Robusta,,ANT,NON_TENDERABLE,1,lots
2026-05-11,2026-05-10,Robusta,,ANT,VALID_CERTIFICATE,2166,lots
2026-05-11,2026-05-10,Robusta,,BAR,VALID_CERTIFICATE,11,lots
2026-05-11,2026-05-10,Robusta,,FEL,VALID_CERTIFICATE,36,lots
2026-05-11,2026-05-10,Robusta,,LON,VALID_CERTIFICATE,1474,lots
2026-05-12,,Arabica,Brazil,ANT,TOTAL_BAGS_CERTIFIED,14645,bags
2026-05-12,,Arabica,Burundi,ANT,TOTAL_BAGS_CERTIFIED,1600,bags
2026-05-12,,Arabica,Colombia,ANT,TOTAL_BAGS_CERTIFIED,25,bags
2026-05-12,,Arabica,El Salvador,ANT,TOTAL_BAGS_CERTIFIED,6471,bags
2026-05-12,,Arabica,Guatemala,ANT,TOTAL_BAGS_CERTIFIED,2750,bags
2026-05-12,,Arabica,Honduras,ANT,TOTAL_BAGS_CERTIFIED,42788,bags
2026-05-12,,Arabica,India,ANT,TOTAL_BAGS_CERTIFIED,13416,bags
2026-05-12,,Arabica,Kenya,ANT,TOTAL_BAGS_CERTIFIED,10014,bags
2026-05-12,,Arabica,Mexico,ANT,TOTAL_BAGS_CERTIFIED,43043,bags
2026-05-12,,Arabica,Nicaragua,ANT,TOTAL_BAGS_CERTIFIED,49885,bags
2026-05-12,,Arabica,Papua New Guinea,ANT,TOTAL_BAGS_CERTIFIED,5233,bags
2026-05-12,,Arabica,Peru,ANT,TOTAL_BAGS_CERTIFIED,58911,bags
2026-05-12,,Arabica,Rwanda,ANT,TOTAL_BAGS_CERTIFIED,18010,bags
2026-05-12,,Arabica,Tanzania,ANT,TOTAL_BAGS_CERTIFIED,14128,bags
2026-05-12,,Arabica,Uganda,ANT,TOTAL_BAGS_CERTIFIED,42155,bags
2026-05-12,,Arabica,Burundi,HA/BR,TOTAL_BAGS_CERTIFIED,570,bags
2026-05-12,,Arabica,Honduras,HA/BR,TOTAL_BAGS_CERTIFIED,1050,bags
2026-05-12,,Arabica,India,HA/BR,TOTAL_BAGS_CERTIFIED,2349,bags
2026-05-12,,Arabica,Kenya,HA/BR,TOTAL_BAGS_CERTIFIED,1333,bags
2026-05-12,,Arabica,Papua New Guinea,HA/BR,TOTAL_BAGS_CERTIFIED,10365,bags
2026-05-12,,Arabica,Peru,HA/BR,TOTAL_BAGS_CERTIFIED,745,bags
2026-05-12,,Arabica,Tanzania,HA/BR,TOTAL_BAGS_CERTIFIED,1830,bags
2026-05-12,,Arabica,Uganda,HA/BR,TOTAL_BAGS_CERTIFIED,320,bags
2026-05-12,,Arabica,Venezuela,HA/BR,TOTAL_BAGS_CERTIFIED,3000,bags
2026-05-12,,Arabica,Guatemala,HOU,TOTAL_BAGS_CERTIFIED,2200,bags
2026-05-12,,Arabica,Honduras,HOU,TOTAL_BAGS_CERTIFIED,62269,bags
2026-05-12,,Arabica,Nicaragua,HOU,TOTAL_BAGS_CERTIFIED,3050,bags
2026-05-12,,Arabica,Honduras,MIAMI,TOTAL_BAGS_CERTIFIED,7448,bags
2026-05-12,,Arabica,India,MIAMI,TOTAL_BAGS_CERTIFIED,1030,bags
2026-05-12,,Arabica,Kenya,MIAMI,TOTAL_BAGS_CERTIFIED,710,bags
2026-05-12,,Arabica,Peru,MIAMI,TOTAL_BAGS_CERTIFIED,3500,bags
2026-05-12,,Arabica,Venezuela,MIAMI,TOTAL_BAGS_CERTIFIED,4250,bags
2026-05-12,,Arabica,Colombia,NOLA,TOTAL_BAGS_CERTIFIED,225,bags
2026-05-12,,Arabica,Honduras,NOLA,TOTAL_BAGS_CERTIFIED,17867,bags
2026-05-12,,Arabica,Mexico,NOLA,TOTAL_BAGS_CERTIFIED,11836,bags
2026-05-12,,Arabica,Venezuela,NOLA,TOTAL_BAGS_CERTIFIED,250,bags
2026-05-12,,Arabica,Honduras,NY,TOTAL_BAGS_CERTIFIED,35,bags
2026-05-12,,Arabica,Mexico,NY,TOTAL_BAGS_CERTIFIED,8127,bags
2026-05-12,,Arabica,Nicaragua,NY,TOTAL_BAGS_CERTIFIED,1375,bags
2026-05-12,,Arabica,Papua New Guinea,NY,TOTAL_BAGS_CERTIFIED,425,bags
2026-05-12,,Arabica,Peru,NY,TOTAL_BAGS_CERTIFIED,98,bags
2026-05-12,,Arabica,Venezuela,NY,TOTAL_BAGS_CERTIFIED,2500,bags
2026-05-12,2026-05-11,Robusta,,ANT,NON_TENDERABLE,1,lots
2026-05-12,2026-05-11,Robusta,,ANT,VALID_CERTIFICATE,2159,lots
2026-05-12,2026-05-11,Robusta,,BAR,VALID_CERTIFICATE,11,lots
2026-05-12,2026-05-11,Robusta,,FEL,VALID_CERTIFICATE,36,lots
2026-05-12,2026-05-11,Robusta,,LON,VALID_CERTIFICATE,1458,lots
2026-05-13,,Arabica,Brazil,ANT,TOTAL_BAGS_CERTIFIED,14645,bags
2026-05-13,,Arabica,Burundi,ANT,TOTAL_BAGS_CERTIFIED,1600,bags
2026-05-13,,Arabica,Colombia,ANT,TOTAL_BAGS_CERTIFIED,25,bags
2026-05-13,,Arabica,El Salvador,ANT,TOTAL_BAGS_CERTIFIED,6471,bags
2026-05-13,,Arabica,Guatemala,ANT,TOTAL_BAGS_CERTIFIED,2750,bags
2026-05-13,,Arabica,Honduras,ANT,TOTAL_BAGS_CERTIFIED,43888,bags
2026-05-13,,Arabica,India,ANT,TOTAL_BAGS_CERTIFIED,13416,bags
2026-05-13,,Arabica,Kenya,ANT,TOTAL_BAGS_CERTIFIED,10014,bags
2026-05-13,,Arabica,Mexico,ANT,TOTAL_BAGS_CERTIFIED,43043,bags
2026-05-13,,Arabica,Nicaragua,ANT,TOTAL_BAGS_CERTIFIED,49885,bags
2026-05-13,,Arabica,Papua New Guinea,ANT,TOTAL_BAGS_CERTIFIED,5233,bags
2026-05-13,,Arabica,Peru,ANT,TOTAL_BAGS_CERTIFIED,58911,bags
2026-05-13,,Arabica,Rwanda,ANT,TOTAL_BAGS_CERTIFIED,18010,bags
2026-05-13,,Arabica,Tanzania,ANT,TOTAL_BAGS_CERTIFIED,14128,bags
2026-05-13,,Arabica,Uganda,ANT,TOTAL_BAGS_CERTIFIED,41495,bags
2026-05-13,,Arabica,Burundi,HA/BR,TOTAL_BAGS_CERTIFIED,570,bags
2026-05-13,,Arabica,Honduras,HA/BR,TOTAL_BAGS_CERTIFIED,1050,bags
2026-05-13,,Arabica,India,HA/BR,TOTAL_BAGS_CERTIFIED,2349,bags
2026-05-13,,Arabica,Kenya,HA/BR,TOTAL_BAGS_CERTIFIED,1333,bags
2026-05-13,,Arabica,Papua New Guinea,HA/BR,TOTAL_BAGS_CERTIFIED,10365,bags
2026-05-13,,Arabica,Peru,HA/BR,TOTAL_BAGS_CERTIFIED,745,bags
2026-05-13,,Arabica,Tanzania,HA/BR,TOTAL_BAGS_CERTIFIED,1830,bags
2026-05-13,,Arabica,Uganda,HA/BR,TOTAL_BAGS_CERTIFIED,320,bags
2026-05-13,,Arabica,Venezuela,HA/BR,TOTAL_BAGS_CERTIFIED,3000,bags
2026-05-13,,Arabica,Guatemala,HOU,TOTAL_BAGS_CERTIFIED,2200,bags
2026-05-13,,Arabica,Honduras,HOU,TOTAL_BAGS_CERTIFIED,62269,bags
2026-05-13,,Arabica,Nicaragua,HOU,TOTAL_BAGS_CERTIFIED,3050,bags
2026-05-13,,Arabica,Honduras,MIAMI,TOTAL_BAGS_CERTIFIED,7448,bags
2026-05-13,,Arabica,India,MIAMI,TOTAL_BAGS_CERTIFIED,1030,bags
2026-05-13,,Arabica,Kenya,MIAMI,TOTAL_BAGS_CERTIFIED,710,bags
2026-05-13,,Arabica,Peru,MIAMI,TOTAL_BAGS_CERTIFIED,3500,bags
2026-05-13,,Arabica,Venezuela,MIAMI,TOTAL_BAGS_CERTIFIED,4250,bags
2026-05-13,,Arabica,Colombia,NOLA,TOTAL_BAGS_CERTIFIED,225,bags
2026-05-13,,Arabica,Honduras,NOLA,TOTAL_BAGS_CERTIFIED,17867,bags
2026-05-13,,Arabica,Mexico,NOLA,TOTAL_BAGS_CERTIFIED,11550,bags
2026-05-13,,Arabica,Venezuela,NOLA,TOTAL_BAGS_CERTIFIED,250,bags
2026-05-13,,Arabica,Honduras,NY,TOTAL_BAGS_CERTIFIED,35,bags
2026-05-13,,Arabica,Mexico,NY,TOTAL_BAGS_CERTIFIED,8127,bags
2026-05-13,,Arabica,Nicaragua,NY,TOTAL_BAGS_CERTIFIED,1375,bags
2026-05-13,,Arabica,Papua New Guinea,NY,TOTAL_BAGS_CERTIFIED,425,bags
2026-05-13,,Arabica,Peru,NY,TOTAL_BAGS_CERTIFIED,98,bags
2026-05-13,,Arabica,Venezuela,NY,TOTAL_BAGS_CERTIFIED,2500,bags
2026-05-13,2026-05-12,Robusta,,ANT,NON_TENDERABLE,1,lots
2026-05-13,2026-05-12,Robusta,,ANT,VALID_CERTIFICATE,2153,lots
2026-05-13,2026-05-12,Robusta,,BAR,VALID_CERTIFICATE,11,lots
2026-05-13,2026-05-12,Robusta,,FEL,VALID_CERTIFICATE,36,lots
2026-05-13,2026-05-12,Robusta,,LON,VALID_CERTIFICATE,1442,lots
2026-05-14,,Arabica,Brazil,ANT,TOTAL_BAGS_CERTIFIED,14645,bags
2026-05-14,,Arabica,Burundi,ANT,TOTAL_BAGS_CERTIFIED,1600,bags
2026-05-14,,Arabica,Colombia,ANT,TOTAL_BAGS_CERTIFIED,25,bags
2026-05-14,,Arabica,El Salvador,ANT,TOTAL_BAGS_CERTIFIED,6471,bags
2026-05-14,,Arabica,Guatemala,ANT,TOTAL_BAGS_CERTIFIED,2750,bags
2026-05-14,,Arabica,Honduras,ANT,TOTAL_BAGS_CERTIFIED,43888,bags
2026-05-14,,Arabica,India,ANT,TOTAL_BAGS_CERTIFIED,13416,bags
2026-05-14,,Arabica,Kenya,ANT,TOTAL_BAGS_CERTIFIED,10014,bags
2026-05-14,,Arabica,Mexico,ANT,TOTAL_BAGS_CERTIFIED,43043,bags
2026-05-14,,Arabica,Nicaragua,ANT,TOTAL_BAGS_CERTIFIED,49885,bags
2026-05-14,,Arabica,Papua New Guinea,ANT,TOTAL_BAGS_CERTIFIED,5233,bags
2026-05-14,,Arabica,Peru,ANT,TOTAL_BAGS_CERTIFIED,58911,bags
2026-05-14,,Arabica,Rwanda,ANT,TOTAL_BAGS_CERTIFIED,18010,bags
2026-05-14,,Arabica,Tanzania,ANT,TOTAL_BAGS_CERTIFIED,14128,bags
2026-05-14,,Arabica,Uganda,ANT,TOTAL_BAGS_CERTIFIED,41495,bags
2026-05-14,,Arabica,Burundi,HA/BR,TOTAL_BAGS_CERTIFIED,570,bags
2026-05-14,,Arabica,Honduras,HA/BR,TOTAL_BAGS_CERTIFIED,1050,bags
2026-05-14,,Arabica,India,HA/BR,TOTAL_BAGS_CERTIFIED,2349,bags
2026-05-14,,Arabica,Kenya,HA/BR,TOTAL_BAGS_CERTIFIED,1333,bags
2026-05-14,,Arabica,Papua New Guinea,HA/BR,TOTAL_BAGS_CERTIFIED,10365,bags
2026-05-14,,Arabica,Peru,HA/BR,TOTAL_BAGS_CERTIFIED,745,bags
2026-05-14,,Arabica,Tanzania,HA/BR,TOTAL_BAGS_CERTIFIED,1830,bags
2026-05-14,,Arabica,Uganda,HA/BR,TOTAL_BAGS_CERTIFIED,320,bags
2026-05-14,,Arabica,Venezuela,HA/BR,TOTAL_BAGS_CERTIFIED,3000,bags
2026-05-14,,Arabica,Guatemala,HOU,TOTAL_BAGS_CERTIFIED,2200,bags
2026-05-14,,Arabica,Honduras,HOU,TOTAL_BAGS_CERTIFIED,62269,bags
2026-05-14,,Arabica,Nicaragua,HOU,TOTAL_BAGS_CERTIFIED,3050,bags
2026-05-14,,Arabica,Honduras,MIAMI,TOTAL_BAGS_CERTIFIED,7448,bags
2026-05-14,,Arabica,India,MIAMI,TOTAL_BAGS_CERTIFIED,1030,bags
2026-05-14,,Arabica,Kenya,MIAMI,TOTAL_BAGS_CERTIFIED,710,bags
2026-05-14,,Arabica,Peru,MIAMI,TOTAL_BAGS_CERTIFIED,3500,bags
2026-05-14,,Arabica,Venezuela,MIAMI,TOTAL_BAGS_CERTIFIED,4250,bags
2026-05-14,,Arabica,Colombia,NOLA,TOTAL_BAGS_CERTIFIED,225,bags
2026-05-14,,Arabica,Honduras,NOLA,TOTAL_BAGS_CERTIFIED,17867,bags
2026-05-14,,Arabica,Mexico,NOLA,TOTAL_BAGS_CERTIFIED,11550,bags
2026-05-14,,Arabica,Venezuela,NOLA,TOTAL_BAGS_CERTIFIED,250,bags
2026-05-14,,Arabica,Honduras,NY,TOTAL_BAGS_CERTIFIED,35,bags
2026-05-14,,Arabica,Mexico,NY,TOTAL_BAGS_CERTIFIED,8127,bags
2026-05-14,,Arabica,Nicaragua,NY,TOTAL_BAGS_CERTIFIED,1375,bags
2026-05-14,,Arabica,Papua New Guinea,NY,TOTAL_BAGS_CERTIFIED,425,bags
2026-05-14,,Arabica,Peru,NY,TOTAL_BAGS_CERTIFIED,98,bags
2026-05-14,,Arabica,Venezuela,NY,TOTAL_BAGS_CERTIFIED,2500,bags
2026-05-14,2026-05-13,Robusta,,ANT,NON_TENDERABLE,1,lots
2026-05-14,2026-05-13,Robusta,,ANT,VALID_CERTIFICATE,2131,lots
2026-05-14,2026-05-13,Robusta,,BAR,VALID_CERTIFICATE,9,lots
2026-05-14,2026-05-13,Robusta,,FEL,VALID_CERTIFICATE,36,lots
2026-05-14,2026-05-13,Robusta,,LON,VALID_CERTIFICATE,1422,lots
2026-05-15,,Arabica,Brazil,ANT,TOTAL_BAGS_CERTIFIED,12365,bags
2026-05-15,,Arabica,Burundi,ANT,TOTAL_BAGS_CERTIFIED,1453,bags
2026-05-15,,Arabica,Colombia,ANT,TOTAL_BAGS_CERTIFIED,25,bags
2026-05-15,,Arabica,El Salvador,ANT,TOTAL_BAGS_CERTIFIED,6471,bags
2026-05-15,,Arabica,Guatemala,ANT,TOTAL_BAGS_CERTIFIED,2750,bags
2026-05-15,,Arabica,Honduras,ANT,TOTAL_BAGS_CERTIFIED,43888,bags
2026-05-15,,Arabica,India,ANT,TOTAL_BAGS_CERTIFIED,13416,bags
2026-05-15,,Arabica,Kenya,ANT,TOTAL_BAGS_CERTIFIED,10014,bags
2026-05-15,,Arabica,Mexico,ANT,TOTAL_BAGS_CERTIFIED,42193,bags
2026-05-15,,Arabica,Nicaragua,ANT,TOTAL_BAGS_CERTIFIED,48725,bags
2026-05-15,,Arabica,Papua New Guinea,ANT,TOTAL_BAGS_CERTIFIED,5233,bags
2026-05-15,,Arabica,Peru,ANT,TOTAL_BAGS_CERTIFIED,58586,bags
2026-05-15,,Arabica,Rwanda,ANT,TOTAL_BAGS_CERTIFIED,18010,bags
2026-05-15,,Arabica,Tanzania,ANT,TOTAL_BAGS_CERTIFIED,14128,bags
2026-05-15,,Arabica,Uganda,ANT,TOTAL_BAGS_CERTIFIED,41211,bags
2026-05-15,,Arabica,Burundi,HA/BR,TOTAL_BAGS_CERTIFIED,285,bags
2026-05-15,,Arabica,Honduras,HA/BR,TOTAL_BAGS_CERTIFIED,1050,bags
2026-05-15,,Arabica,India,HA/BR,TOTAL_BAGS_CERTIFIED,2349,bags
2026-05-15,,Arabica,Kenya,HA/BR,TOTAL_BAGS_CERTIFIED,1333,bags
2026-05-15,,Arabica,Papua New Guinea,HA/BR,TOTAL_BAGS_CERTIFIED,10365,bags
2026-05-15,,Arabica,Peru,HA/BR,TOTAL_BAGS_CERTIFIED,496,bags
2026-05-15,,Arabica,Tanzania,HA/BR,TOTAL_BAGS_CERTIFIED,1830,bags
2026-05-15,,Arabica,Uganda,HA/BR,TOTAL_BAGS_CERTIFIED,320,bags
2026-05-15,,Arabica,Venezuela,HA/BR,TOTAL_BAGS_CERTIFIED,3000,bags
2026-05-15,,Arabica,Guatemala,HOU,TOTAL_BAGS_CERTIFIED,2200,bags
2026-05-15,,Arabica,Honduras,HOU,TOTAL_BAGS_CERTIFIED,62269,bags
2026-05-15,,Arabica,Nicaragua,HOU,TOTAL_BAGS_CERTIFIED,3050,bags
2026-05-15,,Arabica,Honduras,MIAMI,TOTAL_BAGS_CERTIFIED,7448,bags
2026-05-15,,Arabica,India,MIAMI,TOTAL_BAGS_CERTIFIED,1030,bags
2026-05-15,,Arabica,Kenya,MIAMI,TOTAL_BAGS_CERTIFIED,710,bags
2026-05-15,,Arabica,Peru,MIAMI,TOTAL_BAGS_CERTIFIED,3500,bags
2026-05-15,,Arabica,Venezuela,MIAMI,TOTAL_BAGS_CERTIFIED,4250,bags
2026-05-15,,Arabica,Colombia,NOLA,TOTAL_BAGS_CERTIFIED,225,bags
2026-05-15,,Arabica,Honduras,NOLA,TOTAL_BAGS_CERTIFIED,17867,bags
2026-05-15,,Arabica,Mexico,NOLA,TOTAL_BAGS_CERTIFIED,11550,bags
2026-05-15,,Arabica,Venezuela,NOLA,TOTAL_BAGS_CERTIFIED,250,bags
2026-05-15,,Arabica,Honduras,NY,TOTAL_BAGS_CERTIFIED,35,bags
2026-05-15,,Arabica,Mexico,NY,TOTAL_BAGS_CERTIFIED,8127,bags
2026-05-15,,Arabica,Nicaragua,NY,TOTAL_BAGS_CERTIFIED,1375,bags
2026-05-15,,Arabica,Papua New Guinea,NY,TOTAL_BAGS_CERTIFIED,425,bags
2026-05-15,,Arabica,Peru,NY,TOTAL_BAGS_CERTIFIED,98,bags
2026-05-15,,Arabica,Venezuela,NY,TOTAL_BAGS_CERTIFIED,2500,bags
2026-05-15,2026-05-14,Robusta,,ANT,NON_TENDERABLE,1,lots
2026-05-15,2026-05-14,Robusta,,ANT,VALID_CERTIFICATE,2184,lots
2026-05-15,2026-05-14,Robusta,,BAR,VALID_CERTIFICATE,9,lots
2026-05-15,2026-05-14,Robusta,,FEL,VALID_CERTIFICATE,36,lots
2026-05-15,2026-05-14,Robusta,,LON,VALID_CERTIFICATE,1402,lots
2026-05-18,,Arabica,Brazil,ANT,TOTAL_BAGS_CERTIFIED,12365,bags
2026-05-18,,Arabica,Burundi,ANT,TOTAL_BAGS_CERTIFIED,1453,bags
2026-05-18,,Arabica,Colombia,ANT,TOTAL_BAGS_CERTIFIED,25,bags
2026-05-18,,Arabica,El Salvador,ANT,TOTAL_BAGS_CERTIFIED,5168,bags
2026-05-18,,Arabica,Guatemala,ANT,TOTAL_BAGS_CERTIFIED,2750,bags
2026-05-18,,Arabica,Honduras,ANT,TOTAL_BAGS_CERTIFIED,43888,bags
2026-05-18,,Arabica,India,ANT,TOTAL_BAGS_CERTIFIED,13416,bags
2026-05-18,,Arabica,Kenya,ANT,TOTAL_BAGS_CERTIFIED,9614,bags
2026-05-18,,Arabica,Mexico,ANT,TOTAL_BAGS_CERTIFIED,42193,bags
2026-05-18,,Arabica,Nicaragua,ANT,TOTAL_BAGS_CERTIFIED,48450,bags
2026-05-18,,Arabica,Papua New Guinea,ANT,TOTAL_BAGS_CERTIFIED,5233,bags
2026-05-18,,Arabica,Peru,ANT,TOTAL_BAGS_CERTIFIED,58586,bags
2026-05-18,,Arabica,Rwanda,ANT,TOTAL_BAGS_CERTIFIED,18010,bags
2026-05-18,,Arabica,Tanzania,ANT,TOTAL_BAGS_CERTIFIED,14128,bags
2026-05-18,,Arabica,Uganda,ANT,TOTAL_BAGS_CERTIFIED,41211,bags
2026-05-18,,Arabica,Burundi,HA/BR,TOTAL_BAGS_CERTIFIED,285,bags
2026-05-18,,Arabica,Honduras,HA/BR,TOTAL_BAGS_CERTIFIED,1050,bags
2026-05-18,,Arabica,India,HA/BR,TOTAL_BAGS_CERTIFIED,2349,bags
2026-05-18,,Arabica,Kenya,HA/BR,TOTAL_BAGS_CERTIFIED,1333,bags
2026-05-18,,Arabica,Papua New Guinea,HA/BR,TOTAL_BAGS_CERTIFIED,10365,bags
2026-05-18,,Arabica,Peru,HA/BR,TOTAL_BAGS_CERTIFIED,496,bags
2026-05-18,,Arabica,Tanzania,HA/BR,TOTAL_BAGS_CERTIFIED,1830,bags
2026-05-18,,Arabica,Uganda,HA/BR,TOTAL_BAGS_CERTIFIED,320,bags
2026-05-18,,Arabica,Venezuela,HA/BR,TOTAL_BAGS_CERTIFIED,3000,bags
2026-05-18,,Arabica,Guatemala,HOU,TOTAL_BAGS_CERTIFIED,2200,bags
2026-05-18,,Arabica,Honduras,HOU,TOTAL_BAGS_CERTIFIED,62269,bags
2026-05-18,,Arabica,Nicaragua,HOU,TOTAL_BAGS_CERTIFIED,1400,bags
2026-05-18,,Arabica,Honduras,MIAMI,TOTAL_BAGS_CERTIFIED,7448,bags
2026-05-18,,Arabica,India,MIAMI,TOTAL_BAGS_CERTIFIED,1030,bags
2026-05-18,,Arabica,Kenya,MIAMI,TOTAL_BAGS_CERTIFIED,710,bags
2026-05-18,,Arabica,Peru,MIAMI,TOTAL_BAGS_CERTIFIED,3500,bags
2026-05-18,,Arabica,Venezuela,MIAMI,TOTAL_BAGS_CERTIFIED,4250,bags
2026-05-18,,Arabica,Colombia,NOLA,TOTAL_BAGS_CERTIFIED,225,bags
2026-05-18,,Arabica,Honduras,NOLA,TOTAL_BAGS_CERTIFIED,17867,bags
2026-05-18,,Arabica,Mexico,NOLA,TOTAL_BAGS_CERTIFIED,11550,bags
2026-05-18,,Arabica,Venezuela,NOLA,TOTAL_BAGS_CERTIFIED,250,bags
2026-05-18,,Arabica,Honduras,NY,TOTAL_BAGS_CERTIFIED,35,bags
2026-05-18,,Arabica,Mexico,NY,TOTAL_BAGS_CERTIFIED,8127,bags
2026-05-18,,Arabica,Nicaragua,NY,TOTAL_BAGS_CERTIFIED,1375,bags
2026-05-18,,Arabica,Papua New Guinea,NY,TOTAL_BAGS_CERTIFIED,425,bags
2026-05-18,,Arabica,Peru,NY,TOTAL_BAGS_CERTIFIED,98,bags
2026-05-18,,Arabica,Venezuela,NY,TOTAL_BAGS_CERTIFIED,2500,bags
2026-05-18,2026-05-17,Robusta,,ANT,NON_TENDERABLE,1,lots
2026-05-18,2026-05-17,Robusta,,ANT,VALID_CERTIFICATE,2231,lots
2026-05-18,2026-05-17,Robusta,,BAR,VALID_CERTIFICATE,9,lots
2026-05-18,2026-05-17,Robusta,,FEL,VALID_CERTIFICATE,34,lots
2026-05-18,2026-05-17,Robusta,,LON,VALID_CERTIFICATE,1386,lots
2026-05-19,,Arabica,Brazil,ANT,TOTAL_BAGS_CERTIFIED,12365,bags
2026-05-19,,Arabica,Burundi,ANT,TOTAL_BAGS_CERTIFIED,1453,bags
2026-05-19,,Arabica,Colombia,ANT,TOTAL_BAGS_CERTIFIED,25,bags
2026-05-19,,Arabica,El Salvador,ANT,TOTAL_BAGS_CERTIFIED,5168,bags
2026-05-19,,Arabica,Guatemala,ANT,TOTAL_BAGS_CERTIFIED,2750,bags
2026-05-19,,Arabica,Honduras,ANT,TOTAL_BAGS_CERTIFIED,43188,bags
2026-05-19,,Arabica,India,ANT,TOTAL_BAGS_CERTIFIED,14056,bags
2026-05-19,,Arabica,Kenya,ANT,TOTAL_BAGS_CERTIFIED,9294,bags
2026-05-19,,Arabica,Mexico,ANT,TOTAL_BAGS_CERTIFIED,41768,bags
2026-05-19,,Arabica,Nicaragua,ANT,TOTAL_BAGS_CERTIFIED,46211,bags
2026-05-19,,Arabica,Papua New Guinea,ANT,TOTAL_BAGS_CERTIFIED,5233,bags
2026-05-19,,Arabica,Peru,ANT,TOTAL_BAGS_CERTIFIED,57588,bags
2026-05-19,,Arabica,Rwanda,ANT,TOTAL_BAGS_CERTIFIED,18010,bags
2026-05-19,,Arabica,Tanzania,ANT,TOTAL_BAGS_CERTIFIED,14128,bags
2026-05-19,,Arabica,Uganda,ANT,TOTAL_BAGS_CERTIFIED,41211,bags
2026-05-19,,Arabica,Burundi,HA/BR,TOTAL_BAGS_CERTIFIED,285,bags
2026-05-19,,Arabica,Honduras,HA/BR,TOTAL_BAGS_CERTIFIED,1050,bags
2026-05-19,,Arabica,India,HA/BR,TOTAL_BAGS_CERTIFIED,2349,bags
2026-05-19,,Arabica,Kenya,HA/BR,TOTAL_BAGS_CERTIFIED,1333,bags
2026-05-19,,Arabica,Papua New Guinea,HA/BR,TOTAL_BAGS_CERTIFIED,10365,bags
2026-05-19,,Arabica,Peru,HA/BR,TOTAL_BAGS_CERTIFIED,496,bags
2026-05-19,,Arabica,Tanzania,HA/BR,TOTAL_BAGS_CERTIFIED,1830,bags
2026-05-19,,Arabica,Uganda,HA/BR,TOTAL_BAGS_CERTIFIED,320,bags
2026-05-19,,Arabica,Venezuela,HA/BR,TOTAL_BAGS_CERTIFIED,3000,bags
2026-05-19,,Arabica,Guatemala,HOU,TOTAL_BAGS_CERTIFIED,2200,bags
2026-05-19,,Arabica,Honduras,HOU,TOTAL_BAGS_CERTIFIED,62269,bags
2026-05-19,,Arabica,Nicaragua,HOU,TOTAL_BAGS_CERTIFIED,1400,bags
2026-05-19,,Arabica,Honduras,MIAMI,TOTAL_BAGS_CERTIFIED,7448,bags
2026-05-19,,Arabica,India,MIAMI,TOTAL_BAGS_CERTIFIED,1030,bags
2026-05-19,,Arabica,Kenya,MIAMI,TOTAL_BAGS_CERTIFIED,710,bags
2026-05-19,,Arabica,Peru,MIAMI,TOTAL_BAGS_CERTIFIED,3500,bags
2026-05-19,,Arabica,Venezuela,MIAMI,TOTAL_BAGS_CERTIFIED,4250,bags
2026-05-19,,Arabica,Colombia,NOLA,TOTAL_BAGS_CERTIFIED,225,bags
2026-05-19,,Arabica,Honduras,NOLA,TOTAL_BAGS_CERTIFIED,17867,bags
2026-05-19,,Arabica,Mexico,NOLA,TOTAL_BAGS_CERTIFIED,11550,bags
2026-05-19,,Arabica,Venezuela,NOLA,TOTAL_BAGS_CERTIFIED,250,bags
2026-05-19,,Arabica,Honduras,NY,TOTAL_BAGS_CERTIFIED,35,bags
2026-05-19,,Arabica,Mexico,NY,TOTAL_BAGS_CERTIFIED,8127,bags
2026-05-19,,Arabica,Nicaragua,NY,TOTAL_BAGS_CERTIFIED,1375,bags
2026-05-19,,Arabica,Papua New Guinea,NY,TOTAL_BAGS_CERTIFIED,425,bags
2026-05-19,,Arabica,Peru,NY,TOTAL_BAGS_CERTIFIED,98,bags
2026-05-19,,Arabica,Venezuela,NY,TOTAL_BAGS_CERTIFIED,2500,bags
2026-05-19,2026-05-18,Robusta,,ANT,NON_TENDERABLE,1,lots
2026-05-19,2026-05-18,Robusta,,ANT,VALID_CERTIFICATE,2229,lots
2026-05-19,2026-05-18,Robusta,,BAR,VALID_CERTIFICATE,9,lots
2026-05-19,2026-05-18,Robusta,,FEL,VALID_CERTIFICATE,34,lots
2026-05-19,2026-05-18,Robusta,,LON,VALID_CERTIFICATE,1430,lots
2026-05-20,,Arabica,Brazil,ANT,TOTAL_BAGS_CERTIFIED,11510,bags
2026-05-20,,Arabica,Burundi,ANT,TOTAL_BAGS_CERTIFIED,1453,bags
2026-05-20,,Arabica,Colombia,ANT,TOTAL_BAGS_CERTIFIED,25,bags
2026-05-20,,Arabica,El Salvador,ANT,TOTAL_BAGS_CERTIFIED,4343,bags
2026-05-20,,Arabica,Guatemala,ANT,TOTAL_BAGS_CERTIFIED,2750,bags
2026-05-20,,Arabica,Honduras,ANT,TOTAL_BAGS_CERTIFIED,42688,bags
2026-05-20,,Arabica,India,ANT,TOTAL_BAGS_CERTIFIED,14056,bags
2026-05-20,,Arabica,Kenya,ANT,TOTAL_BAGS_CERTIFIED,9294,bags
2026-05-20,,Arabica,Mexico,ANT,TOTAL_BAGS_CERTIFIED,41768,bags
2026-05-20,,Arabica,Nicaragua,ANT,TOTAL_BAGS_CERTIFIED,46211,bags
2026-05-20,,Arabica,Papua New Guinea,ANT,TOTAL_BAGS_CERTIFIED,5233,bags
2026-05-20,,Arabica,Peru,ANT,TOTAL_BAGS_CERTIFIED,57588,bags
2026-05-20,,Arabica,Rwanda,ANT,TOTAL_BAGS_CERTIFIED,18010,bags
2026-05-20,,Arabica,Tanzania,ANT,TOTAL_BAGS_CERTIFIED,14128,bags
2026-05-20,,Arabica,Uganda,ANT,TOTAL_BAGS_CERTIFIED,41146,bags
2026-05-20,,Arabica,Burundi,HA/BR,TOTAL_BAGS_CERTIFIED,285,bags
2026-05-20,,Arabica,Honduras,HA/BR,TOTAL_BAGS_CERTIFIED,1050,bags
2026-05-20,,Arabica,India,HA/BR,TOTAL_BAGS_CERTIFIED,2349,bags
2026-05-20,,Arabica,Kenya,HA/BR,TOTAL_BAGS_CERTIFIED,1333,bags
2026-05-20,,Arabica,Papua New Guinea,HA/BR,TOTAL_BAGS_CERTIFIED,10365,bags
2026-05-20,,Arabica,Peru,HA/BR,TOTAL_BAGS_CERTIFIED,496,bags
2026-05-20,,Arabica,Tanzania,HA/BR,TOTAL_BAGS_CERTIFIED,1830,bags
2026-05-20,,Arabica,Uganda,HA/BR,TOTAL_BAGS_CERTIFIED,320,bags
2026-05-20,,Arabica,Venezuela,HA/BR,TOTAL_BAGS_CERTIFIED,3000,bags
2026-05-20,,Arabica,Guatemala,HOU,TOTAL_BAGS_CERTIFIED,2200,bags
2026-05-20,,Arabica,Honduras,HOU,TOTAL_BAGS_CERTIFIED,62269,bags
2026-05-20,,Arabica,Nicaragua,HOU,TOTAL_BAGS_CERTIFIED,1372,bags
2026-05-20,,Arabica,Honduras,MIAMI,TOTAL_BAGS_CERTIFIED,7448,bags
2026-05-20,,Arabica,India,MIAMI,TOTAL_BAGS_CERTIFIED,1030,bags
2026-05-20,,Arabica,Kenya,MIAMI,TOTAL_BAGS_CERTIFIED,710,bags
2026-05-20,,Arabica,Peru,MIAMI,TOTAL_BAGS_CERTIFIED,3500,bags
2026-05-20,,Arabica,Venezuela,MIAMI,TOTAL_BAGS_CERTIFIED,4250,bags
2026-05-20,,Arabica,Colombia,NOLA,TOTAL_BAGS_CERTIFIED,225,bags
2026-05-20,,Arabica,Honduras,NOLA,TOTAL_BAGS_CERTIFIED,17867,bags
2026-05-20,,Arabica,Mexico,NOLA,TOTAL_BAGS_CERTIFIED,11550,bags
2026-05-20,,Arabica,Venezuela,NOLA,TOTAL_BAGS_CERTIFIED,250,bags
2026-05-20,,Arabica,Honduras,NY,TOTAL_BAGS_CERTIFIED,35,bags
2026-05-20,,Arabica,Mexico,NY,TOTAL_BAGS_CERTIFIED,8127,bags
2026-05-20,,Arabica,Nicaragua,NY,TOTAL_BAGS_CERTIFIED,1375,bags
2026-05-20,,Arabica,Papua New Guinea,NY,TOTAL_BAGS_CERTIFIED,425,bags
2026-05-20,,Arabica,Peru,NY,TOTAL_BAGS_CERTIFIED,98,bags
2026-05-20,,Arabica,Venezuela,NY,TOTAL_BAGS_CERTIFIED,2500,bags
2026-05-20,2026-05-19,Robusta,,ANT,NON_TENDERABLE,1,lots
2026-05-20,2026-05-19,Robusta,,ANT,VALID_CERTIFICATE,2222,lots
2026-05-20,2026-05-19,Robusta,,BAR,VALID_CERTIFICATE,9,lots
2026-05-20,2026-05-19,Robusta,,FEL,VALID_CERTIFICATE,34,lots
2026-05-20,2026-05-19,Robusta,,LON,VALID_CERTIFICATE,1580,lots
2026-05-21,,Arabica,Brazil,ANT,TOTAL_BAGS_CERTIFIED,11510,bags
2026-05-21,,Arabica,Burundi,ANT,TOTAL_BAGS_CERTIFIED,1453,bags
2026-05-21,,Arabica,Colombia,ANT,TOTAL_BAGS_CERTIFIED,25,bags
2026-05-21,,Arabica,El Salvador,ANT,TOTAL_BAGS_CERTIFIED,4343,bags
2026-05-21,,Arabica,Guatemala,ANT,TOTAL_BAGS_CERTIFIED,2750,bags
2026-05-21,,Arabica,Honduras,ANT,TOTAL_BAGS_CERTIFIED,41638,bags
2026-05-21,,Arabica,India,ANT,TOTAL_BAGS_CERTIFIED,14056,bags
2026-05-21,,Arabica,Kenya,ANT,TOTAL_BAGS_CERTIFIED,9294,bags
2026-05-21,,Arabica,Mexico,ANT,TOTAL_BAGS_CERTIFIED,41768,bags
2026-05-21,,Arabica,Nicaragua,ANT,TOTAL_BAGS_CERTIFIED,45737,bags
2026-05-21,,Arabica,Papua New Guinea,ANT,TOTAL_BAGS_CERTIFIED,5233,bags
2026-05-21,,Arabica,Peru,ANT,TOTAL_BAGS_CERTIFIED,57588,bags
2026-05-21,,Arabica,Rwanda,ANT,TOTAL_BAGS_CERTIFIED,18010,bags
2026-05-21,,Arabica,Tanzania,ANT,TOTAL_BAGS_CERTIFIED,14128,bags
2026-05-21,,Arabica,Uganda,ANT,TOTAL_BAGS_CERTIFIED,41146,bags
2026-05-21,,Arabica,Burundi,HA/BR,TOTAL_BAGS_CERTIFIED,285,bags
2026-05-21,,Arabica,Honduras,HA/BR,TOTAL_BAGS_CERTIFIED,1050,bags
2026-05-21,,Arabica,India,HA/BR,TOTAL_BAGS_CERTIFIED,2349,bags
2026-05-21,,Arabica,Kenya,HA/BR,TOTAL_BAGS_CERTIFIED,1333,bags
2026-05-21,,Arabica,Papua New Guinea,HA/BR,TOTAL_BAGS_CERTIFIED,10365,bags
2026-05-21,,Arabica,Peru,HA/BR,TOTAL_BAGS_CERTIFIED,496,bags
2026-05-21,,Arabica,Tanzania,HA/BR,TOTAL_BAGS_CERTIFIED,1830,bags
2026-05-21,,Arabica,Uganda,HA/BR,TOTAL_BAGS_CERTIFIED,320,bags
2026-05-21,,Arabica,Venezuela,HA/BR,TOTAL_BAGS_CERTIFIED,3000,bags
2026-05-21,,Arabica,Guatemala,HOU,TOTAL_BAGS_CERTIFIED,2200,bags
2026-05-21,,Arabica,Honduras,HOU,TOTAL_BAGS_CERTIFIED,60219,bags
2026-05-21,,Arabica,Nicaragua,HOU,TOTAL_BAGS_CERTIFIED,1372,bags
2026-05-21,,Arabica,Honduras,MIAMI,TOTAL_BAGS_CERTIFIED,7246,bags
2026-05-21,,Arabica,India,MIAMI,TOTAL_BAGS_CERTIFIED,1030,bags
2026-05-21,,Arabica,Kenya,MIAMI,TOTAL_BAGS_CERTIFIED,710,bags
2026-05-21,,Arabica,Peru,MIAMI,TOTAL_BAGS_CERTIFIED,3500,bags
2026-05-21,,Arabica,Venezuela,MIAMI,TOTAL_BAGS_CERTIFIED,4250,bags
2026-05-21,,Arabica,Colombia,NOLA,TOTAL_BAGS_CERTIFIED,225,bags
2026-05-21,,Arabica,Honduras,NOLA,TOTAL_BAGS_CERTIFIED,16492,bags
2026-05-21,,Arabica,Mexico,NOLA,TOTAL_BAGS_CERTIFIED,11550,bags
2026-05-21,,Arabica,Venezuela,NOLA,TOTAL_BAGS_CERTIFIED,250,bags
2026-05-21,,Arabica,Honduras,NY,TOTAL_BAGS_CERTIFIED,35,bags
2026-05-21,,Arabica,Mexico,NY,TOTAL_BAGS_CERTIFIED,8041,bags
2026-05-21,,Arabica,Nicaragua,NY,TOTAL_BAGS_CERTIFIED,1375,bags
2026-05-21,,Arabica,Papua New Guinea,NY,TOTAL_BAGS_CERTIFIED,425,bags
2026-05-21,,Arabica,Peru,NY,TOTAL_BAGS_CERTIFIED,98,bags
2026-05-21,,Arabica,Venezuela,NY,TOTAL_BAGS_CERTIFIED,2500,bags
2026-05-21,2026-05-20,Robusta,,ANT,NON_TENDERABLE,1,lots
2026-05-21,2026-05-20,Robusta,,ANT,VALID_CERTIFICATE,2214,lots
2026-05-21,2026-05-20,Robusta,,BAR,VALID_CERTIFICATE,9,lots
2026-05-21,2026-05-20,Robusta,,FEL,VALID_CERTIFICATE,34,lots
2026-05-21,2026-05-20,Robusta,,LON,VALID_CERTIFICATE,1667,lots
2026-05-22,,Arabica,Brazil,ANT,TOTAL_BAGS_CERTIFIED,11387,bags
2026-05-22,,Arabica,Burundi,ANT,TOTAL_BAGS_CERTIFIED,1453,bags
2026-05-22,,Arabica,Colombia,ANT,TOTAL_BAGS_CERTIFIED,25,bags
2026-05-22,,Arabica,El Salvador,ANT,TOTAL_BAGS_CERTIFIED,4343,bags
2026-05-22,,Arabica,Guatemala,ANT,TOTAL_BAGS_CERTIFIED,2750,bags
2026-05-22,,Arabica,Honduras,ANT,TOTAL_BAGS_CERTIFIED,40388,bags
2026-05-22,,Arabica,India,ANT,TOTAL_BAGS_CERTIFIED,14056,bags
2026-05-22,,Arabica,Kenya,ANT,TOTAL_BAGS_CERTIFIED,9294,bags
2026-05-22,,Arabica,Mexico,ANT,TOTAL_BAGS_CERTIFIED,41768,bags
2026-05-22,,Arabica,Nicaragua,ANT,TOTAL_BAGS_CERTIFIED,45737,bags
2026-05-22,,Arabica,Papua New Guinea,ANT,TOTAL_BAGS_CERTIFIED,5233,bags
2026-05-22,,Arabica,Peru,ANT,TOTAL_BAGS_CERTIFIED,57588,bags
2026-05-22,,Arabica,Rwanda,ANT,TOTAL_BAGS_CERTIFIED,18010,bags
2026-05-22,,Arabica,Tanzania,ANT,TOTAL_BAGS_CERTIFIED,14128,bags
2026-05-22,,Arabica,Uganda,ANT,TOTAL_BAGS_CERTIFIED,41146,bags
2026-05-22,,Arabica,Burundi,HA/BR,TOTAL_BAGS_CERTIFIED,285,bags
2026-05-22,,Arabica,Honduras,HA/BR,TOTAL_BAGS_CERTIFIED,1050,bags
2026-05-22,,Arabica,India,HA/BR,TOTAL_BAGS_CERTIFIED,2349,bags
2026-05-22,,Arabica,Kenya,HA/BR,TOTAL_BAGS_CERTIFIED,1333,bags
2026-05-22,,Arabica,Papua New Guinea,HA/BR,TOTAL_BAGS_CERTIFIED,10365,bags
2026-05-22,,Arabica,Peru,HA/BR,TOTAL_BAGS_CERTIFIED,496,bags
2026-05-22,,Arabica,Tanzania,HA/BR,TOTAL_BAGS_CERTIFIED,1830,bags
2026-05-22,,Arabica,Uganda,HA/BR,TOTAL_BAGS_CERTIFIED,320,bags
2026-05-22,,Arabica,Venezuela,HA/BR,TOTAL_BAGS_CERTIFIED,3000,bags
2026-05-22,,Arabica,Guatemala,HOU,TOTAL_BAGS_CERTIFIED,2200,bags
2026-05-22,,Arabica,Honduras,HOU,TOTAL_BAGS_CERTIFIED,59934,bags
2026-05-22,,Arabica,Nicaragua,HOU,TOTAL_BAGS_CERTIFIED,1372,bags
2026-05-22,,Arabica,Honduras,MIAMI,TOTAL_BAGS_CERTIFIED,7246,bags
2026-05-22,,Arabica,India,MIAMI,TOTAL_BAGS_CERTIFIED,1030,bags
2026-05-22,,Arabica,Kenya,MIAMI,TOTAL_BAGS_CERTIFIED,710,bags
2026-05-22,,Arabica,Peru,MIAMI,TOTAL_BAGS_CERTIFIED,3500,bags
2026-05-22,,Arabica,Venezuela,MIAMI,TOTAL_BAGS_CERTIFIED,4250,bags
2026-05-22,,Arabica,Colombia,NOLA,TOTAL_BAGS_CERTIFIED,225,bags
2026-05-22,,Arabica,Honduras,NOLA,TOTAL_BAGS_CERTIFIED,16492,bags
2026-05-22,,Arabica,Mexico,NOLA,TOTAL_BAGS_CERTIFIED,11550,bags
2026-05-22,,Arabica,Venezuela,NOLA,TOTAL_BAGS_CERTIFIED,250,bags
2026-05-22,,Arabica,Honduras,NY,TOTAL_BAGS_CERTIFIED,35,bags
2026-05-22,,Arabica,Mexico,NY,TOTAL_BAGS_CERTIFIED,8041,bags
2026-05-22,,Arabica,Nicaragua,NY,TOTAL_BAGS_CERTIFIED,1375,bags
2026-05-22,,Arabica,Papua New Guinea,NY,TOTAL_BAGS_CERTIFIED,425,bags
2026-05-22,,Arabica,Peru,NY,TOTAL_BAGS_CERTIFIED,98,bags
2026-05-22,,Arabica,Venezuela,NY,TOTAL_BAGS_CERTIFIED,2500,bags
2026-05-22,2026-05-21,Robusta,,ANT,NON_TENDERABLE,1,lots
2026-05-22,2026-05-21,Robusta,,ANT,VALID_CERTIFICATE,2121,lots
2026-05-22,2026-05-21,Robusta,,BAR,VALID_CERTIFICATE,9,lots
2026-05-22,2026-05-21,Robusta,,FEL,VALID_CERTIFICATE,34,lots
2026-05-22,2026-05-21,Robusta,,LON,VALID_CERTIFICATE,1804,lots
2026-05-26,,Arabica,Brazil,ANT,TOTAL_BAGS_CERTIFIED,11387,bags
2026-05-26,,Arabica,Burundi,ANT,TOTAL_BAGS_CERTIFIED,1453,bags
2026-05-26,,Arabica,Colombia,ANT,TOTAL_BAGS_CERTIFIED,25,bags
2026-05-26,,Arabica,El Salvador,ANT,TOTAL_BAGS_CERTIFIED,4343,bags
2026-05-26,,Arabica,Guatemala,ANT,TOTAL_BAGS_CERTIFIED,2750,bags
2026-05-26,,Arabica,Honduras,ANT,TOTAL_BAGS_CERTIFIED,40388,bags
2026-05-26,,Arabica,India,ANT,TOTAL_BAGS_CERTIFIED,14056,bags
2026-05-26,,Arabica,Kenya,ANT,TOTAL_BAGS_CERTIFIED,9294,bags
2026-05-26,,Arabica,Mexico,ANT,TOTAL_BAGS_CERTIFIED,41768,bags
2026-05-26,,Arabica,Nicaragua,ANT,TOTAL_BAGS_CERTIFIED,43261,bags
2026-05-26,,Arabica,Papua New Guinea,ANT,TOTAL_BAGS_CERTIFIED,5233,bags
2026-05-26,,Arabica,Peru,ANT,TOTAL_BAGS_CERTIFIED,57313,bags
2026-05-26,,Arabica,Rwanda,ANT,TOTAL_BAGS_CERTIFIED,18010,bags
2026-05-26,,Arabica,Tanzania,ANT,TOTAL_BAGS_CERTIFIED,14128,bags
2026-05-26,,Arabica,Uganda,ANT,TOTAL_BAGS_CERTIFIED,41146,bags
2026-05-26,,Arabica,Burundi,HA/BR,TOTAL_BAGS_CERTIFIED,285,bags
2026-05-26,,Arabica,Honduras,HA/BR,TOTAL_BAGS_CERTIFIED,1050,bags
2026-05-26,,Arabica,India,HA/BR,TOTAL_BAGS_CERTIFIED,2349,bags
2026-05-26,,Arabica,Kenya,HA/BR,TOTAL_BAGS_CERTIFIED,1333,bags
2026-05-26,,Arabica,Papua New Guinea,HA/BR,TOTAL_BAGS_CERTIFIED,10365,bags
2026-05-26,,Arabica,Peru,HA/BR,TOTAL_BAGS_CERTIFIED,496,bags
2026-05-26,,Arabica,Tanzania,HA/BR,TOTAL_BAGS_CERTIFIED,1830,bags
2026-05-26,,Arabica,Uganda,HA/BR,TOTAL_BAGS_CERTIFIED,320,bags
2026-05-26,,Arabica,Venezuela,HA/BR,TOTAL_BAGS_CERTIFIED,3000,bags
2026-05-26,,Arabica,Guatemala,HOU,TOTAL_BAGS_CERTIFIED,2200,bags
2026-05-26,,Arabica,Honduras,HOU,TOTAL_BAGS_CERTIFIED,59934,bags
2026-05-26,,Arabica,Nicaragua,HOU,TOTAL_BAGS_CERTIFIED,1372,bags
2026-05-26,,Arabica,Honduras,MIAMI,TOTAL_BAGS_CERTIFIED,7246,bags
2026-05-26,,Arabica,India,MIAMI,TOTAL_BAGS_CERTIFIED,1030,bags
2026-05-26,,Arabica,Kenya,MIAMI,TOTAL_BAGS_CERTIFIED,710,bags
2026-05-26,,Arabica,Peru,MIAMI,TOTAL_BAGS_CERTIFIED,3500,bags
2026-05-26,,Arabica,Venezuela,MIAMI,TOTAL_BAGS_CERTIFIED,4250,bags
2026-05-26,,Arabica,Colombia,NOLA,TOTAL_BAGS_CERTIFIED,225,bags
2026-05-26,,Arabica,Honduras,NOLA,TOTAL_BAGS_CERTIFIED,16492,bags
2026-05-26,,Arabica,Mexico,NOLA,TOTAL_BAGS_CERTIFIED,11550,bags
2026-05-26,,Arabica,Venezuela,NOLA,TOTAL_BAGS_CERTIFIED,250,bags
2026-05-26,,Arabica,Honduras,NY,TOTAL_BAGS_CERTIFIED,35,bags
2026-05-26,,Arabica,Mexico,NY,TOTAL_BAGS_CERTIFIED,8041,bags
2026-05-26,,Arabica,Nicaragua,NY,TOTAL_BAGS_CERTIFIED,1375,bags
2026-05-26,,Arabica,Papua New Guinea,NY,TOTAL_BAGS_CERTIFIED,425,bags
2026-05-26,,Arabica,Peru,NY,TOTAL_BAGS_CERTIFIED,98,bags
2026-05-26,,Arabica,Venezuela,NY,TOTAL_BAGS_CERTIFIED,2500,bags
2026-05-26,2026-05-25,Robusta,,ANT,NON_TENDERABLE,1,lots
2026-05-26,2026-05-25,Robusta,,ANT,VALID_CERTIFICATE,2114,lots
2026-05-26,2026-05-25,Robusta,,BAR,VALID_CERTIFICATE,9,lots
2026-05-26,2026-05-25,Robusta,,FEL,VALID_CERTIFICATE,34,lots
2026-05-26,2026-05-25,Robusta,,LON,VALID_CERTIFICATE,1784,lots
2026-05-27,,Arabica,Brazil,ANT,TOTAL_BAGS_CERTIFIED,11387,bags
2026-05-27,,Arabica,Burundi,ANT,TOTAL_BAGS_CERTIFIED,1453,bags
2026-05-27,,Arabica,Colombia,ANT,TOTAL_BAGS_CERTIFIED,25,bags
2026-05-27,,Arabica,El Salvador,ANT,TOTAL_BAGS_CERTIFIED,4343,bags
2026-05-27,,Arabica,Guatemala,ANT,TOTAL_BAGS_CERTIFIED,2750,bags
2026-05-27,,Arabica,Honduras,ANT,TOTAL_BAGS_CERTIFIED,38099,bags
2026-05-27,,Arabica,India,ANT,TOTAL_BAGS_CERTIFIED,13724,bags
2026-05-27,,Arabica,Kenya,ANT,TOTAL_BAGS_CERTIFIED,9294,bags
2026-05-27,,Arabica,Mexico,ANT,TOTAL_BAGS_CERTIFIED,41768,bags
2026-05-27,,Arabica,Nicaragua,ANT,TOTAL_BAGS_CERTIFIED,43174,bags
2026-05-27,,Arabica,Papua New Guinea,ANT,TOTAL_BAGS_CERTIFIED,5233,bags
2026-05-27,,Arabica,Peru,ANT,TOTAL_BAGS_CERTIFIED,57313,bags
2026-05-27,,Arabica,Rwanda,ANT,TOTAL_BAGS_CERTIFIED,18010,bags
2026-05-27,,Arabica,Tanzania,ANT,TOTAL_BAGS_CERTIFIED,14128,bags
2026-05-27,,Arabica,Uganda,ANT,TOTAL_BAGS_CERTIFIED,41146,bags
2026-05-27,,Arabica,Burundi,HA/BR,TOTAL_BAGS_CERTIFIED,285,bags
2026-05-27,,Arabica,Honduras,HA/BR,TOTAL_BAGS_CERTIFIED,1050,bags
2026-05-27,,Arabica,India,HA/BR,TOTAL_BAGS_CERTIFIED,2349,bags
2026-05-27,,Arabica,Kenya,HA/BR,TOTAL_BAGS_CERTIFIED,1333,bags
2026-05-27,,Arabica,Papua New Guinea,HA/BR,TOTAL_BAGS_CERTIFIED,10365,bags
2026-05-27,,Arabica,Peru,HA/BR,TOTAL_BAGS_CERTIFIED,496,bags
2026-05-27,,Arabica,Tanzania,HA/BR,TOTAL_BAGS_CERTIFIED,1830,bags
2026-05-27,,Arabica,Uganda,HA/BR,TOTAL_BAGS_CERTIFIED,320,bags
2026-05-27,,Arabica,Venezuela,HA/BR,TOTAL_BAGS_CERTIFIED,3000,bags
2026-05-27,,Arabica,Guatemala,HOU,TOTAL_BAGS_CERTIFIED,2200,bags
2026-05-27,,Arabica,Honduras,HOU,TOTAL_BAGS_CERTIFIED,59934,bags
2026-05-27,,Arabica,Nicaragua,HOU,TOTAL_BAGS_CERTIFIED,1372,bags
2026-05-27,,Arabica,Honduras,MIAMI,TOTAL_BAGS_CERTIFIED,7246,bags
2026-05-27,,Arabica,India,MIAMI,TOTAL_BAGS_CERTIFIED,1030,bags
2026-05-27,,Arabica,Kenya,MIAMI,TOTAL_BAGS_CERTIFIED,710,bags
2026-05-27,,Arabica,Peru,MIAMI,TOTAL_BAGS_CERTIFIED,3500,bags
2026-05-27,,Arabica,Venezuela,MIAMI,TOTAL_BAGS_CERTIFIED,4250,bags
2026-05-27,,Arabica,Colombia,NOLA,TOTAL_BAGS_CERTIFIED,225,bags
2026-05-27,,Arabica,Honduras,NOLA,TOTAL_BAGS_CERTIFIED,15992,bags
2026-05-27,,Arabica,Mexico,NOLA,TOTAL_BAGS_CERTIFIED,11550,bags
2026-05-27,,Arabica,Venezuela,NOLA,TOTAL_BAGS_CERTIFIED,250,bags
2026-05-27,,Arabica,Honduras,NY,TOTAL_BAGS_CERTIFIED,35,bags
2026-05-27,,Arabica,Mexico,NY,TOTAL_BAGS_CERTIFIED,8041,bags
2026-05-27,,Arabica,Nicaragua,NY,TOTAL_BAGS_CERTIFIED,1375,bags
2026-05-27,,Arabica,Papua New Guinea,NY,TOTAL_BAGS_CERTIFIED,425,bags
2026-05-27,,Arabica,Peru,NY,TOTAL_BAGS_CERTIFIED,98,bags
2026-05-27,,Arabica,Venezuela,NY,TOTAL_BAGS_CERTIFIED,2500,bags
2026-05-27,2026-05-26,Robusta,,ANT,NON_TENDERABLE,1,lots
2026-05-27,2026-05-26,Robusta,,ANT,VALID_CERTIFICATE,2114,lots
2026-05-27,2026-05-26,Robusta,,BAR,VALID_CERTIFICATE,9,lots
2026-05-27,2026-05-26,Robusta,,FEL,VALID_CERTIFICATE,34,lots
2026-05-27,2026-05-26,Robusta,,LON,VALID_CERTIFICATE,1764,lots
2026-05-28,,Arabica,Brazil,ANT,TOTAL_BAGS_CERTIFIED,10740,bags
2026-05-28,,Arabica,Burundi,ANT,TOTAL_BAGS_CERTIFIED,1453,bags
2026-05-28,,Arabica,Colombia,ANT,TOTAL_BAGS_CERTIFIED,25,bags
2026-05-28,,Arabica,El Salvador,ANT,TOTAL_BAGS_CERTIFIED,4343,bags
2026-05-28,,Arabica,Guatemala,ANT,TOTAL_BAGS_CERTIFIED,2200,bags
2026-05-28,,Arabica,Honduras,ANT,TOTAL_BAGS_CERTIFIED,38099,bags
2026-05-28,,Arabica,India,ANT,TOTAL_BAGS_CERTIFIED,13724,bags
2026-05-28,,Arabica,Kenya,ANT,TOTAL_BAGS_CERTIFIED,9294,bags
2026-05-28,,Arabica,Mexico,ANT,TOTAL_BAGS_CERTIFIED,41768,bags
2026-05-28,,Arabica,Nicaragua,ANT,TOTAL_BAGS_CERTIFIED,42795,bags
2026-05-28,,Arabica,Papua New Guinea,ANT,TOTAL_BAGS_CERTIFIED,5233,bags
2026-05-28,,Arabica,Peru,ANT,TOTAL_BAGS_CERTIFIED,57313,bags
2026-05-28,,Arabica,Rwanda,ANT,TOTAL_BAGS_CERTIFIED,18010,bags
2026-05-28,,Arabica,Tanzania,ANT,TOTAL_BAGS_CERTIFIED,14128,bags
2026-05-28,,Arabica,Uganda,ANT,TOTAL_BAGS_CERTIFIED,41146,bags
2026-05-28,,Arabica,Burundi,HA/BR,TOTAL_BAGS_CERTIFIED,285,bags
2026-05-28,,Arabica,Honduras,HA/BR,TOTAL_BAGS_CERTIFIED,1050,bags
2026-05-28,,Arabica,India,HA/BR,TOTAL_BAGS_CERTIFIED,2349,bags
2026-05-28,,Arabica,Kenya,HA/BR,TOTAL_BAGS_CERTIFIED,1333,bags
2026-05-28,,Arabica,Papua New Guinea,HA/BR,TOTAL_BAGS_CERTIFIED,10365,bags
2026-05-28,,Arabica,Peru,HA/BR,TOTAL_BAGS_CERTIFIED,496,bags
2026-05-28,,Arabica,Tanzania,HA/BR,TOTAL_BAGS_CERTIFIED,1830,bags
2026-05-28,,Arabica,Uganda,HA/BR,TOTAL_BAGS_CERTIFIED,320,bags
2026-05-28,,Arabica,Venezuela,HA/BR,TOTAL_BAGS_CERTIFIED,3000,bags
2026-05-28,,Arabica,Guatemala,HOU,TOTAL_BAGS_CERTIFIED,2200,bags
2026-05-28,,Arabica,Honduras,HOU,TOTAL_BAGS_CERTIFIED,59434,bags
2026-05-28,,Arabica,Nicaragua,HOU,TOTAL_BAGS_CERTIFIED,1125,bags
2026-05-28,,Arabica,Honduras,MIAMI,TOTAL_BAGS_CERTIFIED,7246,bags
2026-05-28,,Arabica,India,MIAMI,TOTAL_BAGS_CERTIFIED,1030,bags
2026-05-28,,Arabica,Kenya,MIAMI,TOTAL_BAGS_CERTIFIED,710,bags
2026-05-28,,Arabica,Peru,MIAMI,TOTAL_BAGS_CERTIFIED,3500,bags
2026-05-28,,Arabica,Venezuela,MIAMI,TOTAL_BAGS_CERTIFIED,4250,bags
2026-05-28,,Arabica,Colombia,NOLA,TOTAL_BAGS_CERTIFIED,225,bags
2026-05-28,,Arabica,Honduras,NOLA,TOTAL_BAGS_CERTIFIED,15992,bags
2026-05-28,,Arabica,Mexico,NOLA,TOTAL_BAGS_CERTIFIED,11550,bags
2026-05-28,,Arabica,Venezuela,NOLA,TOTAL_BAGS_CERTIFIED,250,bags
2026-05-28,,Arabica,Honduras,NY,TOTAL_BAGS_CERTIFIED,35,bags
2026-05-28,,Arabica,Mexico,NY,TOTAL_BAGS_CERTIFIED,7541,bags
2026-05-28,,Arabica,Nicaragua,NY,TOTAL_BAGS_CERTIFIED,1375,bags
2026-05-28,,Arabica,Papua New Guinea,NY,TOTAL_BAGS_CERTIFIED,425,bags
2026-05-28,,Arabica,Peru,NY,TOTAL_BAGS_CERTIFIED,98,bags
2026-05-28,,Arabica,Venezuela,NY,TOTAL_BAGS_CERTIFIED,2500,bags
2026-05-28,2026-05-27,Robusta,,ANT,NON_TENDERABLE,1,lots
2026-05-28,2026-05-27,Robusta,,ANT,VALID_CERTIFICATE,2114,lots
2026-05-28,2026-05-27,Robusta,,BAR,VALID_CERTIFICATE,9,lots
2026-05-28,2026-05-27,Robusta,,FEL,VALID_CERTIFICATE,34,lots
2026-05-28,2026-05-27,Robusta,,LON,VALID_CERTIFICATE,1748,lots
2026-05-29,,Arabica,Brazil,ANT,TOTAL_BAGS_CERTIFIED,10740,bags
2026-05-29,,Arabica,Burundi,ANT,TOTAL_BAGS_CERTIFIED,1453,bags
2026-05-29,,Arabica,Colombia,ANT,TOTAL_BAGS_CERTIFIED,25,bags
2026-05-29,,Arabica,El Salvador,ANT,TOTAL_BAGS_CERTIFIED,4343,bags
2026-05-29,,Arabica,Guatemala,ANT,TOTAL_BAGS_CERTIFIED,1925,bags
2026-05-29,,Arabica,Honduras,ANT,TOTAL_BAGS_CERTIFIED,38099,bags
2026-05-29,,Arabica,India,ANT,TOTAL_BAGS_CERTIFIED,13724,bags
2026-05-29,,Arabica,Kenya,ANT,TOTAL_BAGS_CERTIFIED,9294,bags
2026-05-29,,Arabica,Mexico,ANT,TOTAL_BAGS_CERTIFIED,41568,bags
2026-05-29,,Arabica,Nicaragua,ANT,TOTAL_BAGS_CERTIFIED,39910,bags
2026-05-29,,Arabica,Papua New Guinea,ANT,TOTAL_BAGS_CERTIFIED,5233,bags
2026-05-29,,Arabica,Peru,ANT,TOTAL_BAGS_CERTIFIED,57313,bags
2026-05-29,,Arabica,Rwanda,ANT,TOTAL_BAGS_CERTIFIED,18010,bags
2026-05-29,,Arabica,Tanzania,ANT,TOTAL_BAGS_CERTIFIED,12133,bags
2026-05-29,,Arabica,Uganda,ANT,TOTAL_BAGS_CERTIFIED,41146,bags
2026-05-29,,Arabica,Burundi,HA/BR,TOTAL_BAGS_CERTIFIED,285,bags
2026-05-29,,Arabica,Honduras,HA/BR,TOTAL_BAGS_CERTIFIED,1050,bags
2026-05-29,,Arabica,India,HA/BR,TOTAL_BAGS_CERTIFIED,2349,bags
2026-05-29,,Arabica,Kenya,HA/BR,TOTAL_BAGS_CERTIFIED,1333,bags
2026-05-29,,Arabica,Papua New Guinea,HA/BR,TOTAL_BAGS_CERTIFIED,10365,bags
2026-05-29,,Arabica,Peru,HA/BR,TOTAL_BAGS_CERTIFIED,496,bags
2026-05-29,,Arabica,Tanzania,HA/BR,TOTAL_BAGS_CERTIFIED,1830,bags
2026-05-29,,Arabica,Uganda,HA/BR,TOTAL_BAGS_CERTIFIED,320,bags
2026-05-29,,Arabica,Venezuela,HA/BR,TOTAL_BAGS_CERTIFIED,3000,bags
2026-05-29,,Arabica,Guatemala,HOU,TOTAL_BAGS_CERTIFIED,2200,bags
2026-05-29,,Arabica,Honduras,HOU,TOTAL_BAGS_CERTIFIED,59434,bags
2026-05-29,,Arabica,Nicaragua,HOU,TOTAL_BAGS_CERTIFIED,1125,bags
2026-05-29,,Arabica,Honduras,MIAMI,TOTAL_BAGS_CERTIFIED,7246,bags
2026-05-29,,Arabica,India,MIAMI,TOTAL_BAGS_CERTIFIED,1030,bags
2026-05-29,,Arabica,Kenya,MIAMI,TOTAL_BAGS_CERTIFIED,710,bags
2026-05-29,,Arabica,Peru,MIAMI,TOTAL_BAGS_CERTIFIED,3500,bags
2026-05-29,,Arabica,Venezuela,MIAMI,TOTAL_BAGS_CERTIFIED,4250,bags
2026-05-29,,Arabica,Colombia,NOLA,TOTAL_BAGS_CERTIFIED,225,bags
2026-05-29,,Arabica,Honduras,NOLA,TOTAL_BAGS_CERTIFIED,15992,bags
2026-05-29,,Arabica,Mexico,NOLA,TOTAL_BAGS_CERTIFIED,11550,bags
2026-05-29,,Arabica,Venezuela,NOLA,TOTAL_BAGS_CERTIFIED,250,bags
2026-05-29,,Arabica,Honduras,NY,TOTAL_BAGS_CERTIFIED,35,bags
2026-05-29,,Arabica,Mexico,NY,TOTAL_BAGS_CERTIFIED,7541,bags
2026-05-29,,Arabica,Nicaragua,NY,TOTAL_BAGS_CERTIFIED,1375,bags
2026-05-29,,Arabica,Papua New Guinea,NY,TOTAL_BAGS_CERTIFIED,425,bags
2026-05-29,,Arabica,Peru,NY,TOTAL_BAGS_CERTIFIED,98,bags
2026-05-29,,Arabica,Venezuela,NY,TOTAL_BAGS_CERTIFIED,2500,bags
2026-05-29,2026-05-28,Robusta,,ANT,NON_TENDERABLE,1,lots
2026-05-29,2026-05-28,Robusta,,ANT,VALID_CERTIFICATE,2114,lots
2026-05-29,2026-05-28,Robusta,,BAR,VALID_CERTIFICATE,9,lots
2026-05-29,2026-05-28,Robusta,,FEL,VALID_CERTIFICATE,31,lots
2026-05-29,2026-05-28,Robusta,,LON,VALID_CERTIFICATE,1731,lots
2026-06-01,,Arabica,Brazil,ANT,TOTAL_BAGS_CERTIFIED,10740,bags
2026-06-01,,Arabica,Burundi,ANT,TOTAL_BAGS_CERTIFIED,1453,bags
2026-06-01,,Arabica,Colombia,ANT,TOTAL_BAGS_CERTIFIED,25,bags
2026-06-01,,Arabica,El Salvador,ANT,TOTAL_BAGS_CERTIFIED,4343,bags
2026-06-01,,Arabica,Guatemala,ANT,TOTAL_BAGS_CERTIFIED,1925,bags
2026-06-01,,Arabica,Honduras,ANT,TOTAL_BAGS_CERTIFIED,38099,bags
2026-06-01,,Arabica,India,ANT,TOTAL_BAGS_CERTIFIED,13724,bags
2026-06-01,,Arabica,Kenya,ANT,TOTAL_BAGS_CERTIFIED,9294,bags
2026-06-01,,Arabica,Mexico,ANT,TOTAL_BAGS_CERTIFIED,41568,bags
2026-06-01,,Arabica,Nicaragua,ANT,TOTAL_BAGS_CERTIFIED,39410,bags
2026-06-01,,Arabica,Papua New Guinea,ANT,TOTAL_BAGS_CERTIFIED,5233,bags
2026-06-01,,Arabica,Peru,ANT,TOTAL_BAGS_CERTIFIED,57313,bags
2026-06-01,,Arabica,Rwanda,ANT,TOTAL_BAGS_CERTIFIED,18010,bags
2026-06-01,,Arabica,Tanzania,ANT,TOTAL_BAGS_CERTIFIED,12133,bags
2026-06-01,,Arabica,Uganda,ANT,TOTAL_BAGS_CERTIFIED,41146,bags
2026-06-01,,Arabica,Burundi,HA/BR,TOTAL_BAGS_CERTIFIED,285,bags
2026-06-01,,Arabica,Honduras,HA/BR,TOTAL_BAGS_CERTIFIED,1050,bags
2026-06-01,,Arabica,India,HA/BR,TOTAL_BAGS_CERTIFIED,2349,bags
2026-06-01,,Arabica,Kenya,HA/BR,TOTAL_BAGS_CERTIFIED,1333,bags
2026-06-01,,Arabica,Papua New Guinea,HA/BR,TOTAL_BAGS_CERTIFIED,10365,bags
2026-06-01,,Arabica,Peru,HA/BR,TOTAL_BAGS_CERTIFIED,496,bags
2026-06-01,,Arabica,Tanzania,HA/BR,TOTAL_BAGS_CERTIFIED,1830,bags
2026-06-01,,Arabica,Uganda,HA/BR,TOTAL_BAGS_CERTIFIED,320,bags
2026-06-01,,Arabica,Venezuela,HA/BR,TOTAL_BAGS_CERTIFIED,3000,bags
2026-06-01,,Arabica,Guatemala,HOU,TOTAL_BAGS_CERTIFIED,2200,bags
2026-06-01,,Arabica,Honduras,HOU,TOTAL_BAGS_CERTIFIED,59434,bags
2026-06-01,,Arabica,Nicaragua,HOU,TOTAL_BAGS_CERTIFIED,1125,bags
2026-06-01,,Arabica,Honduras,MIAMI,TOTAL_BAGS_CERTIFIED,7246,bags
2026-06-01,,Arabica,India,MIAMI,TOTAL_BAGS_CERTIFIED,1030,bags
2026-06-01,,Arabica,Kenya,MIAMI,TOTAL_BAGS_CERTIFIED,710,bags
2026-06-01,,Arabica,Peru,MIAMI,TOTAL_BAGS_CERTIFIED,3500,bags
2026-06-01,,Arabica,Venezuela,MIAMI,TOTAL_BAGS_CERTIFIED,4250,bags
2026-06-01,,Arabica,Colombia,NOLA,TOTAL_BAGS_CERTIFIED,225,bags
2026-06-01,,Arabica,Honduras,NOLA,TOTAL_BAGS_CERTIFIED,15992,bags
2026-06-01,,Arabica,Mexico,NOLA,TOTAL_BAGS_CERTIFIED,11550,bags
2026-06-01,,Arabica,Venezuela,NOLA,TOTAL_BAGS_CERTIFIED,250,bags
2026-06-01,,Arabica,Honduras,NY,TOTAL_BAGS_CERTIFIED,35,bags
2026-06-01,,Arabica,Mexico,NY,TOTAL_BAGS_CERTIFIED,7541,bags
2026-06-01,,Arabica,Nicaragua,NY,TOTAL_BAGS_CERTIFIED,1375,bags
2026-06-01,,Arabica,Papua New Guinea,NY,TOTAL_BAGS_CERTIFIED,425,bags
2026-06-01,,Arabica,Peru,NY,TOTAL_BAGS_CERTIFIED,98,bags
2026-06-01,,Arabica,Venezuela,NY,TOTAL_BAGS_CERTIFIED,2500,bags
2026-06-01,2026-05-31,Robusta,,ANT,NON_TENDERABLE,1,lots
2026-06-01,2026-05-31,Robusta,,ANT,VALID_CERTIFICATE,2103,lots
2026-06-01,2026-05-31,Robusta,,BAR,VALID_CERTIFICATE,9,lots
2026-06-01,2026-05-31,Robusta,,FEL,VALID_CERTIFICATE,31,lots
2026-06-01,2026-05-31,Robusta,,LON,VALID_CERTIFICATE,1721,lots
2026-06-02,,Arabica,Brazil,ANT,TOTAL_BAGS_CERTIFIED,10740,bags
2026-06-02,,Arabica,Burundi,ANT,TOTAL_BAGS_CERTIFIED,1453,bags
2026-06-02,,Arabica,Colombia,ANT,TOTAL_BAGS_CERTIFIED,25,bags
2026-06-02,,Arabica,El Salvador,ANT,TOTAL_BAGS_CERTIFIED,4343,bags
2026-06-02,,Arabica,Guatemala,ANT,TOTAL_BAGS_CERTIFIED,1925,bags
2026-06-02,,Arabica,Honduras,ANT,TOTAL_BAGS_CERTIFIED,38174,bags
2026-06-02,,Arabica,India,ANT,TOTAL_BAGS_CERTIFIED,13724,bags
2026-06-02,,Arabica,Kenya,ANT,TOTAL_BAGS_CERTIFIED,9294,bags
2026-06-02,,Arabica,Mexico,ANT,TOTAL_BAGS_CERTIFIED,41318,bags
2026-06-02,,Arabica,Nicaragua,ANT,TOTAL_BAGS_CERTIFIED,39410,bags
2026-06-02,,Arabica,Papua New Guinea,ANT,TOTAL_BAGS_CERTIFIED,5233,bags
2026-06-02,,Arabica,Peru,ANT,TOTAL_BAGS_CERTIFIED,57313,bags
2026-06-02,,Arabica,Rwanda,ANT,TOTAL_BAGS_CERTIFIED,18010,bags
2026-06-02,,Arabica,Tanzania,ANT,TOTAL_BAGS_CERTIFIED,12133,bags
2026-06-02,,Arabica,Uganda,ANT,TOTAL_BAGS_CERTIFIED,41146,bags
2026-06-02,,Arabica,Burundi,HA/BR,TOTAL_BAGS_CERTIFIED,285,bags
2026-06-02,,Arabica,Honduras,HA/BR,TOTAL_BAGS_CERTIFIED,675,bags
2026-06-02,,Arabica,India,HA/BR,TOTAL_BAGS_CERTIFIED,2349,bags
2026-06-02,,Arabica,Kenya,HA/BR,TOTAL_BAGS_CERTIFIED,1299,bags
2026-06-02,,Arabica,Papua New Guinea,HA/BR,TOTAL_BAGS_CERTIFIED,10365,bags
2026-06-02,,Arabica,Peru,HA/BR,TOTAL_BAGS_CERTIFIED,496,bags
2026-06-02,,Arabica,Tanzania,HA/BR,TOTAL_BAGS_CERTIFIED,1830,bags
2026-06-02,,Arabica,Uganda,HA/BR,TOTAL_BAGS_CERTIFIED,320,bags
2026-06-02,,Arabica,Venezuela,HA/BR,TOTAL_BAGS_CERTIFIED,3000,bags
2026-06-02,,Arabica,Guatemala,HOU,TOTAL_BAGS_CERTIFIED,2200,bags
2026-06-02,,Arabica,Honduras,HOU,TOTAL_BAGS_CERTIFIED,58009,bags
2026-06-02,,Arabica,Nicaragua,HOU,TOTAL_BAGS_CERTIFIED,1125,bags
2026-06-02,,Arabica,Honduras,MIAMI,TOTAL_BAGS_CERTIFIED,7246,bags
2026-06-02,,Arabica,India,MIAMI,TOTAL_BAGS_CERTIFIED,1030,bags
2026-06-02,,Arabica,Kenya,MIAMI,TOTAL_BAGS_CERTIFIED,570,bags
2026-06-02,,Arabica,Peru,MIAMI,TOTAL_BAGS_CERTIFIED,3500,bags
2026-06-02,,Arabica,Venezuela,MIAMI,TOTAL_BAGS_CERTIFIED,4250,bags
2026-06-02,,Arabica,Colombia,NOLA,TOTAL_BAGS_CERTIFIED,225,bags
2026-06-02,,Arabica,Honduras,NOLA,TOTAL_BAGS_CERTIFIED,15992,bags
2026-06-02,,Arabica,Mexico,NOLA,TOTAL_BAGS_CERTIFIED,11550,bags
2026-06-02,,Arabica,Venezuela,NOLA,TOTAL_BAGS_CERTIFIED,250,bags
2026-06-02,,Arabica,Honduras,NY,TOTAL_BAGS_CERTIFIED,35,bags
2026-06-02,,Arabica,Mexico,NY,TOTAL_BAGS_CERTIFIED,7541,bags
2026-06-02,,Arabica,Nicaragua,NY,TOTAL_BAGS_CERTIFIED,1375,bags
2026-06-02,,Arabica,Papua New Guinea,NY,TOTAL_BAGS_CERTIFIED,425,bags
2026-06-02,,Arabica,Peru,NY,TOTAL_BAGS_CERTIFIED,98,bags
2026-06-02,,Arabica,Venezuela,NY,TOTAL_BAGS_CERTIFIED,2500,bags
2026-06-02,2026-06-01,Robusta,,ANT,NON_TENDERABLE,1,lots
2026-06-02,2026-06-01,Robusta,,ANT,VALID_CERTIFICATE,2101,lots
2026-06-02,2026-06-01,Robusta,,BAR,VALID_CERTIFICATE,9,lots
2026-06-02,2026-06-01,Robusta,,FEL,VALID_CERTIFICATE,31,lots
2026-06-02,2026-06-01,Robusta,,LON,VALID_CERTIFICATE,1701,lots
2026-06-03,,Arabica,Brazil,ANT,TOTAL_BAGS_CERTIFIED,10740,bags
2026-06-03,,Arabica,Burundi,ANT,TOTAL_BAGS_CERTIFIED,1453,bags
2026-06-03,,Arabica,Colombia,ANT,TOTAL_BAGS_CERTIFIED,25,bags
2026-06-03,,Arabica,El Salvador,ANT,TOTAL_BAGS_CERTIFIED,4343,bags
2026-06-03,,Arabica,Guatemala,ANT,TOTAL_BAGS_CERTIFIED,1925,bags
2026-06-03,,Arabica,Honduras,ANT,TOTAL_BAGS_CERTIFIED,37224,bags
2026-06-03,,Arabica,India,ANT,TOTAL_BAGS_CERTIFIED,13724,bags
2026-06-03,,Arabica,Kenya,ANT,TOTAL_BAGS_CERTIFIED,5873,bags
2026-06-03,,Arabica,Mexico,ANT,TOTAL_BAGS_CERTIFIED,41318,bags
2026-06-03,,Arabica,Nicaragua,ANT,TOTAL_BAGS_CERTIFIED,39410,bags
2026-06-03,,Arabica,Papua New Guinea,ANT,TOTAL_BAGS_CERTIFIED,5233,bags
2026-06-03,,Arabica,Peru,ANT,TOTAL_BAGS_CERTIFIED,57313,bags
2026-06-03,,Arabica,Rwanda,ANT,TOTAL_BAGS_CERTIFIED,18010,bags
2026-06-03,,Arabica,Tanzania,ANT,TOTAL_BAGS_CERTIFIED,11563,bags
2026-06-03,,Arabica,Uganda,ANT,TOTAL_BAGS_CERTIFIED,41146,bags
2026-06-03,,Arabica,Burundi,HA/BR,TOTAL_BAGS_CERTIFIED,285,bags
2026-06-03,,Arabica,Honduras,HA/BR,TOTAL_BAGS_CERTIFIED,675,bags
2026-06-03,,Arabica,India,HA/BR,TOTAL_BAGS_CERTIFIED,2349,bags
2026-06-03,,Arabica,Kenya,HA/BR,TOTAL_BAGS_CERTIFIED,1299,bags
2026-06-03,,Arabica,Papua New Guinea,HA/BR,TOTAL_BAGS_CERTIFIED,10365,bags
2026-06-03,,Arabica,Peru,HA/BR,TOTAL_BAGS_CERTIFIED,496,bags
2026-06-03,,Arabica,Tanzania,HA/BR,TOTAL_BAGS_CERTIFIED,1830,bags
2026-06-03,,Arabica,Uganda,HA/BR,TOTAL_BAGS_CERTIFIED,320,bags
2026-06-03,,Arabica,Venezuela,HA/BR,TOTAL_BAGS_CERTIFIED,3000,bags
2026-06-03,,Arabica,Guatemala,HOU,TOTAL_BAGS_CERTIFIED,2200,bags
2026-06-03,,Arabica,Honduras,HOU,TOTAL_BAGS_CERTIFIED,58009,bags
2026-06-03,,Arabica,Nicaragua,HOU,TOTAL_BAGS_CERTIFIED,1125,bags
2026-06-03,,Arabica,Honduras,MIAMI,TOTAL_BAGS_CERTIFIED,7246,bags
2026-06-03,,Arabica,India,MIAMI,TOTAL_BAGS_CERTIFIED,1030,bags
2026-06-03,,Arabica,Kenya,MIAMI,TOTAL_BAGS_CERTIFIED,570,bags
2026-06-03,,Arabica,Peru,MIAMI,TOTAL_BAGS_CERTIFIED,3500,bags
2026-06-03,,Arabica,Venezuela,MIAMI,TOTAL_BAGS_CERTIFIED,4250,bags
2026-06-03,,Arabica,Colombia,NOLA,TOTAL_BAGS_CERTIFIED,225,bags
2026-06-03,,Arabica,Honduras,NOLA,TOTAL_BAGS_CERTIFIED,15992,bags
2026-06-03,,Arabica,Mexico,NOLA,TOTAL_BAGS_CERTIFIED,11550,bags
2026-06-03,,Arabica,Venezuela,NOLA,TOTAL_BAGS_CERTIFIED,250,bags
2026-06-03,,Arabica,Honduras,NY,TOTAL_BAGS_CERTIFIED,35,bags
2026-06-03,,Arabica,Mexico,NY,TOTAL_BAGS_CERTIFIED,7541,bags
2026-06-03,,Arabica,Nicaragua,NY,TOTAL_BAGS_CERTIFIED,1375,bags
2026-06-03,,Arabica,Papua New Guinea,NY,TOTAL_BAGS_CERTIFIED,425,bags
2026-06-03,,Arabica,Peru,NY,TOTAL_BAGS_CERTIFIED,98,bags
2026-06-03,,Arabica,Venezuela,NY,TOTAL_BAGS_CERTIFIED,2500,bags
2026-06-03,2026-06-02,Robusta,,ANT,NON_TENDERABLE,1,lots
2026-06-03,2026-06-02,Robusta,,ANT,VALID_CERTIFICATE,2101,lots
2026-06-03,2026-06-02,Robusta,,BAR,VALID_CERTIFICATE,9,lots
2026-06-03,2026-06-02,Robusta,,FEL,VALID_CERTIFICATE,31,lots
2026-06-03,2026-06-02,Robusta,,LON,VALID_CERTIFICATE,1681,lots
2026-06-04,,Arabica,Brazil,ANT,TOTAL_BAGS_CERTIFIED,10740,bags
2026-06-04,,Arabica,Burundi,ANT,TOTAL_BAGS_CERTIFIED,1453,bags
2026-06-04,,Arabica,Colombia,ANT,TOTAL_BAGS_CERTIFIED,25,bags
2026-06-04,,Arabica,El Salvador,ANT,TOTAL_BAGS_CERTIFIED,4343,bags
2026-06-04,,Arabica,Guatemala,ANT,TOTAL_BAGS_CERTIFIED,1925,bags
2026-06-04,,Arabica,Honduras,ANT,TOTAL_BAGS_CERTIFIED,37224,bags
2026-06-04,,Arabica,India,ANT,TOTAL_BAGS_CERTIFIED,13724,bags
2026-06-04,,Arabica,Kenya,ANT,TOTAL_BAGS_CERTIFIED,5873,bags
2026-06-04,,Arabica,Mexico,ANT,TOTAL_BAGS_CERTIFIED,41318,bags
2026-06-04,,Arabica,Nicaragua,ANT,TOTAL_BAGS_CERTIFIED,39135,bags
2026-06-04,,Arabica,Papua New Guinea,ANT,TOTAL_BAGS_CERTIFIED,5233,bags
2026-06-04,,Arabica,Peru,ANT,TOTAL_BAGS_CERTIFIED,57313,bags
2026-06-04,,Arabica,Rwanda,ANT,TOTAL_BAGS_CERTIFIED,18010,bags
2026-06-04,,Arabica,Tanzania,ANT,TOTAL_BAGS_CERTIFIED,11563,bags
2026-06-04,,Arabica,Uganda,ANT,TOTAL_BAGS_CERTIFIED,41146,bags
2026-06-04,,Arabica,Burundi,HA/BR,TOTAL_BAGS_CERTIFIED,285,bags
2026-06-04,,Arabica,Honduras,HA/BR,TOTAL_BAGS_CERTIFIED,675,bags
2026-06-04,,Arabica,India,HA/BR,TOTAL_BAGS_CERTIFIED,2349,bags
2026-06-04,,Arabica,Kenya,HA/BR,TOTAL_BAGS_CERTIFIED,1299,bags
2026-06-04,,Arabica,Papua New Guinea,HA/BR,TOTAL_BAGS_CERTIFIED,10365,bags
2026-06-04,,Arabica,Peru,HA/BR,TOTAL_BAGS_CERTIFIED,496,bags
2026-06-04,,Arabica,Tanzania,HA/BR,TOTAL_BAGS_CERTIFIED,1830,bags
2026-06-04,,Arabica,Uganda,HA/BR,TOTAL_BAGS_CERTIFIED,320,bags
2026-06-04,,Arabica,Venezuela,HA/BR,TOTAL_BAGS_CERTIFIED,3000,bags
2026-06-04,,Arabica,Guatemala,HOU,TOTAL_BAGS_CERTIFIED,2200,bags
2026-06-04,,Arabica,Honduras,HOU,TOTAL_BAGS_CERTIFIED,57258,bags
2026-06-04,,Arabica,Nicaragua,HOU,TOTAL_BAGS_CERTIFIED,1125,bags
2026-06-04,,Arabica,Honduras,MIAMI,TOTAL_BAGS_CERTIFIED,7246,bags
2026-06-04,,Arabica,India,MIAMI,TOTAL_BAGS_CERTIFIED,1030,bags
2026-06-04,,Arabica,Kenya,MIAMI,TOTAL_BAGS_CERTIFIED,570,bags
2026-06-04,,Arabica,Peru,MIAMI,TOTAL_BAGS_CERTIFIED,3500,bags
2026-06-04,,Arabica,Venezuela,MIAMI,TOTAL_BAGS_CERTIFIED,4250,bags
2026-06-04,,Arabica,Colombia,NOLA,TOTAL_BAGS_CERTIFIED,225,bags
2026-06-04,,Arabica,Honduras,NOLA,TOTAL_BAGS_CERTIFIED,15992,bags
2026-06-04,,Arabica,Mexico,NOLA,TOTAL_BAGS_CERTIFIED,10799,bags
2026-06-04,,Arabica,Venezuela,NOLA,TOTAL_BAGS_CERTIFIED,250,bags
2026-06-04,,Arabica,Honduras,NY,TOTAL_BAGS_CERTIFIED,35,bags
2026-06-04,,Arabica,Mexico,NY,TOTAL_BAGS_CERTIFIED,7541,bags
2026-06-04,,Arabica,Nicaragua,NY,TOTAL_BAGS_CERTIFIED,1375,bags
2026-06-04,,Arabica,Papua New Guinea,NY,TOTAL_BAGS_CERTIFIED,425,bags
2026-06-04,,Arabica,Peru,NY,TOTAL_BAGS_CERTIFIED,98,bags
2026-06-04,,Arabica,Venezuela,NY,TOTAL_BAGS_CERTIFIED,2500,bags
2026-06-04,2026-06-03,Robusta,,ANT,NON_TENDERABLE,1,lots
2026-06-04,2026-06-03,Robusta,,ANT,VALID_CERTIFICATE,2097,lots
2026-06-04,2026-06-03,Robusta,,BAR,VALID_CERTIFICATE,9,lots
2026-06-04,2026-06-03,Robusta,,FEL,VALID_CERTIFICATE,31,lots
2026-06-04,2026-06-03,Robusta,,LON,VALID_CERTIFICATE,1661,lots
2026-06-05,,Arabica,Brazil,ANT,TOTAL_BAGS_CERTIFIED,10740,bags
2026-06-05,,Arabica,Burundi,ANT,TOTAL_BAGS_CERTIFIED,1453,bags
2026-06-05,,Arabica,Colombia,ANT,TOTAL_BAGS_CERTIFIED,25,bags
2026-06-05,,Arabica,El Salvador,ANT,TOTAL_BAGS_CERTIFIED,4343,bags
2026-06-05,,Arabica,Guatemala,ANT,TOTAL_BAGS_CERTIFIED,1375,bags
2026-06-05,,Arabica,Honduras,ANT,TOTAL_BAGS_CERTIFIED,37224,bags
2026-06-05,,Arabica,India,ANT,TOTAL_BAGS_CERTIFIED,13724,bags
2026-06-05,,Arabica,Kenya,ANT,TOTAL_BAGS_CERTIFIED,5873,bags
2026-06-05,,Arabica,Mexico,ANT,TOTAL_BAGS_CERTIFIED,41318,bags
2026-06-05,,Arabica,Nicaragua,ANT,TOTAL_BAGS_CERTIFIED,38850,bags
2026-06-05,,Arabica,Papua New Guinea,ANT,TOTAL_BAGS_CERTIFIED,5233,bags
2026-06-05,,Arabica,Peru,ANT,TOTAL_BAGS_CERTIFIED,57313,bags
2026-06-05,,Arabica,Rwanda,ANT,TOTAL_BAGS_CERTIFIED,14235,bags
2026-06-05,,Arabica,Tanzania,ANT,TOTAL_BAGS_CERTIFIED,11563,bags
2026-06-05,,Arabica,Uganda,ANT,TOTAL_BAGS_CERTIFIED,41146,bags
2026-06-05,,Arabica,Burundi,HA/BR,TOTAL_BAGS_CERTIFIED,285,bags
2026-06-05,,Arabica,Honduras,HA/BR,TOTAL_BAGS_CERTIFIED,675,bags
2026-06-05,,Arabica,India,HA/BR,TOTAL_BAGS_CERTIFIED,2349,bags
2026-06-05,,Arabica,Kenya,HA/BR,TOTAL_BAGS_CERTIFIED,1299,bags
2026-06-05,,Arabica,Papua New Guinea,HA/BR,TOTAL_BAGS_CERTIFIED,10365,bags
2026-06-05,,Arabica,Peru,HA/BR,TOTAL_BAGS_CERTIFIED,496,bags
2026-06-05,,Arabica,Tanzania,HA/BR,TOTAL_BAGS_CERTIFIED,1830,bags
2026-06-05,,Arabica,Uganda,HA/BR,TOTAL_BAGS_CERTIFIED,320,bags
2026-06-05,,Arabica,Venezuela,HA/BR,TOTAL_BAGS_CERTIFIED,3000,bags
2026-06-05,,Arabica,Guatemala,HOU,TOTAL_BAGS_CERTIFIED,2200,bags
2026-06-05,,Arabica,Honduras,HOU,TOTAL_BAGS_CERTIFIED,56684,bags
2026-06-05,,Arabica,Nicaragua,HOU,TOTAL_BAGS_CERTIFIED,1125,bags
2026-06-05,,Arabica,Honduras,MIAMI,TOTAL_BAGS_CERTIFIED,7246,bags
2026-06-05,,Arabica,India,MIAMI,TOTAL_BAGS_CERTIFIED,1030,bags
2026-06-05,,Arabica,Kenya,MIAMI,TOTAL_BAGS_CERTIFIED,570,bags
2026-06-05,,Arabica,Peru,MIAMI,TOTAL_BAGS_CERTIFIED,3500,bags
2026-06-05,,Arabica,Venezuela,MIAMI,TOTAL_BAGS_CERTIFIED,4250,bags
2026-06-05,,Arabica,Colombia,NOLA,TOTAL_BAGS_CERTIFIED,225,bags
2026-06-05,,Arabica,Honduras,NOLA,TOTAL_BAGS_CERTIFIED,15992,bags
2026-06-05,,Arabica,Mexico,NOLA,TOTAL_BAGS_CERTIFIED,10799,bags
2026-06-05,,Arabica,Venezuela,NOLA,TOTAL_BAGS_CERTIFIED,250,bags
2026-06-05,,Arabica,Honduras,NY,TOTAL_BAGS_CERTIFIED,35,bags
2026-06-05,,Arabica,Mexico,NY,TOTAL_BAGS_CERTIFIED,7541,bags
2026-06-05,,Arabica,Papua New Guinea,NY,TOTAL_BAGS_CERTIFIED,425,bags
2026-06-05,,Arabica,Peru,NY,TOTAL_BAGS_CERTIFIED,98,bags
2026-06-05,,Arabica,Venezuela,NY,TOTAL_BAGS_CERTIFIED,2500,bags
2026-06-05,2026-06-04,Robusta,,ANT,NON_TENDERABLE,1,lots
2026-06-05,2026-06-04,Robusta,,ANT,VALID_CERTIFICATE,2056,lots
2026-06-05,2026-06-04,Robusta,,BAR,VALID_CERTIFICATE,9,lots
2026-06-05,2026-06-04,Robusta,,FEL,VALID_CERTIFICATE,31,lots
2026-06-05,2026-06-04,Robusta,,LON,VALID_CERTIFICATE,1636,lots
2026-06-08,,Arabica,Brazil,ANT,TOTAL_BAGS_CERTIFIED,10740,bags
2026-06-08,,Arabica,Burundi,ANT,TOTAL_BAGS_CERTIFIED,1453,bags
2026-06-08,,Arabica,Colombia,ANT,TOTAL_BAGS_CERTIFIED,25,bags
2026-06-08,,Arabica,El Salvador,ANT,TOTAL_BAGS_CERTIFIED,4343,bags
2026-06-08,,Arabica,Guatemala,ANT,TOTAL_BAGS_CERTIFIED,1375,bags
2026-06-08,,Arabica,Honduras,ANT,TOTAL_BAGS_CERTIFIED,36949,bags
2026-06-08,,Arabica,India,ANT,TOTAL_BAGS_CERTIFIED,13392,bags
2026-06-08,,Arabica,Kenya,ANT,TOTAL_BAGS_CERTIFIED,5873,bags
2026-06-08,,Arabica,Mexico,ANT,TOTAL_BAGS_CERTIFIED,36818,bags
2026-06-08,,Arabica,Nicaragua,ANT,TOTAL_BAGS_CERTIFIED,38575,bags
2026-06-08,,Arabica,Papua New Guinea,ANT,TOTAL_BAGS_CERTIFIED,5233,bags
2026-06-08,,Arabica,Peru,ANT,TOTAL_BAGS_CERTIFIED,57313,bags
2026-06-08,,Arabica,Rwanda,ANT,TOTAL_BAGS_CERTIFIED,14235,bags
2026-06-08,,Arabica,Tanzania,ANT,TOTAL_BAGS_CERTIFIED,11563,bags
2026-06-08,,Arabica,Uganda,ANT,TOTAL_BAGS_CERTIFIED,39721,bags
2026-06-08,,Arabica,Burundi,HA/BR,TOTAL_BAGS_CERTIFIED,285,bags
2026-06-08,,Arabica,Honduras,HA/BR,TOTAL_BAGS_CERTIFIED,675,bags
2026-06-08,,Arabica,India,HA/BR,TOTAL_BAGS_CERTIFIED,2349,bags
2026-06-08,,Arabica,Kenya,HA/BR,TOTAL_BAGS_CERTIFIED,1299,bags
2026-06-08,,Arabica,Papua New Guinea,HA/BR,TOTAL_BAGS_CERTIFIED,10365,bags
2026-06-08,,Arabica,Peru,HA/BR,TOTAL_BAGS_CERTIFIED,496,bags
2026-06-08,,Arabica,Tanzania,HA/BR,TOTAL_BAGS_CERTIFIED,1830,bags
2026-06-08,,Arabica,Uganda,HA/BR,TOTAL_BAGS_CERTIFIED,320,bags
2026-06-08,,Arabica,Venezuela,HA/BR,TOTAL_BAGS_CERTIFIED,3000,bags
2026-06-08,,Arabica,Guatemala,HOU,TOTAL_BAGS_CERTIFIED,2200,bags
2026-06-08,,Arabica,Honduras,HOU,TOTAL_BAGS_CERTIFIED,56409,bags
2026-06-08,,Arabica,Nicaragua,HOU,TOTAL_BAGS_CERTIFIED,1125,bags
2026-06-08,,Arabica,Honduras,MIAMI,TOTAL_BAGS_CERTIFIED,7246,bags
2026-06-08,,Arabica,India,MIAMI,TOTAL_BAGS_CERTIFIED,1030,bags
2026-06-08,,Arabica,Kenya,MIAMI,TOTAL_BAGS_CERTIFIED,570,bags
2026-06-08,,Arabica,Peru,MIAMI,TOTAL_BAGS_CERTIFIED,3500,bags
2026-06-08,,Arabica,Venezuela,MIAMI,TOTAL_BAGS_CERTIFIED,4250,bags
2026-06-08,,Arabica,Colombia,NOLA,TOTAL_BAGS_CERTIFIED,225,bags
2026-06-08,,Arabica,Honduras,NOLA,TOTAL_BAGS_CERTIFIED,15992,bags
2026-06-08,,Arabica,Mexico,NOLA,TOTAL_BAGS_CERTIFIED,10799,bags
2026-06-08,,Arabica,Venezuela,NOLA,TOTAL_BAGS_CERTIFIED,250,bags
2026-06-08,,Arabica,Honduras,NY,TOTAL_BAGS_CERTIFIED,35,bags
2026-06-08,,Arabica,Mexico,NY,TOTAL_BAGS_CERTIFIED,7541,bags
2026-06-08,,Arabica,Papua New Guinea,NY,TOTAL_BAGS_CERTIFIED,425,bags
2026-06-08,,Arabica,Peru,NY,TOTAL_BAGS_CERTIFIED,98,bags
2026-06-08,,Arabica,Venezuela,NY,TOTAL_BAGS_CERTIFIED,2500,bags
2026-06-08,2026-06-07,Robusta,,ANT,NON_TENDERABLE,1,lots
2026-06-08,2026-06-07,Robusta,,ANT,VALID_CERTIFICATE,2056,lots
2026-06-08,2026-06-07,Robusta,,BAR,VALID_CERTIFICATE,9,lots
2026-06-08,2026-06-07,Robusta,,FEL,VALID_CERTIFICATE,31,lots
2026-06-08,2026-06-07,Robusta,,LON,VALID_CERTIFICATE,1636,lots
2026-06-09,,Arabica,Brazil,ANT,TOTAL_BAGS_CERTIFIED,10740,bags
2026-06-09,,Arabica,Burundi,ANT,TOTAL_BAGS_CERTIFIED,1453,bags
2026-06-09,,Arabica,Colombia,ANT,TOTAL_BAGS_CERTIFIED,25,bags
2026-06-09,,Arabica,El Salvador,ANT,TOTAL_BAGS_CERTIFIED,4343,bags
2026-06-09,,Arabica,Guatemala,ANT,TOTAL_BAGS_CERTIFIED,1375,bags
2026-06-09,,Arabica,Honduras,ANT,TOTAL_BAGS_CERTIFIED,36674,bags
2026-06-09,,Arabica,India,ANT,TOTAL_BAGS_CERTIFIED,13392,bags
2026-06-09,,Arabica,Kenya,ANT,TOTAL_BAGS_CERTIFIED,5873,bags
2026-06-09,,Arabica,Mexico,ANT,TOTAL_BAGS_CERTIFIED,36818,bags
2026-06-09,,Arabica,Nicaragua,ANT,TOTAL_BAGS_CERTIFIED,38575,bags
2026-06-09,,Arabica,Papua New Guinea,ANT,TOTAL_BAGS_CERTIFIED,5233,bags
2026-06-09,,Arabica,Peru,ANT,TOTAL_BAGS_CERTIFIED,57313,bags
2026-06-09,,Arabica,Rwanda,ANT,TOTAL_BAGS_CERTIFIED,14235,bags
2026-06-09,,Arabica,Tanzania,ANT,TOTAL_BAGS_CERTIFIED,11563,bags
2026-06-09,,Arabica,Uganda,ANT,TOTAL_BAGS_CERTIFIED,39721,bags
2026-06-09,,Arabica,Burundi,HA/BR,TOTAL_BAGS_CERTIFIED,285,bags
2026-06-09,,Arabica,Honduras,HA/BR,TOTAL_BAGS_CERTIFIED,675,bags
2026-06-09,,Arabica,India,HA/BR,TOTAL_BAGS_CERTIFIED,2349,bags
2026-06-09,,Arabica,Kenya,HA/BR,TOTAL_BAGS_CERTIFIED,1299,bags
2026-06-09,,Arabica,Papua New Guinea,HA/BR,TOTAL_BAGS_CERTIFIED,10365,bags
2026-06-09,,Arabica,Peru,HA/BR,TOTAL_BAGS_CERTIFIED,496,bags
2026-06-09,,Arabica,Tanzania,HA/BR,TOTAL_BAGS_CERTIFIED,1830,bags
2026-06-09,,Arabica,Uganda,HA/BR,TOTAL_BAGS_CERTIFIED,320,bags
2026-06-09,,Arabica,Venezuela,HA/BR,TOTAL_BAGS_CERTIFIED,3000,bags
2026-06-09,,Arabica,Guatemala,HOU,TOTAL_BAGS_CERTIFIED,2200,bags
2026-06-09,,Arabica,Honduras,HOU,TOTAL_BAGS_CERTIFIED,56409,bags
2026-06-09,,Arabica,Nicaragua,HOU,TOTAL_BAGS_CERTIFIED,1125,bags
2026-06-09,,Arabica,Honduras,MIAMI,TOTAL_BAGS_CERTIFIED,7246,bags
2026-06-09,,Arabica,India,MIAMI,TOTAL_BAGS_CERTIFIED,1030,bags
2026-06-09,,Arabica,Kenya,MIAMI,TOTAL_BAGS_CERTIFIED,570,bags
2026-06-09,,Arabica,Peru,MIAMI,TOTAL_BAGS_CERTIFIED,3500,bags
2026-06-09,,Arabica,Venezuela,MIAMI,TOTAL_BAGS_CERTIFIED,3750,bags
2026-06-09,,Arabica,Colombia,NOLA,TOTAL_BAGS_CERTIFIED,225,bags
2026-06-09,,Arabica,Honduras,NOLA,TOTAL_BAGS_CERTIFIED,15992,bags
2026-06-09,,Arabica,Mexico,NOLA,TOTAL_BAGS_CERTIFIED,10799,bags
2026-06-09,,Arabica,Venezuela,NOLA,TOTAL_BAGS_CERTIFIED,250,bags
2026-06-09,,Arabica,Honduras,NY,TOTAL_BAGS_CERTIFIED,35,bags
2026-06-09,,Arabica,Mexico,NY,TOTAL_BAGS_CERTIFIED,6041,bags
2026-06-09,,Arabica,Papua New Guinea,NY,TOTAL_BAGS_CERTIFIED,425,bags
2026-06-09,,Arabica,Peru,NY,TOTAL_BAGS_CERTIFIED,98,bags
2026-06-09,,Arabica,Venezuela,NY,TOTAL_BAGS_CERTIFIED,2250,bags
2026-06-09,2026-06-08,Robusta,,ANT,NON_TENDERABLE,1,lots
2026-06-09,2026-06-08,Robusta,,ANT,VALID_CERTIFICATE,2050,lots
2026-06-09,2026-06-08,Robusta,,BAR,VALID_CERTIFICATE,9,lots
2026-06-09,2026-06-08,Robusta,,FEL,VALID_CERTIFICATE,31,lots
2026-06-09,2026-06-08,Robusta,,LON,VALID_CERTIFICATE,1636,lots
2026-06-10,,Arabica,Brazil,ANT,TOTAL_BAGS_CERTIFIED,10740,bags
2026-06-10,,Arabica,Burundi,ANT,TOTAL_BAGS_CERTIFIED,1453,bags
2026-06-10,,Arabica,Colombia,ANT,TOTAL_BAGS_CERTIFIED,25,bags
2026-06-10,,Arabica,El Salvador,ANT,TOTAL_BAGS_CERTIFIED,4343,bags
2026-06-10,,Arabica,Guatemala,ANT,TOTAL_BAGS_CERTIFIED,1375,bags
2026-06-10,,Arabica,Honduras,ANT,TOTAL_BAGS_CERTIFIED,36674,bags
2026-06-10,,Arabica,India,ANT,TOTAL_BAGS_CERTIFIED,13392,bags
2026-06-10,,Arabica,Kenya,ANT,TOTAL_BAGS_CERTIFIED,5873,bags
2026-06-10,,Arabica,Mexico,ANT,TOTAL_BAGS_CERTIFIED,36818,bags
2026-06-10,,Arabica,Nicaragua,ANT,TOTAL_BAGS_CERTIFIED,32747,bags
2026-06-10,,Arabica,Papua New Guinea,ANT,TOTAL_BAGS_CERTIFIED,5233,bags
2026-06-10,,Arabica,Peru,ANT,TOTAL_BAGS_CERTIFIED,57313,bags
2026-06-10,,Arabica,Rwanda,ANT,TOTAL_BAGS_CERTIFIED,14235,bags
2026-06-10,,Arabica,Tanzania,ANT,TOTAL_BAGS_CERTIFIED,11563,bags
2026-06-10,,Arabica,Uganda,ANT,TOTAL_BAGS_CERTIFIED,39721,bags
2026-06-10,,Arabica,Burundi,HA/BR,TOTAL_BAGS_CERTIFIED,285,bags
2026-06-10,,Arabica,Honduras,HA/BR,TOTAL_BAGS_CERTIFIED,675,bags
2026-06-10,,Arabica,India,HA/BR,TOTAL_BAGS_CERTIFIED,2349,bags
2026-06-10,,Arabica,Kenya,HA/BR,TOTAL_BAGS_CERTIFIED,1299,bags
2026-06-10,,Arabica,Papua New Guinea,HA/BR,TOTAL_BAGS_CERTIFIED,10365,bags
2026-06-10,,Arabica,Peru,HA/BR,TOTAL_BAGS_CERTIFIED,496,bags
2026-06-10,,Arabica,Tanzania,HA/BR,TOTAL_BAGS_CERTIFIED,1830,bags
2026-06-10,,Arabica,Uganda,HA/BR,TOTAL_BAGS_CERTIFIED,320,bags
2026-06-10,,Arabica,Venezuela,HA/BR,TOTAL_BAGS_CERTIFIED,3000,bags
2026-06-10,,Arabica,Guatemala,HOU,TOTAL_BAGS_CERTIFIED,2200,bags
2026-06-10,,Arabica,Honduras,HOU,TOTAL_BAGS_CERTIFIED,55299,bags
2026-06-10,,Arabica,Nicaragua,HOU,TOTAL_BAGS_CERTIFIED,1125,bags
2026-06-10,,Arabica,Honduras,MIAMI,TOTAL_BAGS_CERTIFIED,7246,bags
2026-06-10,,Arabica,India,MIAMI,TOTAL_BAGS_CERTIFIED,1030,bags
2026-06-10,,Arabica,Kenya,MIAMI,TOTAL_BAGS_CERTIFIED,570,bags
2026-06-10,,Arabica,Peru,MIAMI,TOTAL_BAGS_CERTIFIED,3500,bags
2026-06-10,,Arabica,Venezuela,MIAMI,TOTAL_BAGS_CERTIFIED,3750,bags
2026-06-10,,Arabica,Colombia,NOLA,TOTAL_BAGS_CERTIFIED,225,bags
2026-06-10,,Arabica,Honduras,NOLA,TOTAL_BAGS_CERTIFIED,15992,bags
2026-06-10,,Arabica,Mexico,NOLA,TOTAL_BAGS_CERTIFIED,10799,bags
2026-06-10,,Arabica,Venezuela,NOLA,TOTAL_BAGS_CERTIFIED,250,bags
2026-06-10,,Arabica,Honduras,NY,TOTAL_BAGS_CERTIFIED,35,bags
2026-06-10,,Arabica,Mexico,NY,TOTAL_BAGS_CERTIFIED,6041,bags
2026-06-10,,Arabica,Papua New Guinea,NY,TOTAL_BAGS_CERTIFIED,425,bags
2026-06-10,,Arabica,Peru,NY,TOTAL_BAGS_CERTIFIED,98,bags
2026-06-10,,Arabica,Venezuela,NY,TOTAL_BAGS_CERTIFIED,2000,bags
2026-06-10,2026-06-09,Robusta,,ANT,NON_TENDERABLE,1,lots
2026-06-10,2026-06-09,Robusta,,ANT,VALID_CERTIFICATE,2037,lots
2026-06-10,2026-06-09,Robusta,,BAR,VALID_CERTIFICATE,9,lots
2026-06-10,2026-06-09,Robusta,,FEL,VALID_CERTIFICATE,31,lots
2026-06-10,2026-06-09,Robusta,,LON,VALID_CERTIFICATE,1636,lots
2026-06-11,,Arabica,Brazil,ANT,TOTAL_BAGS_CERTIFIED,10740,bags
2026-06-11,,Arabica,Burundi,ANT,TOTAL_BAGS_CERTIFIED,1453,bags
2026-06-11,,Arabica,Colombia,ANT,TOTAL_BAGS_CERTIFIED,25,bags
2026-06-11,,Arabica,El Salvador,ANT,TOTAL_BAGS_CERTIFIED,4343,bags
2026-06-11,,Arabica,Guatemala,ANT,TOTAL_BAGS_CERTIFIED,1375,bags
2026-06-11,,Arabica,Honduras,ANT,TOTAL_BAGS_CERTIFIED,36674,bags
2026-06-11,,Arabica,India,ANT,TOTAL_BAGS_CERTIFIED,13392,bags
2026-06-11,,Arabica,Kenya,ANT,TOTAL_BAGS_CERTIFIED,5873,bags
2026-06-11,,Arabica,Mexico,ANT,TOTAL_BAGS_CERTIFIED,35718,bags
2026-06-11,,Arabica,Nicaragua,ANT,TOTAL_BAGS_CERTIFIED,30878,bags
2026-06-11,,Arabica,Papua New Guinea,ANT,TOTAL_BAGS_CERTIFIED,5233,bags
2026-06-11,,Arabica,Peru,ANT,TOTAL_BAGS_CERTIFIED,57313,bags
2026-06-11,,Arabica,Rwanda,ANT,TOTAL_BAGS_CERTIFIED,14235,bags
2026-06-11,,Arabica,Tanzania,ANT,TOTAL_BAGS_CERTIFIED,11563,bags
2026-06-11,,Arabica,Uganda,ANT,TOTAL_BAGS_CERTIFIED,39721,bags
2026-06-11,,Arabica,Burundi,HA/BR,TOTAL_BAGS_CERTIFIED,285,bags
2026-06-11,,Arabica,Honduras,HA/BR,TOTAL_BAGS_CERTIFIED,675,bags
2026-06-11,,Arabica,India,HA/BR,TOTAL_BAGS_CERTIFIED,2349,bags
2026-06-11,,Arabica,Kenya,HA/BR,TOTAL_BAGS_CERTIFIED,1299,bags
2026-06-11,,Arabica,Papua New Guinea,HA/BR,TOTAL_BAGS_CERTIFIED,10365,bags
2026-06-11,,Arabica,Peru,HA/BR,TOTAL_BAGS_CERTIFIED,496,bags
2026-06-11,,Arabica,Tanzania,HA/BR,TOTAL_BAGS_CERTIFIED,1830,bags
2026-06-11,,Arabica,Uganda,HA/BR,TOTAL_BAGS_CERTIFIED,320,bags
2026-06-11,,Arabica,Venezuela,HA/BR,TOTAL_BAGS_CERTIFIED,3000,bags
2026-06-11,,Arabica,Guatemala,HOU,TOTAL_BAGS_CERTIFIED,2200,bags
2026-06-11,,Arabica,Honduras,HOU,TOTAL_BAGS_CERTIFIED,55299,bags
2026-06-11,,Arabica,Nicaragua,HOU,TOTAL_BAGS_CERTIFIED,1125,bags
2026-06-11,,Arabica,Honduras,MIAMI,TOTAL_BAGS_CERTIFIED,7246,bags
2026-06-11,,Arabica,India,MIAMI,TOTAL_BAGS_CERTIFIED,1030,bags
2026-06-11,,Arabica,Kenya,MIAMI,TOTAL_BAGS_CERTIFIED,570,bags
2026-06-11,,Arabica,Peru,MIAMI,TOTAL_BAGS_CERTIFIED,3500,bags
2026-06-11,,Arabica,Venezuela,MIAMI,TOTAL_BAGS_CERTIFIED,3750,bags
2026-06-11,,Arabica,Colombia,NOLA,TOTAL_BAGS_CERTIFIED,225,bags
2026-06-11,,Arabica,Honduras,NOLA,TOTAL_BAGS_CERTIFIED,15992,bags
2026-06-11,,Arabica,Mexico,NOLA,TOTAL_BAGS_CERTIFIED,10799,bags
2026-06-11,,Arabica,Venezuela,NOLA,TOTAL_BAGS_CERTIFIED,250,bags
2026-06-11,,Arabica,Honduras,NY,TOTAL_BAGS_CERTIFIED,35,bags
2026-06-11,,Arabica,Mexico,NY,TOTAL_BAGS_CERTIFIED,6041,bags
2026-06-11,,Arabica,Papua New Guinea,NY,TOTAL_BAGS_CERTIFIED,425,bags
2026-06-11,,Arabica,Peru,NY,TOTAL_BAGS_CERTIFIED,98,bags
2026-06-11,,Arabica,Venezuela,NY,TOTAL_BAGS_CERTIFIED,1750,bags
2026-06-11,2026-06-10,Robusta,,ANT,NON_TENDERABLE,1,lots
2026-06-11,2026-06-10,Robusta,,ANT,VALID_CERTIFICATE,2037,lots
2026-06-11,2026-06-10,Robusta,,BAR,VALID_CERTIFICATE,9,lots
2026-06-11,2026-06-10,Robusta,,FEL,VALID_CERTIFICATE,31,lots
2026-06-11,2026-06-10,Robusta,,LON,VALID_CERTIFICATE,1636,lots
2026-06-12,,Arabica,Brazil,ANT,TOTAL_BAGS_CERTIFIED,10740,bags
2026-06-12,,Arabica,Burundi,ANT,TOTAL_BAGS_CERTIFIED,1453,bags
2026-06-12,,Arabica,Colombia,ANT,TOTAL_BAGS_CERTIFIED,25,bags
2026-06-12,,Arabica,El Salvador,ANT,TOTAL_BAGS_CERTIFIED,4343,bags
2026-06-12,,Arabica,Guatemala,ANT,TOTAL_BAGS_CERTIFIED,1375,bags
2026-06-12,,Arabica,Honduras,ANT,TOTAL_BAGS_CERTIFIED,36674,bags
2026-06-12,,Arabica,India,ANT,TOTAL_BAGS_CERTIFIED,13392,bags
2026-06-12,,Arabica,Kenya,ANT,TOTAL_BAGS_CERTIFIED,5873,bags
2026-06-12,,Arabica,Mexico,ANT,TOTAL_BAGS_CERTIFIED,35718,bags
2026-06-12,,Arabica,Nicaragua,ANT,TOTAL_BAGS_CERTIFIED,30878,bags
2026-06-12,,Arabica,Papua New Guinea,ANT,TOTAL_BAGS_CERTIFIED,5233,bags
2026-06-12,,Arabica,Peru,ANT,TOTAL_BAGS_CERTIFIED,57313,bags
2026-06-12,,Arabica,Rwanda,ANT,TOTAL_BAGS_CERTIFIED,14235,bags
2026-06-12,,Arabica,Tanzania,ANT,TOTAL_BAGS_CERTIFIED,11563,bags
2026-06-12,,Arabica,Uganda,ANT,TOTAL_BAGS_CERTIFIED,39721,bags
2026-06-12,,Arabica,Burundi,HA/BR,TOTAL_BAGS_CERTIFIED,285,bags
2026-06-12,,Arabica,Honduras,HA/BR,TOTAL_BAGS_CERTIFIED,675,bags
2026-06-12,,Arabica,India,HA/BR,TOTAL_BAGS_CERTIFIED,2349,bags
2026-06-12,,Arabica,Kenya,HA/BR,TOTAL_BAGS_CERTIFIED,1299,bags
2026-06-12,,Arabica,Papua New Guinea,HA/BR,TOTAL_BAGS_CERTIFIED,10365,bags
2026-06-12,,Arabica,Peru,HA/BR,TOTAL_BAGS_CERTIFIED,496,bags
2026-06-12,,Arabica,Tanzania,HA/BR,TOTAL_BAGS_CERTIFIED,1830,bags
2026-06-12,,Arabica,Uganda,HA/BR,TOTAL_BAGS_CERTIFIED,320,bags
2026-06-12,,Arabica,Venezuela,HA/BR,TOTAL_BAGS_CERTIFIED,3000,bags
2026-06-12,,Arabica,Guatemala,HOU,TOTAL_BAGS_CERTIFIED,1650,bags
2026-06-12,,Arabica,Honduras,HOU,TOTAL_BAGS_CERTIFIED,55299,bags
2026-06-12,,Arabica,Nicaragua,HOU,TOTAL_BAGS_CERTIFIED,1125,bags
2026-06-12,,Arabica,Honduras,MIAMI,TOTAL_BAGS_CERTIFIED,7246,bags
2026-06-12,,Arabica,India,MIAMI,TOTAL_BAGS_CERTIFIED,1030,bags
2026-06-12,,Arabica,Kenya,MIAMI,TOTAL_BAGS_CERTIFIED,570,bags
2026-06-12,,Arabica,Peru,MIAMI,TOTAL_BAGS_CERTIFIED,3500,bags
2026-06-12,,Arabica,Venezuela,MIAMI,TOTAL_BAGS_CERTIFIED,3750,bags
2026-06-12,,Arabica,Colombia,NOLA,TOTAL_BAGS_CERTIFIED,225,bags
2026-06-12,,Arabica,Honduras,NOLA,TOTAL_BAGS_CERTIFIED,15992,bags
2026-06-12,,Arabica,Mexico,NOLA,TOTAL_BAGS_CERTIFIED,10799,bags
2026-06-12,,Arabica,Venezuela,NOLA,TOTAL_BAGS_CERTIFIED,250,bags
2026-06-12,,Arabica,Honduras,NY,TOTAL_BAGS_CERTIFIED,35,bags
2026-06-12,,Arabica,Mexico,NY,TOTAL_BAGS_CERTIFIED,6041,bags
2026-06-12,,Arabica,Papua New Guinea,NY,TOTAL_BAGS_CERTIFIED,425,bags
2026-06-12,,Arabica,Peru,NY,TOTAL_BAGS_CERTIFIED,98,bags
2026-06-12,,Arabica,Venezuela,NY,TOTAL_BAGS_CERTIFIED,1750,bags
2026-06-12,2026-06-11,Robusta,,ANT,NON_TENDERABLE,1,lots
2026-06-12,2026-06-11,Robusta,,ANT,VALID_CERTIFICATE,2030,lots
2026-06-12,2026-06-11,Robusta,,BAR,VALID_CERTIFICATE,9,lots
2026-06-12,2026-06-11,Robusta,,FEL,VALID_CERTIFICATE,31,lots
2026-06-12,2026-06-11,Robusta,,LON,VALID_CERTIFICATE,1691,lots
2026-06-15,,Arabica,Brazil,ANT,TOTAL_BAGS_CERTIFIED,10740,bags
2026-06-15,,Arabica,Burundi,ANT,TOTAL_BAGS_CERTIFIED,1453,bags
2026-06-15,,Arabica,Colombia,ANT,TOTAL_BAGS_CERTIFIED,25,bags
2026-06-15,,Arabica,El Salvador,ANT,TOTAL_BAGS_CERTIFIED,3518,bags
2026-06-15,,Arabica,Guatemala,ANT,TOTAL_BAGS_CERTIFIED,1375,bags
2026-06-15,,Arabica,Honduras,ANT,TOTAL_BAGS_CERTIFIED,36649,bags
2026-06-15,,Arabica,India,ANT,TOTAL_BAGS_CERTIFIED,13392,bags
2026-06-15,,Arabica,Kenya,ANT,TOTAL_BAGS_CERTIFIED,5483,bags
2026-06-15,,Arabica,Mexico,ANT,TOTAL_BAGS_CERTIFIED,35510,bags
2026-06-15,,Arabica,Nicaragua,ANT,TOTAL_BAGS_CERTIFIED,30878,bags
2026-06-15,,Arabica,Papua New Guinea,ANT,TOTAL_BAGS_CERTIFIED,5233,bags
2026-06-15,,Arabica,Peru,ANT,TOTAL_BAGS_CERTIFIED,57313,bags
2026-06-15,,Arabica,Rwanda,ANT,TOTAL_BAGS_CERTIFIED,14235,bags
2026-06-15,,Arabica,Tanzania,ANT,TOTAL_BAGS_CERTIFIED,11563,bags
2026-06-15,,Arabica,Uganda,ANT,TOTAL_BAGS_CERTIFIED,39721,bags
2026-06-15,,Arabica,Burundi,HA/BR,TOTAL_BAGS_CERTIFIED,285,bags
2026-06-15,,Arabica,Honduras,HA/BR,TOTAL_BAGS_CERTIFIED,675,bags
2026-06-15,,Arabica,India,HA/BR,TOTAL_BAGS_CERTIFIED,2349,bags
2026-06-15,,Arabica,Kenya,HA/BR,TOTAL_BAGS_CERTIFIED,1299,bags
2026-06-15,,Arabica,Papua New Guinea,HA/BR,TOTAL_BAGS_CERTIFIED,10365,bags
2026-06-15,,Arabica,Peru,HA/BR,TOTAL_BAGS_CERTIFIED,496,bags
2026-06-15,,Arabica,Tanzania,HA/BR,TOTAL_BAGS_CERTIFIED,1830,bags
2026-06-15,,Arabica,Uganda,HA/BR,TOTAL_BAGS_CERTIFIED,320,bags
2026-06-15,,Arabica,Venezuela,HA/BR,TOTAL_BAGS_CERTIFIED,3000,bags
2026-06-15,,Arabica,Guatemala,HOU,TOTAL_BAGS_CERTIFIED,1650,bags
2026-06-15,,Arabica,Honduras,HOU,TOTAL_BAGS_CERTIFIED,55049,bags
2026-06-15,,Arabica,Nicaragua,HOU,TOTAL_BAGS_CERTIFIED,1125,bags
2026-06-15,,Arabica,Honduras,MIAMI,TOTAL_BAGS_CERTIFIED,7246,bags
2026-06-15,,Arabica,India,MIAMI,TOTAL_BAGS_CERTIFIED,1030,bags
2026-06-15,,Arabica,Kenya,MIAMI,TOTAL_BAGS_CERTIFIED,570,bags
2026-06-15,,Arabica,Peru,MIAMI,TOTAL_BAGS_CERTIFIED,3500,bags
2026-06-15,,Arabica,Venezuela,MIAMI,TOTAL_BAGS_CERTIFIED,3750,bags
2026-06-15,,Arabica,Colombia,NOLA,TOTAL_BAGS_CERTIFIED,225,bags
2026-06-15,,Arabica,Honduras,NOLA,TOTAL_BAGS_CERTIFIED,15992,bags
2026-06-15,,Arabica,Mexico,NOLA,TOTAL_BAGS_CERTIFIED,10799,bags
2026-06-15,,Arabica,Venezuela,NOLA,TOTAL_BAGS_CERTIFIED,250,bags
2026-06-15,,Arabica,Honduras,NY,TOTAL_BAGS_CERTIFIED,35,bags
2026-06-15,,Arabica,Mexico,NY,TOTAL_BAGS_CERTIFIED,6041,bags
2026-06-15,,Arabica,Papua New Guinea,NY,TOTAL_BAGS_CERTIFIED,425,bags
2026-06-15,,Arabica,Peru,NY,TOTAL_BAGS_CERTIFIED,98,bags
2026-06-15,,Arabica,Venezuela,NY,TOTAL_BAGS_CERTIFIED,1750,bags
2026-06-15,2026-06-14,Robusta,,ANT,NON_TENDERABLE,1,lots
2026-06-15,2026-06-14,Robusta,,ANT,VALID_CERTIFICATE,2083,lots
2026-06-15,2026-06-14,Robusta,,BAR,VALID_CERTIFICATE,9,lots
2026-06-15,2026-06-14,Robusta,,FEL,VALID_CERTIFICATE,31,lots
2026-06-15,2026-06-14,Robusta,,LON,VALID_CERTIFICATE,1734,lots
2026-06-16,,Arabica,Brazil,ANT,TOTAL_BAGS_CERTIFIED,10455,bags
2026-06-16,,Arabica,Burundi,ANT,TOTAL_BAGS_CERTIFIED,1453,bags
2026-06-16,,Arabica,Colombia,ANT,TOTAL_BAGS_CERTIFIED,25,bags
2026-06-16,,Arabica,El Salvador,ANT,TOTAL_BAGS_CERTIFIED,3518,bags
2026-06-16,,Arabica,Guatemala,ANT,TOTAL_BAGS_CERTIFIED,1375,bags
2026-06-16,,Arabica,Honduras,ANT,TOTAL_BAGS_CERTIFIED,36649,bags
2026-06-16,,Arabica,India,ANT,TOTAL_BAGS_CERTIFIED,13392,bags
2026-06-16,,Arabica,Kenya,ANT,TOTAL_BAGS_CERTIFIED,5483,bags
2026-06-16,,Arabica,Mexico,ANT,TOTAL_BAGS_CERTIFIED,35510,bags
2026-06-16,,Arabica,Nicaragua,ANT,TOTAL_BAGS_CERTIFIED,30878,bags
2026-06-16,,Arabica,Papua New Guinea,ANT,TOTAL_BAGS_CERTIFIED,5233,bags
2026-06-16,,Arabica,Peru,ANT,TOTAL_BAGS_CERTIFIED,57313,bags
2026-06-16,,Arabica,Rwanda,ANT,TOTAL_BAGS_CERTIFIED,14235,bags
2026-06-16,,Arabica,Tanzania,ANT,TOTAL_BAGS_CERTIFIED,11563,bags
2026-06-16,,Arabica,Uganda,ANT,TOTAL_BAGS_CERTIFIED,39721,bags
2026-06-16,,Arabica,Burundi,HA/BR,TOTAL_BAGS_CERTIFIED,285,bags
2026-06-16,,Arabica,Honduras,HA/BR,TOTAL_BAGS_CERTIFIED,675,bags
2026-06-16,,Arabica,India,HA/BR,TOTAL_BAGS_CERTIFIED,2349,bags
2026-06-16,,Arabica,Kenya,HA/BR,TOTAL_BAGS_CERTIFIED,1299,bags
2026-06-16,,Arabica,Papua New Guinea,HA/BR,TOTAL_BAGS_CERTIFIED,10365,bags
2026-06-16,,Arabica,Peru,HA/BR,TOTAL_BAGS_CERTIFIED,496,bags
2026-06-16,,Arabica,Tanzania,HA/BR,TOTAL_BAGS_CERTIFIED,1830,bags
2026-06-16,,Arabica,Uganda,HA/BR,TOTAL_BAGS_CERTIFIED,320,bags
2026-06-16,,Arabica,Venezuela,HA/BR,TOTAL_BAGS_CERTIFIED,3000,bags
2026-06-16,,Arabica,Guatemala,HOU,TOTAL_BAGS_CERTIFIED,1650,bags
2026-06-16,,Arabica,Honduras,HOU,TOTAL_BAGS_CERTIFIED,55049,bags
2026-06-16,,Arabica,Nicaragua,HOU,TOTAL_BAGS_CERTIFIED,1125,bags
2026-06-16,,Arabica,Honduras,MIAMI,TOTAL_BAGS_CERTIFIED,7246,bags
2026-06-16,,Arabica,India,MIAMI,TOTAL_BAGS_CERTIFIED,1030,bags
2026-06-16,,Arabica,Kenya,MIAMI,TOTAL_BAGS_CERTIFIED,570,bags
2026-06-16,,Arabica,Peru,MIAMI,TOTAL_BAGS_CERTIFIED,3500,bags
2026-06-16,,Arabica,Venezuela,MIAMI,TOTAL_BAGS_CERTIFIED,3750,bags
2026-06-16,,Arabica,Colombia,NOLA,TOTAL_BAGS_CERTIFIED,225,bags
2026-06-16,,Arabica,Honduras,NOLA,TOTAL_BAGS_CERTIFIED,15992,bags
2026-06-16,,Arabica,Mexico,NOLA,TOTAL_BAGS_CERTIFIED,10799,bags
2026-06-16,,Arabica,Venezuela,NOLA,TOTAL_BAGS_CERTIFIED,250,bags
2026-06-16,,Arabica,Honduras,NY,TOTAL_BAGS_CERTIFIED,35,bags
2026-06-16,,Arabica,Mexico,NY,TOTAL_BAGS_CERTIFIED,6041,bags
2026-06-16,,Arabica,Papua New Guinea,NY,TOTAL_BAGS_CERTIFIED,425,bags
2026-06-16,,Arabica,Peru,NY,TOTAL_BAGS_CERTIFIED,98,bags
2026-06-16,,Arabica,Venezuela,NY,TOTAL_BAGS_CERTIFIED,1750,bags
2026-06-16,2026-06-15,Robusta,,ANT,NON_TENDERABLE,1,lots
2026-06-16,2026-06-15,Robusta,,ANT,VALID_CERTIFICATE,2174,lots
2026-06-16,2026-06-15,Robusta,,BAR,VALID_CERTIFICATE,9,lots
2026-06-16,2026-06-15,Robusta,,FEL,VALID_CERTIFICATE,31,lots
2026-06-16,2026-06-15,Robusta,,LON,VALID_CERTIFICATE,1777,lots
2026-06-17,,Arabica,Brazil,ANT,TOTAL_BAGS_CERTIFIED,10455,bags
2026-06-17,,Arabica,Burundi,ANT,TOTAL_BAGS_CERTIFIED,1453,bags
2026-06-17,,Arabica,Colombia,ANT,TOTAL_BAGS_CERTIFIED,25,bags
2026-06-17,,Arabica,El Salvador,ANT,TOTAL_BAGS_CERTIFIED,3518,bags
2026-06-17,,Arabica,Guatemala,ANT,TOTAL_BAGS_CERTIFIED,1375,bags
2026-06-17,,Arabica,Honduras,ANT,TOTAL_BAGS_CERTIFIED,36649,bags
2026-06-17,,Arabica,India,ANT,TOTAL_BAGS_CERTIFIED,13392,bags
2026-06-17,,Arabica,Kenya,ANT,TOTAL_BAGS_CERTIFIED,5483,bags
2026-06-17,,Arabica,Mexico,ANT,TOTAL_BAGS_CERTIFIED,35510,bags
2026-06-17,,Arabica,Nicaragua,ANT,TOTAL_BAGS_CERTIFIED,30878,bags
2026-06-17,,Arabica,Papua New Guinea,ANT,TOTAL_BAGS_CERTIFIED,5233,bags
2026-06-17,,Arabica,Peru,ANT,TOTAL_BAGS_CERTIFIED,57313,bags
2026-06-17,,Arabica,Rwanda,ANT,TOTAL_BAGS_CERTIFIED,14235,bags
2026-06-17,,Arabica,Tanzania,ANT,TOTAL_BAGS_CERTIFIED,11563,bags
2026-06-17,,Arabica,Uganda,ANT,TOTAL_BAGS_CERTIFIED,39721,bags
2026-06-17,,Arabica,Burundi,HA/BR,TOTAL_BAGS_CERTIFIED,285,bags
2026-06-17,,Arabica,Honduras,HA/BR,TOTAL_BAGS_CERTIFIED,675,bags
2026-06-17,,Arabica,India,HA/BR,TOTAL_BAGS_CERTIFIED,2349,bags
2026-06-17,,Arabica,Kenya,HA/BR,TOTAL_BAGS_CERTIFIED,1299,bags
2026-06-17,,Arabica,Papua New Guinea,HA/BR,TOTAL_BAGS_CERTIFIED,10365,bags
2026-06-17,,Arabica,Peru,HA/BR,TOTAL_BAGS_CERTIFIED,496,bags
2026-06-17,,Arabica,Tanzania,HA/BR,TOTAL_BAGS_CERTIFIED,1830,bags
2026-06-17,,Arabica,Uganda,HA/BR,TOTAL_BAGS_CERTIFIED,320,bags
2026-06-17,,Arabica,Venezuela,HA/BR,TOTAL_BAGS_CERTIFIED,3000,bags
2026-06-17,,Arabica,Guatemala,HOU,TOTAL_BAGS_CERTIFIED,1650,bags
2026-06-17,,Arabica,Honduras,HOU,TOTAL_BAGS_CERTIFIED,54549,bags
2026-06-17,,Arabica,Nicaragua,HOU,TOTAL_BAGS_CERTIFIED,1125,bags
2026-06-17,,Arabica,Honduras,MIAMI,TOTAL_BAGS_CERTIFIED,7246,bags
2026-06-17,,Arabica,India,MIAMI,TOTAL_BAGS_CERTIFIED,1030,bags
2026-06-17,,Arabica,Kenya,MIAMI,TOTAL_BAGS_CERTIFIED,570,bags
2026-06-17,,Arabica,Peru,MIAMI,TOTAL_BAGS_CERTIFIED,3500,bags
2026-06-17,,Arabica,Venezuela,MIAMI,TOTAL_BAGS_CERTIFIED,3750,bags
2026-06-17,,Arabica,Colombia,NOLA,TOTAL_BAGS_CERTIFIED,225,bags
2026-06-17,,Arabica,Honduras,NOLA,TOTAL_BAGS_CERTIFIED,15992,bags
2026-06-17,,Arabica,Mexico,NOLA,TOTAL_BAGS_CERTIFIED,10799,bags
2026-06-17,,Arabica,Venezuela,NOLA,TOTAL_BAGS_CERTIFIED,250,bags
2026-06-17,,Arabica,Honduras,NY,TOTAL_BAGS_CERTIFIED,35,bags
2026-06-17,,Arabica,Mexico,NY,TOTAL_BAGS_CERTIFIED,5755,bags
2026-06-17,,Arabica,Papua New Guinea,NY,TOTAL_BAGS_CERTIFIED,425,bags
2026-06-17,,Arabica,Peru,NY,TOTAL_BAGS_CERTIFIED,98,bags
2026-06-17,,Arabica,Venezuela,NY,TOTAL_BAGS_CERTIFIED,1750,bags
2026-06-17,2026-06-16,Robusta,,ANT,NON_TENDERABLE,1,lots
2026-06-17,2026-06-16,Robusta,,ANT,VALID_CERTIFICATE,2168,lots
2026-06-17,2026-06-16,Robusta,,BAR,VALID_CERTIFICATE,9,lots
2026-06-17,2026-06-16,Robusta,,FEL,VALID_CERTIFICATE,31,lots
2026-06-17,2026-06-16,Robusta,,LON,VALID_CERTIFICATE,1777,lots
2026-06-18,,Arabica,Brazil,ANT,TOTAL_BAGS_CERTIFIED,10455,bags
2026-06-18,,Arabica,Burundi,ANT,TOTAL_BAGS_CERTIFIED,1453,bags
2026-06-18,,Arabica,Colombia,ANT,TOTAL_BAGS_CERTIFIED,25,bags
2026-06-18,,Arabica,El Salvador,ANT,TOTAL_BAGS_CERTIFIED,3518,bags
2026-06-18,,Arabica,Guatemala,ANT,TOTAL_BAGS_CERTIFIED,1375,bags
2026-06-18,,Arabica,Honduras,ANT,TOTAL_BAGS_CERTIFIED,36649,bags
2026-06-18,,Arabica,India,ANT,TOTAL_BAGS_CERTIFIED,13392,bags
2026-06-18,,Arabica,Kenya,ANT,TOTAL_BAGS_CERTIFIED,5483,bags
2026-06-18,,Arabica,Mexico,ANT,TOTAL_BAGS_CERTIFIED,35009,bags
2026-06-18,,Arabica,Nicaragua,ANT,TOTAL_BAGS_CERTIFIED,30300,bags
2026-06-18,,Arabica,Papua New Guinea,ANT,TOTAL_BAGS_CERTIFIED,5233,bags
2026-06-18,,Arabica,Peru,ANT,TOTAL_BAGS_CERTIFIED,57313,bags
2026-06-18,,Arabica,Rwanda,ANT,TOTAL_BAGS_CERTIFIED,14235,bags
2026-06-18,,Arabica,Tanzania,ANT,TOTAL_BAGS_CERTIFIED,11563,bags
2026-06-18,,Arabica,Uganda,ANT,TOTAL_BAGS_CERTIFIED,39721,bags
2026-06-18,,Arabica,Burundi,HA/BR,TOTAL_BAGS_CERTIFIED,285,bags
2026-06-18,,Arabica,Honduras,HA/BR,TOTAL_BAGS_CERTIFIED,675,bags
2026-06-18,,Arabica,India,HA/BR,TOTAL_BAGS_CERTIFIED,2349,bags
2026-06-18,,Arabica,Kenya,HA/BR,TOTAL_BAGS_CERTIFIED,1299,bags
2026-06-18,,Arabica,Papua New Guinea,HA/BR,TOTAL_BAGS_CERTIFIED,10365,bags
2026-06-18,,Arabica,Peru,HA/BR,TOTAL_BAGS_CERTIFIED,496,bags
2026-06-18,,Arabica,Tanzania,HA/BR,TOTAL_BAGS_CERTIFIED,1830,bags
2026-06-18,,Arabica,Uganda,HA/BR,TOTAL_BAGS_CERTIFIED,320,bags
2026-06-18,,Arabica,Venezuela,HA/BR,TOTAL_BAGS_CERTIFIED,3000,bags
2026-06-18,,Arabica,Guatemala,HOU,TOTAL_BAGS_CERTIFIED,1650,bags
2026-06-18,,Arabica,Honduras,HOU,TOTAL_BAGS_CERTIFIED,53974,bags
2026-06-18,,Arabica,Nicaragua,HOU,TOTAL_BAGS_CERTIFIED,1125,bags
2026-06-18,,Arabica,Honduras,MIAMI,TOTAL_BAGS_CERTIFIED,7246,bags
2026-06-18,,Arabica,India,MIAMI,TOTAL_BAGS_CERTIFIED,1030,bags
2026-06-18,,Arabica,Kenya,MIAMI,TOTAL_BAGS_CERTIFIED,570,bags
2026-06-18,,Arabica,Peru,MIAMI,TOTAL_BAGS_CERTIFIED,3500,bags
2026-06-18,,Arabica,Venezuela,MIAMI,TOTAL_BAGS_CERTIFIED,3750,bags
2026-06-18,,Arabica,Colombia,NOLA,TOTAL_BAGS_CERTIFIED,225,bags
2026-06-18,,Arabica,Honduras,NOLA,TOTAL_BAGS_CERTIFIED,15742,bags
2026-06-18,,Arabica,Mexico,NOLA,TOTAL_BAGS_CERTIFIED,10799,bags
2026-06-18,,Arabica,Venezuela,NOLA,TOTAL_BAGS_CERTIFIED,250,bags
2026-06-18,,Arabica,Honduras,NY,TOTAL_BAGS_CERTIFIED,35,bags
2026-06-18,,Arabica,Mexico,NY,TOTAL_BAGS_CERTIFIED,5755,bags
2026-06-18,,Arabica,Papua New Guinea,NY,TOTAL_BAGS_CERTIFIED,425,bags
2026-06-18,,Arabica,Peru,NY,TOTAL_BAGS_CERTIFIED,98,bags
2026-06-18,,Arabica,Venezuela,NY,TOTAL_BAGS_CERTIFIED,1750,bags
2026-06-18,2026-06-17,Robusta,,ANT,NON_TENDERABLE,1,lots
2026-06-18,2026-06-17,Robusta,,ANT,VALID_CERTIFICATE,2215,lots
2026-06-18,2026-06-17,Robusta,,BAR,VALID_CERTIFICATE,9,lots
2026-06-18,2026-06-17,Robusta,,FEL,VALID_CERTIFICATE,31,lots
2026-06-18,2026-06-17,Robusta,,LON,VALID_CERTIFICATE,1777,lots
2026-06-19,,Arabica,Brazil,ANT,TOTAL_BAGS_CERTIFIED,10455,bags
2026-06-19,,Arabica,Burundi,ANT,TOTAL_BAGS_CERTIFIED,1453,bags
2026-06-19,,Arabica,Colombia,ANT,TOTAL_BAGS_CERTIFIED,25,bags
2026-06-19,,Arabica,El Salvador,ANT,TOTAL_BAGS_CERTIFIED,3518,bags
2026-06-19,,Arabica,Guatemala,ANT,TOTAL_BAGS_CERTIFIED,1375,bags
2026-06-19,,Arabica,Honduras,ANT,TOTAL_BAGS_CERTIFIED,37749,bags
2026-06-19,,Arabica,India,ANT,TOTAL_BAGS_CERTIFIED,13392,bags
2026-06-19,,Arabica,Kenya,ANT,TOTAL_BAGS_CERTIFIED,5483,bags
2026-06-19,,Arabica,Mexico,ANT,TOTAL_BAGS_CERTIFIED,35009,bags
2026-06-19,,Arabica,Nicaragua,ANT,TOTAL_BAGS_CERTIFIED,30300,bags
2026-06-19,,Arabica,Papua New Guinea,ANT,TOTAL_BAGS_CERTIFIED,5233,bags
2026-06-19,,Arabica,Peru,ANT,TOTAL_BAGS_CERTIFIED,57313,bags
2026-06-19,,Arabica,Rwanda,ANT,TOTAL_BAGS_CERTIFIED,14235,bags
2026-06-19,,Arabica,Tanzania,ANT,TOTAL_BAGS_CERTIFIED,11563,bags
2026-06-19,,Arabica,Uganda,ANT,TOTAL_BAGS_CERTIFIED,39721,bags
2026-06-19,,Arabica,Burundi,HA/BR,TOTAL_BAGS_CERTIFIED,285,bags
2026-06-19,,Arabica,Honduras,HA/BR,TOTAL_BAGS_CERTIFIED,675,bags
2026-06-19,,Arabica,India,HA/BR,TOTAL_BAGS_CERTIFIED,2349,bags
2026-06-19,,Arabica,Kenya,HA/BR,TOTAL_BAGS_CERTIFIED,1299,bags
2026-06-19,,Arabica,Papua New Guinea,HA/BR,TOTAL_BAGS_CERTIFIED,10365,bags
2026-06-19,,Arabica,Peru,HA/BR,TOTAL_BAGS_CERTIFIED,496,bags
2026-06-19,,Arabica,Tanzania,HA/BR,TOTAL_BAGS_CERTIFIED,1830,bags
2026-06-19,,Arabica,Uganda,HA/BR,TOTAL_BAGS_CERTIFIED,320,bags
2026-06-19,,Arabica,Venezuela,HA/BR,TOTAL_BAGS_CERTIFIED,3000,bags
2026-06-19,,Arabica,Guatemala,HOU,TOTAL_BAGS_CERTIFIED,1650,bags
2026-06-19,,Arabica,Honduras,HOU,TOTAL_BAGS_CERTIFIED,53974,bags
2026-06-19,,Arabica,Nicaragua,HOU,TOTAL_BAGS_CERTIFIED,1125,bags
2026-06-19,,Arabica,Honduras,MIAMI,TOTAL_BAGS_CERTIFIED,7246,bags
2026-06-19,,Arabica,India,MIAMI,TOTAL_BAGS_CERTIFIED,1030,bags
2026-06-19,,Arabica,Kenya,MIAMI,TOTAL_BAGS_CERTIFIED,570,bags
2026-06-19,,Arabica,Peru,MIAMI,TOTAL_BAGS_CERTIFIED,3250,bags
2026-06-19,,Arabica,Venezuela,MIAMI,TOTAL_BAGS_CERTIFIED,3750,bags
2026-06-19,,Arabica,Colombia,NOLA,TOTAL_BAGS_CERTIFIED,225,bags
2026-06-19,,Arabica,Honduras,NOLA,TOTAL_BAGS_CERTIFIED,15742,bags
2026-06-19,,Arabica,Mexico,NOLA,TOTAL_BAGS_CERTIFIED,10799,bags
2026-06-19,,Arabica,Venezuela,NOLA,TOTAL_BAGS_CERTIFIED,250,bags
2026-06-19,,Arabica,Honduras,NY,TOTAL_BAGS_CERTIFIED,35,bags
2026-06-19,,Arabica,Mexico,NY,TOTAL_BAGS_CERTIFIED,5755,bags
2026-06-19,,Arabica,Papua New Guinea,NY,TOTAL_BAGS_CERTIFIED,320,bags
2026-06-19,,Arabica,Peru,NY,TOTAL_BAGS_CERTIFIED,98,bags
2026-06-19,,Arabica,Venezuela,NY,TOTAL_BAGS_CERTIFIED,1750,bags
2026-06-19,2026-06-18,Robusta,,ANT,NON_TENDERABLE,1,lots
2026-06-19,2026-06-18,Robusta,,ANT,VALID_CERTIFICATE,2181,lots
2026-06-19,2026-06-18,Robusta,,BAR,VALID_CERTIFICATE,9,lots
2026-06-19,2026-06-18,Robusta,,FEL,VALID_CERTIFICATE,31,lots
2026-06-19,2026-06-18,Robusta,,LON,VALID_CERTIFICATE,1777,lots
2026-06-22,,Arabica,Brazil,ANT,TOTAL_BAGS_CERTIFIED,10455,bags
2026-06-22,,Arabica,Burundi,ANT,TOTAL_BAGS_CERTIFIED,1453,bags
2026-06-22,,Arabica,Colombia,ANT,TOTAL_BAGS_CERTIFIED,25,bags
2026-06-22,,Arabica,El Salvador,ANT,TOTAL_BAGS_CERTIFIED,3518,bags
2026-06-22,,Arabica,Guatemala,ANT,TOTAL_BAGS_CERTIFIED,1375,bags
2026-06-22,,Arabica,Honduras,ANT,TOTAL_BAGS_CERTIFIED,37749,bags
2026-06-22,,Arabica,India,ANT,TOTAL_BAGS_CERTIFIED,13392,bags
2026-06-22,,Arabica,Kenya,ANT,TOTAL_BAGS_CERTIFIED,5483,bags
2026-06-22,,Arabica,Mexico,ANT,TOTAL_BAGS_CERTIFIED,35009,bags
2026-06-22,,Arabica,Nicaragua,ANT,TOTAL_BAGS_CERTIFIED,29475,bags
2026-06-22,,Arabica,Papua New Guinea,ANT,TOTAL_BAGS_CERTIFIED,5233,bags
2026-06-22,,Arabica,Peru,ANT,TOTAL_BAGS_CERTIFIED,57313,bags
2026-06-22,,Arabica,Rwanda,ANT,TOTAL_BAGS_CERTIFIED,14235,bags
2026-06-22,,Arabica,Tanzania,ANT,TOTAL_BAGS_CERTIFIED,11563,bags
2026-06-22,,Arabica,Uganda,ANT,TOTAL_BAGS_CERTIFIED,39721,bags
2026-06-22,,Arabica,Burundi,HA/BR,TOTAL_BAGS_CERTIFIED,285,bags
2026-06-22,,Arabica,Honduras,HA/BR,TOTAL_BAGS_CERTIFIED,675,bags
2026-06-22,,Arabica,India,HA/BR,TOTAL_BAGS_CERTIFIED,2349,bags
2026-06-22,,Arabica,Kenya,HA/BR,TOTAL_BAGS_CERTIFIED,1299,bags
2026-06-22,,Arabica,Papua New Guinea,HA/BR,TOTAL_BAGS_CERTIFIED,10365,bags
2026-06-22,,Arabica,Peru,HA/BR,TOTAL_BAGS_CERTIFIED,496,bags
2026-06-22,,Arabica,Tanzania,HA/BR,TOTAL_BAGS_CERTIFIED,1830,bags
2026-06-22,,Arabica,Uganda,HA/BR,TOTAL_BAGS_CERTIFIED,320,bags
2026-06-22,,Arabica,Venezuela,HA/BR,TOTAL_BAGS_CERTIFIED,3000,bags
2026-06-22,,Arabica,Guatemala,HOU,TOTAL_BAGS_CERTIFIED,1650,bags
2026-06-22,,Arabica,Honduras,HOU,TOTAL_BAGS_CERTIFIED,53974,bags
2026-06-22,,Arabica,Nicaragua,HOU,TOTAL_BAGS_CERTIFIED,1125,bags
2026-06-22,,Arabica,Honduras,MIAMI,TOTAL_BAGS_CERTIFIED,7246,bags
2026-06-22,,Arabica,India,MIAMI,TOTAL_BAGS_CERTIFIED,1030,bags
2026-06-22,,Arabica,Kenya,MIAMI,TOTAL_BAGS_CERTIFIED,570,bags
2026-06-22,,Arabica,Peru,MIAMI,TOTAL_BAGS_CERTIFIED,3250,bags
2026-06-22,,Arabica,Venezuela,MIAMI,TOTAL_BAGS_CERTIFIED,3750,bags
2026-06-22,,Arabica,Colombia,NOLA,TOTAL_BAGS_CERTIFIED,225,bags
2026-06-22,,Arabica,Honduras,NOLA,TOTAL_BAGS_CERTIFIED,15742,bags
2026-06-22,,Arabica,Mexico,NOLA,TOTAL_BAGS_CERTIFIED,10799,bags
2026-06-22,,Arabica,Venezuela,NOLA,TOTAL_BAGS_CERTIFIED,250,bags
2026-06-22,,Arabica,Honduras,NY,TOTAL_BAGS_CERTIFIED,35,bags
2026-06-22,,Arabica,Mexico,NY,TOTAL_BAGS_CERTIFIED,5755,bags
2026-06-22,,Arabica,Papua New Guinea,NY,TOTAL_BAGS_CERTIFIED,320,bags
2026-06-22,,Arabica,Peru,NY,TOTAL_BAGS_CERTIFIED,98,bags
2026-06-22,,Arabica,Venezuela,NY,TOTAL_BAGS_CERTIFIED,1500,bags
2026-06-22,2026-06-21,Robusta,,ANT,NON_TENDERABLE,1,lots
2026-06-22,2026-06-21,Robusta,,ANT,VALID_CERTIFICATE,2181,lots
2026-06-22,2026-06-21,Robusta,,BAR,VALID_CERTIFICATE,9,lots
2026-06-22,2026-06-21,Robusta,,FEL,VALID_CERTIFICATE,31,lots
2026-06-22,2026-06-21,Robusta,,LON,VALID_CERTIFICATE,1777,lots
2026-06-23,,Arabica,Brazil,ANT,TOTAL_BAGS_CERTIFIED,10455,bags
2026-06-23,,Arabica,Burundi,ANT,TOTAL_BAGS_CERTIFIED,1453,bags
2026-06-23,,Arabica,Colombia,ANT,TOTAL_BAGS_CERTIFIED,25,bags
2026-06-23,,Arabica,El Salvador,ANT,TOTAL_BAGS_CERTIFIED,3518,bags
2026-06-23,,Arabica,Guatemala,ANT,TOTAL_BAGS_CERTIFIED,1375,bags
2026-06-23,,Arabica,Honduras,ANT,TOTAL_BAGS_CERTIFIED,37749,bags
2026-06-23,,Arabica,India,ANT,TOTAL_BAGS_CERTIFIED,13392,bags
2026-06-23,,Arabica,Kenya,ANT,TOTAL_BAGS_CERTIFIED,5483,bags
2026-06-23,,Arabica,Mexico,ANT,TOTAL_BAGS_CERTIFIED,35009,bags
2026-06-23,,Arabica,Nicaragua,ANT,TOTAL_BAGS_CERTIFIED,29475,bags
2026-06-23,,Arabica,Papua New Guinea,ANT,TOTAL_BAGS_CERTIFIED,5233,bags
2026-06-23,,Arabica,Peru,ANT,TOTAL_BAGS_CERTIFIED,57313,bags
2026-06-23,,Arabica,Rwanda,ANT,TOTAL_BAGS_CERTIFIED,14235,bags
2026-06-23,,Arabica,Tanzania,ANT,TOTAL_BAGS_CERTIFIED,11563,bags
2026-06-23,,Arabica,Uganda,ANT,TOTAL_BAGS_CERTIFIED,38694,bags
2026-06-23,,Arabica,Burundi,HA/BR,TOTAL_BAGS_CERTIFIED,285,bags
2026-06-23,,Arabica,Honduras,HA/BR,TOTAL_BAGS_CERTIFIED,675,bags
2026-06-23,,Arabica,India,HA/BR,TOTAL_BAGS_CERTIFIED,2349,bags
2026-06-23,,Arabica,Kenya,HA/BR,TOTAL_BAGS_CERTIFIED,1299,bags
2026-06-23,,Arabica,Papua New Guinea,HA/BR,TOTAL_BAGS_CERTIFIED,10365,bags
2026-06-23,,Arabica,Peru,HA/BR,TOTAL_BAGS_CERTIFIED,496,bags
2026-06-23,,Arabica,Tanzania,HA/BR,TOTAL_BAGS_CERTIFIED,1830,bags
2026-06-23,,Arabica,Uganda,HA/BR,TOTAL_BAGS_CERTIFIED,320,bags
2026-06-23,,Arabica,Venezuela,HA/BR,TOTAL_BAGS_CERTIFIED,3000,bags
2026-06-23,,Arabica,Guatemala,HOU,TOTAL_BAGS_CERTIFIED,1650,bags
2026-06-23,,Arabica,Honduras,HOU,TOTAL_BAGS_CERTIFIED,53974,bags
2026-06-23,,Arabica,Nicaragua,HOU,TOTAL_BAGS_CERTIFIED,1125,bags
2026-06-23,,Arabica,Honduras,MIAMI,TOTAL_BAGS_CERTIFIED,7246,bags
2026-06-23,,Arabica,India,MIAMI,TOTAL_BAGS_CERTIFIED,1030,bags
2026-06-23,,Arabica,Kenya,MIAMI,TOTAL_BAGS_CERTIFIED,570,bags
2026-06-23,,Arabica,Peru,MIAMI,TOTAL_BAGS_CERTIFIED,3250,bags
2026-06-23,,Arabica,Venezuela,MIAMI,TOTAL_BAGS_CERTIFIED,3750,bags
2026-06-23,,Arabica,Colombia,NOLA,TOTAL_BAGS_CERTIFIED,225,bags
2026-06-23,,Arabica,Honduras,NOLA,TOTAL_BAGS_CERTIFIED,15742,bags
2026-06-23,,Arabica,Mexico,NOLA,TOTAL_BAGS_CERTIFIED,10799,bags
2026-06-23,,Arabica,Venezuela,NOLA,TOTAL_BAGS_CERTIFIED,250,bags
2026-06-23,,Arabica,Honduras,NY,TOTAL_BAGS_CERTIFIED,35,bags
2026-06-23,,Arabica,Mexico,NY,TOTAL_BAGS_CERTIFIED,5755,bags
2026-06-23,,Arabica,Papua New Guinea,NY,TOTAL_BAGS_CERTIFIED,320,bags
2026-06-23,,Arabica,Peru,NY,TOTAL_BAGS_CERTIFIED,98,bags
2026-06-23,,Arabica,Venezuela,NY,TOTAL_BAGS_CERTIFIED,1500,bags
2026-06-23,2026-06-22,Robusta,,ANT,NON_TENDERABLE,1,lots
2026-06-23,2026-06-22,Robusta,,ANT,VALID_CERTIFICATE,2178,lots
2026-06-23,2026-06-22,Robusta,,BAR,VALID_CERTIFICATE,9,lots
2026-06-23,2026-06-22,Robusta,,FEL,VALID_CERTIFICATE,31,lots
2026-06-23,2026-06-22,Robusta,,LON,VALID_CERTIFICATE,1777,lots
2026-06-24,,Arabica,Brazil,ANT,TOTAL_BAGS_CERTIFIED,10455,bags
2026-06-24,,Arabica,Burundi,ANT,TOTAL_BAGS_CERTIFIED,714,bags
2026-06-24,,Arabica,Colombia,ANT,TOTAL_BAGS_CERTIFIED,25,bags
2026-06-24,,Arabica,El Salvador,ANT,TOTAL_BAGS_CERTIFIED,3518,bags
2026-06-24,,Arabica,Guatemala,ANT,TOTAL_BAGS_CERTIFIED,1375,bags
2026-06-24,,Arabica,Honduras,ANT,TOTAL_BAGS_CERTIFIED,36924,bags
2026-06-24,,Arabica,India,ANT,TOTAL_BAGS_CERTIFIED,13392,bags
2026-06-24,,Arabica,Kenya,ANT,TOTAL_BAGS_CERTIFIED,4628,bags
2026-06-24,,Arabica,Mexico,ANT,TOTAL_BAGS_CERTIFIED,35009,bags
2026-06-24,,Arabica,Nicaragua,ANT,TOTAL_BAGS_CERTIFIED,29475,bags
2026-06-24,,Arabica,Papua New Guinea,ANT,TOTAL_BAGS_CERTIFIED,5233,bags
2026-06-24,,Arabica,Peru,ANT,TOTAL_BAGS_CERTIFIED,57313,bags
2026-06-24,,Arabica,Rwanda,ANT,TOTAL_BAGS_CERTIFIED,13950,bags
2026-06-24,,Arabica,Tanzania,ANT,TOTAL_BAGS_CERTIFIED,11563,bags
2026-06-24,,Arabica,Uganda,ANT,TOTAL_BAGS_CERTIFIED,38694,bags
2026-06-24,,Arabica,Burundi,HA/BR,TOTAL_BAGS_CERTIFIED,285,bags
2026-06-24,,Arabica,Honduras,HA/BR,TOTAL_BAGS_CERTIFIED,675,bags
2026-06-24,,Arabica,India,HA/BR,TOTAL_BAGS_CERTIFIED,2349,bags
2026-06-24,,Arabica,Kenya,HA/BR,TOTAL_BAGS_CERTIFIED,1299,bags
2026-06-24,,Arabica,Papua New Guinea,HA/BR,TOTAL_BAGS_CERTIFIED,10365,bags
2026-06-24,,Arabica,Peru,HA/BR,TOTAL_BAGS_CERTIFIED,496,bags
2026-06-24,,Arabica,Tanzania,HA/BR,TOTAL_BAGS_CERTIFIED,1830,bags
2026-06-24,,Arabica,Uganda,HA/BR,TOTAL_BAGS_CERTIFIED,320,bags
2026-06-24,,Arabica,Venezuela,HA/BR,TOTAL_BAGS_CERTIFIED,3000,bags
2026-06-24,,Arabica,Guatemala,HOU,TOTAL_BAGS_CERTIFIED,1650,bags
2026-06-24,,Arabica,Honduras,HOU,TOTAL_BAGS_CERTIFIED,53974,bags
2026-06-24,,Arabica,Nicaragua,HOU,TOTAL_BAGS_CERTIFIED,1125,bags
2026-06-24,,Arabica,Honduras,MIAMI,TOTAL_BAGS_CERTIFIED,7246,bags
2026-06-24,,Arabica,India,MIAMI,TOTAL_BAGS_CERTIFIED,1030,bags
2026-06-24,,Arabica,Kenya,MIAMI,TOTAL_BAGS_CERTIFIED,570,bags
2026-06-24,,Arabica,Peru,MIAMI,TOTAL_BAGS_CERTIFIED,3250,bags
2026-06-24,,Arabica,Venezuela,MIAMI,TOTAL_BAGS_CERTIFIED,3750,bags
2026-06-24,,Arabica,Colombia,NOLA,TOTAL_BAGS_CERTIFIED,225,bags
2026-06-24,,Arabica,Honduras,NOLA,TOTAL_BAGS_CERTIFIED,14742,bags
2026-06-24,,Arabica,Mexico,NOLA,TOTAL_BAGS_CERTIFIED,10799,bags
2026-06-24,,Arabica,Venezuela,NOLA,TOTAL_BAGS_CERTIFIED,250,bags
2026-06-24,,Arabica,Honduras,NY,TOTAL_BAGS_CERTIFIED,35,bags
2026-06-24,,Arabica,Mexico,NY,TOTAL_BAGS_CERTIFIED,5755,bags
2026-06-24,,Arabica,Papua New Guinea,NY,TOTAL_BAGS_CERTIFIED,320,bags
2026-06-24,,Arabica,Peru,NY,TOTAL_BAGS_CERTIFIED,98,bags
2026-06-24,,Arabica,Venezuela,NY,TOTAL_BAGS_CERTIFIED,1250,bags
2026-06-24,2026-06-23,Robusta,,ANT,NON_TENDERABLE,1,lots
2026-06-24,2026-06-23,Robusta,,ANT,VALID_CERTIFICATE,2169,lots
2026-06-24,2026-06-23,Robusta,,BAR,VALID_CERTIFICATE,9,lots
2026-06-24,2026-06-23,Robusta,,FEL,VALID_CERTIFICATE,31,lots
2026-06-24,2026-06-23,Robusta,,LON,VALID_CERTIFICATE,1777,lots
2026-06-25,,Arabica,Brazil,ANT,TOTAL_BAGS_CERTIFIED,10455,bags
2026-06-25,,Arabica,Burundi,ANT,TOTAL_BAGS_CERTIFIED,714,bags
2026-06-25,,Arabica,Colombia,ANT,TOTAL_BAGS_CERTIFIED,25,bags
2026-06-25,,Arabica,El Salvador,ANT,TOTAL_BAGS_CERTIFIED,3243,bags
2026-06-25,,Arabica,Guatemala,ANT,TOTAL_BAGS_CERTIFIED,1375,bags
2026-06-25,,Arabica,Honduras,ANT,TOTAL_BAGS_CERTIFIED,36924,bags
2026-06-25,,Arabica,India,ANT,TOTAL_BAGS_CERTIFIED,13392,bags
2026-06-25,,Arabica,Kenya,ANT,TOTAL_BAGS_CERTIFIED,4628,bags
2026-06-25,,Arabica,Mexico,ANT,TOTAL_BAGS_CERTIFIED,35009,bags
2026-06-25,,Arabica,Nicaragua,ANT,TOTAL_BAGS_CERTIFIED,29226,bags
2026-06-25,,Arabica,Papua New Guinea,ANT,TOTAL_BAGS_CERTIFIED,5233,bags
2026-06-25,,Arabica,Peru,ANT,TOTAL_BAGS_CERTIFIED,57313,bags
2026-06-25,,Arabica,Rwanda,ANT,TOTAL_BAGS_CERTIFIED,10709,bags
2026-06-25,,Arabica,Tanzania,ANT,TOTAL_BAGS_CERTIFIED,11563,bags
2026-06-25,,Arabica,Uganda,ANT,TOTAL_BAGS_CERTIFIED,38694,bags
2026-06-25,,Arabica,Burundi,HA/BR,TOTAL_BAGS_CERTIFIED,285,bags
2026-06-25,,Arabica,Honduras,HA/BR,TOTAL_BAGS_CERTIFIED,675,bags
2026-06-25,,Arabica,India,HA/BR,TOTAL_BAGS_CERTIFIED,2349,bags
2026-06-25,,Arabica,Kenya,HA/BR,TOTAL_BAGS_CERTIFIED,1299,bags
2026-06-25,,Arabica,Papua New Guinea,HA/BR,TOTAL_BAGS_CERTIFIED,10365,bags
2026-06-25,,Arabica,Peru,HA/BR,TOTAL_BAGS_CERTIFIED,496,bags
2026-06-25,,Arabica,Tanzania,HA/BR,TOTAL_BAGS_CERTIFIED,1830,bags
2026-06-25,,Arabica,Uganda,HA/BR,TOTAL_BAGS_CERTIFIED,320,bags
2026-06-25,,Arabica,Venezuela,HA/BR,TOTAL_BAGS_CERTIFIED,3000,bags
2026-06-25,,Arabica,Guatemala,HOU,TOTAL_BAGS_CERTIFIED,1650,bags
2026-06-25,,Arabica,Honduras,HOU,TOTAL_BAGS_CERTIFIED,53974,bags
2026-06-25,,Arabica,Nicaragua,HOU,TOTAL_BAGS_CERTIFIED,1125,bags
2026-06-25,,Arabica,Honduras,MIAMI,TOTAL_BAGS_CERTIFIED,7246,bags
2026-06-25,,Arabica,India,MIAMI,TOTAL_BAGS_CERTIFIED,1030,bags
2026-06-25,,Arabica,Kenya,MIAMI,TOTAL_BAGS_CERTIFIED,570,bags
2026-06-25,,Arabica,Peru,MIAMI,TOTAL_BAGS_CERTIFIED,3250,bags
2026-06-25,,Arabica,Venezuela,MIAMI,TOTAL_BAGS_CERTIFIED,3750,bags
2026-06-25,,Arabica,Colombia,NOLA,TOTAL_BAGS_CERTIFIED,225,bags
2026-06-25,,Arabica,Honduras,NOLA,TOTAL_BAGS_CERTIFIED,14742,bags
2026-06-25,,Arabica,Mexico,NOLA,TOTAL_BAGS_CERTIFIED,10799,bags
2026-06-25,,Arabica,Venezuela,NOLA,TOTAL_BAGS_CERTIFIED,250,bags
2026-06-25,,Arabica,Honduras,NY,TOTAL_BAGS_CERTIFIED,35,bags
2026-06-25,,Arabica,Mexico,NY,TOTAL_BAGS_CERTIFIED,5755,bags
2026-06-25,,Arabica,Papua New Guinea,NY,TOTAL_BAGS_CERTIFIED,320,bags
2026-06-25,,Arabica,Peru,NY,TOTAL_BAGS_CERTIFIED,98,bags
2026-06-25,,Arabica,Venezuela,NY,TOTAL_BAGS_CERTIFIED,1250,bags
2026-06-25,2026-06-24,Robusta,,ANT,NON_TENDERABLE,1,lots
2026-06-25,2026-06-24,Robusta,,ANT,VALID_CERTIFICATE,2149,lots
2026-06-25,2026-06-24,Robusta,,BAR,VALID_CERTIFICATE,9,lots
2026-06-25,2026-06-24,Robusta,,FEL,VALID_CERTIFICATE,31,lots
2026-06-25,2026-06-24,Robusta,,LON,VALID_CERTIFICATE,1777,lots
2026-06-26,,Arabica,Brazil,ANT,TOTAL_BAGS_CERTIFIED,10455,bags
2026-06-26,,Arabica,Burundi,ANT,TOTAL_BAGS_CERTIFIED,714,bags
2026-06-26,,Arabica,Colombia,ANT,TOTAL_BAGS_CERTIFIED,25,bags
2026-06-26,,Arabica,El Salvador,ANT,TOTAL_BAGS_CERTIFIED,3243,bags
2026-06-26,,Arabica,Guatemala,ANT,TOTAL_BAGS_CERTIFIED,1375,bags
2026-06-26,,Arabica,Honduras,ANT,TOTAL_BAGS_CERTIFIED,35624,bags
2026-06-26,,Arabica,India,ANT,TOTAL_BAGS_CERTIFIED,13392,bags
2026-06-26,,Arabica,Kenya,ANT,TOTAL_BAGS_CERTIFIED,4628,bags
2026-06-26,,Arabica,Mexico,ANT,TOTAL_BAGS_CERTIFIED,34509,bags
2026-06-26,,Arabica,Nicaragua,ANT,TOTAL_BAGS_CERTIFIED,28951,bags
2026-06-26,,Arabica,Papua New Guinea,ANT,TOTAL_BAGS_CERTIFIED,5233,bags
2026-06-26,,Arabica,Peru,ANT,TOTAL_BAGS_CERTIFIED,57313,bags
2026-06-26,,Arabica,Rwanda,ANT,TOTAL_BAGS_CERTIFIED,10709,bags
2026-06-26,,Arabica,Tanzania,ANT,TOTAL_BAGS_CERTIFIED,11563,bags
2026-06-26,,Arabica,Uganda,ANT,TOTAL_BAGS_CERTIFIED,38694,bags
2026-06-26,,Arabica,Burundi,HA/BR,TOTAL_BAGS_CERTIFIED,285,bags
2026-06-26,,Arabica,Honduras,HA/BR,TOTAL_BAGS_CERTIFIED,675,bags
2026-06-26,,Arabica,India,HA/BR,TOTAL_BAGS_CERTIFIED,2349,bags
2026-06-26,,Arabica,Kenya,HA/BR,TOTAL_BAGS_CERTIFIED,1299,bags
2026-06-26,,Arabica,Papua New Guinea,HA/BR,TOTAL_BAGS_CERTIFIED,10365,bags
2026-06-26,,Arabica,Peru,HA/BR,TOTAL_BAGS_CERTIFIED,496,bags
2026-06-26,,Arabica,Tanzania,HA/BR,TOTAL_BAGS_CERTIFIED,1830,bags
2026-06-26,,Arabica,Uganda,HA/BR,TOTAL_BAGS_CERTIFIED,320,bags
2026-06-26,,Arabica,Venezuela,HA/BR,TOTAL_BAGS_CERTIFIED,3000,bags
2026-06-26,,Arabica,Guatemala,HOU,TOTAL_BAGS_CERTIFIED,1650,bags
2026-06-26,,Arabica,Honduras,HOU,TOTAL_BAGS_CERTIFIED,53692,bags
2026-06-26,,Arabica,Nicaragua,HOU,TOTAL_BAGS_CERTIFIED,1125,bags
2026-06-26,,Arabica,Honduras,MIAMI,TOTAL_BAGS_CERTIFIED,7246,bags
2026-06-26,,Arabica,India,MIAMI,TOTAL_BAGS_CERTIFIED,1030,bags
2026-06-26,,Arabica,Kenya,MIAMI,TOTAL_BAGS_CERTIFIED,570,bags
2026-06-26,,Arabica,Peru,MIAMI,TOTAL_BAGS_CERTIFIED,2500,bags
2026-06-26,,Arabica,Venezuela,MIAMI,TOTAL_BAGS_CERTIFIED,3750,bags
2026-06-26,,Arabica,Colombia,NOLA,TOTAL_BAGS_CERTIFIED,225,bags
2026-06-26,,Arabica,Honduras,NOLA,TOTAL_BAGS_CERTIFIED,14742,bags
2026-06-26,,Arabica,Mexico,NOLA,TOTAL_BAGS_CERTIFIED,10799,bags
2026-06-26,,Arabica,Venezuela,NOLA,TOTAL_BAGS_CERTIFIED,250,bags
2026-06-26,,Arabica,Honduras,NY,TOTAL_BAGS_CERTIFIED,35,bags
2026-06-26,,Arabica,Mexico,NY,TOTAL_BAGS_CERTIFIED,5755,bags
2026-06-26,,Arabica,Papua New Guinea,NY,TOTAL_BAGS_CERTIFIED,320,bags
2026-06-26,,Arabica,Peru,NY,TOTAL_BAGS_CERTIFIED,98,bags
2026-06-26,,Arabica,Venezuela,NY,TOTAL_BAGS_CERTIFIED,1250,bags
2026-06-26,2026-06-25,Robusta,,ANT,NON_TENDERABLE,1,lots
2026-06-26,2026-06-25,Robusta,,ANT,VALID_CERTIFICATE,2195,lots
2026-06-26,2026-06-25,Robusta,,BAR,VALID_CERTIFICATE,9,lots
2026-06-26,2026-06-25,Robusta,,FEL,VALID_CERTIFICATE,31,lots
2026-06-26,2026-06-25,Robusta,,LON,VALID_CERTIFICATE,1777,lots
2026-06-29,,Arabica,Brazil,ANT,TOTAL_BAGS_CERTIFIED,10455,bags
2026-06-29,,Arabica,Burundi,ANT,TOTAL_BAGS_CERTIFIED,714,bags
2026-06-29,,Arabica,Colombia,ANT,TOTAL_BAGS_CERTIFIED,25,bags
2026-06-29,,Arabica,El Salvador,ANT,TOTAL_BAGS_CERTIFIED,3243,bags
2026-06-29,,Arabica,Guatemala,ANT,TOTAL_BAGS_CERTIFIED,1375,bags
2026-06-29,,Arabica,Honduras,ANT,TOTAL_BAGS_CERTIFIED,35624,bags
2026-06-29,,Arabica,India,ANT,TOTAL_BAGS_CERTIFIED,13392,bags
2026-06-29,,Arabica,Kenya,ANT,TOTAL_BAGS_CERTIFIED,4628,bags
2026-06-29,,Arabica,Mexico,ANT,TOTAL_BAGS_CERTIFIED,34509,bags
2026-06-29,,Arabica,Nicaragua,ANT,TOTAL_BAGS_CERTIFIED,28451,bags
2026-06-29,,Arabica,Papua New Guinea,ANT,TOTAL_BAGS_CERTIFIED,5233,bags
2026-06-29,,Arabica,Peru,ANT,TOTAL_BAGS_CERTIFIED,57313,bags
2026-06-29,,Arabica,Rwanda,ANT,TOTAL_BAGS_CERTIFIED,10709,bags
2026-06-29,,Arabica,Tanzania,ANT,TOTAL_BAGS_CERTIFIED,11563,bags
2026-06-29,,Arabica,Uganda,ANT,TOTAL_BAGS_CERTIFIED,38694,bags
2026-06-29,,Arabica,Burundi,HA/BR,TOTAL_BAGS_CERTIFIED,285,bags
2026-06-29,,Arabica,Honduras,HA/BR,TOTAL_BAGS_CERTIFIED,675,bags
2026-06-29,,Arabica,India,HA/BR,TOTAL_BAGS_CERTIFIED,2349,bags
2026-06-29,,Arabica,Kenya,HA/BR,TOTAL_BAGS_CERTIFIED,1299,bags
2026-06-29,,Arabica,Papua New Guinea,HA/BR,TOTAL_BAGS_CERTIFIED,10365,bags
2026-06-29,,Arabica,Peru,HA/BR,TOTAL_BAGS_CERTIFIED,496,bags
2026-06-29,,Arabica,Tanzania,HA/BR,TOTAL_BAGS_CERTIFIED,1830,bags
2026-06-29,,Arabica,Uganda,HA/BR,TOTAL_BAGS_CERTIFIED,320,bags
2026-06-29,,Arabica,Venezuela,HA/BR,TOTAL_BAGS_CERTIFIED,3000,bags
2026-06-29,,Arabica,Guatemala,HOU,TOTAL_BAGS_CERTIFIED,1375,bags
2026-06-29,,Arabica,Honduras,HOU,TOTAL_BAGS_CERTIFIED,53192,bags
2026-06-29,,Arabica,Nicaragua,HOU,TOTAL_BAGS_CERTIFIED,1125,bags
2026-06-29,,Arabica,Honduras,MIAMI,TOTAL_BAGS_CERTIFIED,6971,bags
2026-06-29,,Arabica,India,MIAMI,TOTAL_BAGS_CERTIFIED,1030,bags
2026-06-29,,Arabica,Kenya,MIAMI,TOTAL_BAGS_CERTIFIED,570,bags
2026-06-29,,Arabica,Peru,MIAMI,TOTAL_BAGS_CERTIFIED,2500,bags
2026-06-29,,Arabica,Venezuela,MIAMI,TOTAL_BAGS_CERTIFIED,3750,bags
2026-06-29,,Arabica,Colombia,NOLA,TOTAL_BAGS_CERTIFIED,225,bags
2026-06-29,,Arabica,Honduras,NOLA,TOTAL_BAGS_CERTIFIED,14742,bags
2026-06-29,,Arabica,Mexico,NOLA,TOTAL_BAGS_CERTIFIED,10799,bags
2026-06-29,,Arabica,Venezuela,NOLA,TOTAL_BAGS_CERTIFIED,250,bags
2026-06-29,,Arabica,Honduras,NY,TOTAL_BAGS_CERTIFIED,35,bags
2026-06-29,,Arabica,Mexico,NY,TOTAL_BAGS_CERTIFIED,5755,bags
2026-06-29,,Arabica,Papua New Guinea,NY,TOTAL_BAGS_CERTIFIED,320,bags
2026-06-29,,Arabica,Peru,NY,TOTAL_BAGS_CERTIFIED,98,bags
2026-06-29,,Arabica,Venezuela,NY,TOTAL_BAGS_CERTIFIED,1250,bags
2026-06-29,2026-06-28,Robusta,,ANT,NON_TENDERABLE,1,lots
2026-06-29,2026-06-28,Robusta,,ANT,VALID_CERTIFICATE,2236,lots
2026-06-29,2026-06-28,Robusta,,BAR,VALID_CERTIFICATE,9,lots
2026-06-29,2026-06-28,Robusta,,FEL,VALID_CERTIFICATE,31,lots
2026-06-29,2026-06-28,Robusta,,LON,VALID_CERTIFICATE,1777,lots
2026-06-30,,Arabica,Brazil,ANT,TOTAL_BAGS_CERTIFIED,10455,bags
2026-06-30,,Arabica,Burundi,ANT,TOTAL_BAGS_CERTIFIED,714,bags
2026-06-30,,Arabica,Colombia,ANT,TOTAL_BAGS_CERTIFIED,25,bags
2026-06-30,,Arabica,El Salvador,ANT,TOTAL_BAGS_CERTIFIED,2518,bags
2026-06-30,,Arabica,Guatemala,ANT,TOTAL_BAGS_CERTIFIED,1375,bags
2026-06-30,,Arabica,Honduras,ANT,TOTAL_BAGS_CERTIFIED,35624,bags
2026-06-30,,Arabica,India,ANT,TOTAL_BAGS_CERTIFIED,13392,bags
2026-06-30,,Arabica,Kenya,ANT,TOTAL_BAGS_CERTIFIED,4628,bags
2026-06-30,,Arabica,Mexico,ANT,TOTAL_BAGS_CERTIFIED,34509,bags
2026-06-30,,Arabica,Nicaragua,ANT,TOTAL_BAGS_CERTIFIED,28201,bags
2026-06-30,,Arabica,Papua New Guinea,ANT,TOTAL_BAGS_CERTIFIED,5233,bags
2026-06-30,,Arabica,Peru,ANT,TOTAL_BAGS_CERTIFIED,56813,bags
2026-06-30,,Arabica,Rwanda,ANT,TOTAL_BAGS_CERTIFIED,10709,bags
2026-06-30,,Arabica,Tanzania,ANT,TOTAL_BAGS_CERTIFIED,11563,bags
2026-06-30,,Arabica,Uganda,ANT,TOTAL_BAGS_CERTIFIED,38694,bags
2026-06-30,,Arabica,Burundi,HA/BR,TOTAL_BAGS_CERTIFIED,285,bags
2026-06-30,,Arabica,Honduras,HA/BR,TOTAL_BAGS_CERTIFIED,675,bags
2026-06-30,,Arabica,India,HA/BR,TOTAL_BAGS_CERTIFIED,2349,bags
2026-06-30,,Arabica,Kenya,HA/BR,TOTAL_BAGS_CERTIFIED,1299,bags
2026-06-30,,Arabica,Papua New Guinea,HA/BR,TOTAL_BAGS_CERTIFIED,10365,bags
2026-06-30,,Arabica,Peru,HA/BR,TOTAL_BAGS_CERTIFIED,496,bags
2026-06-30,,Arabica,Tanzania,HA/BR,TOTAL_BAGS_CERTIFIED,1830,bags
2026-06-30,,Arabica,Uganda,HA/BR,TOTAL_BAGS_CERTIFIED,320,bags
2026-06-30,,Arabica,Venezuela,HA/BR,TOTAL_BAGS_CERTIFIED,3000,bags
2026-06-30,,Arabica,Guatemala,HOU,TOTAL_BAGS_CERTIFIED,1375,bags
2026-06-30,,Arabica,Honduras,HOU,TOTAL_BAGS_CERTIFIED,52948,bags
2026-06-30,,Arabica,Nicaragua,HOU,TOTAL_BAGS_CERTIFIED,25,bags
2026-06-30,,Arabica,Honduras,MIAMI,TOTAL_BAGS_CERTIFIED,6971,bags
2026-06-30,,Arabica,India,MIAMI,TOTAL_BAGS_CERTIFIED,1030,bags
2026-06-30,,Arabica,Kenya,MIAMI,TOTAL_BAGS_CERTIFIED,570,bags
2026-06-30,,Arabica,Peru,MIAMI,TOTAL_BAGS_CERTIFIED,2250,bags
2026-06-30,,Arabica,Venezuela,MIAMI,TOTAL_BAGS_CERTIFIED,3750,bags
2026-06-30,,Arabica,Colombia,NOLA,TOTAL_BAGS_CERTIFIED,225,bags
2026-06-30,,Arabica,Honduras,NOLA,TOTAL_BAGS_CERTIFIED,14742,bags
2026-06-30,,Arabica,Mexico,NOLA,TOTAL_BAGS_CERTIFIED,10799,bags
2026-06-30,,Arabica,Venezuela,NOLA,TOTAL_BAGS_CERTIFIED,250,bags
2026-06-30,,Arabica,Honduras,NY,TOTAL_BAGS_CERTIFIED,35,bags
2026-06-30,,Arabica,Mexico,NY,TOTAL_BAGS_CERTIFIED,5755,bags
2026-06-30,,Arabica,Papua New Guinea,NY,TOTAL_BAGS_CERTIFIED,320,bags
2026-06-30,,Arabica,Peru,NY,TOTAL_BAGS_CERTIFIED,98,bags
2026-06-30,,Arabica,Venezuela,NY,TOTAL_BAGS_CERTIFIED,1250,bags
2026-06-30,2026-06-29,Robusta,,ANT,NON_TENDERABLE,2,lots
2026-06-30,2026-06-29,Robusta,,ANT,VALID_CERTIFICATE,2240,lots
2026-06-30,2026-06-29,Robusta,,BAR,VALID_CERTIFICATE,5,lots
2026-06-30,2026-06-29,Robusta,,FEL,VALID_CERTIFICATE,31,lots
2026-06-30,2026-06-29,Robusta,,LON,VALID_CERTIFICATE,1777,lots
2026-07-01,,Arabica,Brazil,ANT,TOTAL_BAGS_CERTIFIED,10455,bags
2026-07-01,,Arabica,Burundi,ANT,TOTAL_BAGS_CERTIFIED,714,bags
2026-07-01,,Arabica,Colombia,ANT,TOTAL_BAGS_CERTIFIED,25,bags
2026-07-01,,Arabica,El Salvador,ANT,TOTAL_BAGS_CERTIFIED,2518,bags
2026-07-01,,Arabica,Guatemala,ANT,TOTAL_BAGS_CERTIFIED,1375,bags
2026-07-01,,Arabica,Honduras,ANT,TOTAL_BAGS_CERTIFIED,35624,bags
2026-07-01,,Arabica,India,ANT,TOTAL_BAGS_CERTIFIED,13392,bags
2026-07-01,,Arabica,Kenya,ANT,TOTAL_BAGS_CERTIFIED,4628,bags
2026-07-01,,Arabica,Mexico,ANT,TOTAL_BAGS_CERTIFIED,33483,bags
2026-07-01,,Arabica,Nicaragua,ANT,TOTAL_BAGS_CERTIFIED,27651,bags
2026-07-01,,Arabica,Papua New Guinea,ANT,TOTAL_BAGS_CERTIFIED,5233,bags
2026-07-01,,Arabica,Peru,ANT,TOTAL_BAGS_CERTIFIED,56813,bags
2026-07-01,,Arabica,Rwanda,ANT,TOTAL_BAGS_CERTIFIED,10709,bags
2026-07-01,,Arabica,Tanzania,ANT,TOTAL_BAGS_CERTIFIED,11563,bags
2026-07-01,,Arabica,Uganda,ANT,TOTAL_BAGS_CERTIFIED,38694,bags
2026-07-01,,Arabica,Burundi,HA/BR,TOTAL_BAGS_CERTIFIED,285,bags
2026-07-01,,Arabica,Honduras,HA/BR,TOTAL_BAGS_CERTIFIED,675,bags
2026-07-01,,Arabica,India,HA/BR,TOTAL_BAGS_CERTIFIED,2349,bags
2026-07-01,,Arabica,Kenya,HA/BR,TOTAL_BAGS_CERTIFIED,1299,bags
2026-07-01,,Arabica,Papua New Guinea,HA/BR,TOTAL_BAGS_CERTIFIED,10365,bags
2026-07-01,,Arabica,Peru,HA/BR,TOTAL_BAGS_CERTIFIED,496,bags
2026-07-01,,Arabica,Tanzania,HA/BR,TOTAL_BAGS_CERTIFIED,1830,bags
2026-07-01,,Arabica,Uganda,HA/BR,TOTAL_BAGS_CERTIFIED,320,bags
2026-07-01,,Arabica,Venezuela,HA/BR,TOTAL_BAGS_CERTIFIED,3000,bags
2026-07-01,,Arabica,Guatemala,HOU,TOTAL_BAGS_CERTIFIED,1375,bags
2026-07-01,,Arabica,Honduras,HOU,TOTAL_BAGS_CERTIFIED,52673,bags
2026-07-01,,Arabica,Nicaragua,HOU,TOTAL_BAGS_CERTIFIED,25,bags
2026-07-01,,Arabica,Honduras,MIAMI,TOTAL_BAGS_CERTIFIED,6971,bags
2026-07-01,,Arabica,India,MIAMI,TOTAL_BAGS_CERTIFIED,1030,bags
2026-07-01,,Arabica,Kenya,MIAMI,TOTAL_BAGS_CERTIFIED,570,bags
2026-07-01,,Arabica,Peru,MIAMI,TOTAL_BAGS_CERTIFIED,2000,bags
2026-07-01,,Arabica,Venezuela,MIAMI,TOTAL_BAGS_CERTIFIED,3500,bags
2026-07-01,,Arabica,Colombia,NOLA,TOTAL_BAGS_CERTIFIED,225,bags
2026-07-01,,Arabica,Honduras,NOLA,TOTAL_BAGS_CERTIFIED,14742,bags
2026-07-01,,Arabica,Mexico,NOLA,TOTAL_BAGS_CERTIFIED,10799,bags
2026-07-01,,Arabica,Venezuela,NOLA,TOTAL_BAGS_CERTIFIED,250,bags
2026-07-01,,Arabica,Honduras,NY,TOTAL_BAGS_CERTIFIED,35,bags
2026-07-01,,Arabica,Mexico,NY,TOTAL_BAGS_CERTIFIED,5720,bags
2026-07-01,,Arabica,Papua New Guinea,NY,TOTAL_BAGS_CERTIFIED,320,bags
2026-07-01,,Arabica,Peru,NY,TOTAL_BAGS_CERTIFIED,98,bags
2026-07-01,,Arabica,Venezuela,NY,TOTAL_BAGS_CERTIFIED,1250,bags
2026-07-01,2026-06-30,Robusta,,ANT,NON_TENDERABLE,2,lots
2026-07-01,2026-06-30,Robusta,,ANT,VALID_CERTIFICATE,2235,lots
2026-07-01,2026-06-30,Robusta,,BAR,VALID_CERTIFICATE,5,lots
2026-07-01,2026-06-30,Robusta,,FEL,VALID_CERTIFICATE,31,lots
2026-07-01,2026-06-30,Robusta,,LON,VALID_CERTIFICATE,1777,lots
2026-07-02,,Arabica,Brazil,ANT,TOTAL_BAGS_CERTIFIED,10288,bags
2026-07-02,,Arabica,Burundi,ANT,TOTAL_BAGS_CERTIFIED,714,bags
2026-07-02,,Arabica,Colombia,ANT,TOTAL_BAGS_CERTIFIED,25,bags
2026-07-02,,Arabica,El Salvador,ANT,TOTAL_BAGS_CERTIFIED,2518,bags
2026-07-02,,Arabica,Guatemala,ANT,TOTAL_BAGS_CERTIFIED,1375,bags
2026-07-02,,Arabica,Honduras,ANT,TOTAL_BAGS_CERTIFIED,35624,bags
2026-07-02,,Arabica,India,ANT,TOTAL_BAGS_CERTIFIED,13392,bags
2026-07-02,,Arabica,Kenya,ANT,TOTAL_BAGS_CERTIFIED,4628,bags
2026-07-02,,Arabica,Mexico,ANT,TOTAL_BAGS_CERTIFIED,32115,bags
2026-07-02,,Arabica,Nicaragua,ANT,TOTAL_BAGS_CERTIFIED,27651,bags
2026-07-02,,Arabica,Papua New Guinea,ANT,TOTAL_BAGS_CERTIFIED,5233,bags
2026-07-02,,Arabica,Peru,ANT,TOTAL_BAGS_CERTIFIED,56813,bags
2026-07-02,,Arabica,Rwanda,ANT,TOTAL_BAGS_CERTIFIED,10709,bags
2026-07-02,,Arabica,Tanzania,ANT,TOTAL_BAGS_CERTIFIED,11563,bags
2026-07-02,,Arabica,Uganda,ANT,TOTAL_BAGS_CERTIFIED,38694,bags
2026-07-02,,Arabica,Burundi,HA/BR,TOTAL_BAGS_CERTIFIED,285,bags
2026-07-02,,Arabica,Honduras,HA/BR,TOTAL_BAGS_CERTIFIED,675,bags
2026-07-02,,Arabica,India,HA/BR,TOTAL_BAGS_CERTIFIED,2349,bags
2026-07-02,,Arabica,Kenya,HA/BR,TOTAL_BAGS_CERTIFIED,1299,bags
2026-07-02,,Arabica,Papua New Guinea,HA/BR,TOTAL_BAGS_CERTIFIED,10365,bags
2026-07-02,,Arabica,Peru,HA/BR,TOTAL_BAGS_CERTIFIED,496,bags
2026-07-02,,Arabica,Tanzania,HA/BR,TOTAL_BAGS_CERTIFIED,1830,bags
2026-07-02,,Arabica,Uganda,HA/BR,TOTAL_BAGS_CERTIFIED,320,bags
2026-07-02,,Arabica,Venezuela,HA/BR,TOTAL_BAGS_CERTIFIED,3000,bags
2026-07-02,,Arabica,Guatemala,HOU,TOTAL_BAGS_CERTIFIED,1375,bags
2026-07-02,,Arabica,Honduras,HOU,TOTAL_BAGS_CERTIFIED,52397,bags
2026-07-02,,Arabica,Nicaragua,HOU,TOTAL_BAGS_CERTIFIED,25,bags
2026-07-02,,Arabica,Honduras,MIAMI,TOTAL_BAGS_CERTIFIED,6971,bags
2026-07-02,,Arabica,India,MIAMI,TOTAL_BAGS_CERTIFIED,1030,bags
2026-07-02,,Arabica,Kenya,MIAMI,TOTAL_BAGS_CERTIFIED,570,bags
2026-07-02,,Arabica,Peru,MIAMI,TOTAL_BAGS_CERTIFIED,2000,bags
2026-07-02,,Arabica,Venezuela,MIAMI,TOTAL_BAGS_CERTIFIED,3500,bags
2026-07-02,,Arabica,Colombia,NOLA,TOTAL_BAGS_CERTIFIED,225,bags
2026-07-02,,Arabica,Honduras,NOLA,TOTAL_BAGS_CERTIFIED,14742,bags
2026-07-02,,Arabica,Mexico,NOLA,TOTAL_BAGS_CERTIFIED,10799,bags
2026-07-02,,Arabica,Venezuela,NOLA,TOTAL_BAGS_CERTIFIED,250,bags
2026-07-02,,Arabica,Honduras,NY,TOTAL_BAGS_CERTIFIED,35,bags
2026-07-02,,Arabica,Mexico,NY,TOTAL_BAGS_CERTIFIED,5720,bags
2026-07-02,,Arabica,Papua New Guinea,NY,TOTAL_BAGS_CERTIFIED,320,bags
2026-07-02,,Arabica,Peru,NY,TOTAL_BAGS_CERTIFIED,98,bags
2026-07-02,,Arabica,Venezuela,NY,TOTAL_BAGS_CERTIFIED,1000,bags
2026-07-02,2026-07-01,Robusta,,ANT,NON_TENDERABLE,2,lots
2026-07-02,2026-07-01,Robusta,,ANT,VALID_CERTIFICATE,2234,lots
2026-07-02,2026-07-01,Robusta,,BAR,VALID_CERTIFICATE,5,lots
2026-07-02,2026-07-01,Robusta,,FEL,VALID_CERTIFICATE,31,lots
2026-07-02,2026-07-01,Robusta,,LON,VALID_CERTIFICATE,1777,lots
2026-07-03,2026-07-02,Robusta,,ANT,NON_TENDERABLE,2,lots
2026-07-03,2026-07-02,Robusta,,ANT,VALID_CERTIFICATE,2296,lots
2026-07-03,2026-07-02,Robusta,,BAR,VALID_CERTIFICATE,5,lots
2026-07-03,2026-07-02,Robusta,,FEL,VALID_CERTIFICATE,31,lots
2026-07-03,2026-07-02,Robusta,,LON,VALID_CERTIFICATE,1777,lots
2026-07-06,,Arabica,Brazil,ANT,TOTAL_BAGS_CERTIFIED,10288,bags
2026-07-06,,Arabica,Burundi,ANT,TOTAL_BAGS_CERTIFIED,714,bags
2026-07-06,,Arabica,Colombia,ANT,TOTAL_BAGS_CERTIFIED,25,bags
2026-07-06,,Arabica,El Salvador,ANT,TOTAL_BAGS_CERTIFIED,2243,bags
2026-07-06,,Arabica,Guatemala,ANT,TOTAL_BAGS_CERTIFIED,1375,bags
2026-07-06,,Arabica,Honduras,ANT,TOTAL_BAGS_CERTIFIED,35624,bags
2026-07-06,,Arabica,India,ANT,TOTAL_BAGS_CERTIFIED,13392,bags
2026-07-06,,Arabica,Kenya,ANT,TOTAL_BAGS_CERTIFIED,4628,bags
2026-07-06,,Arabica,Mexico,ANT,TOTAL_BAGS_CERTIFIED,30522,bags
2026-07-06,,Arabica,Nicaragua,ANT,TOTAL_BAGS_CERTIFIED,26686,bags
2026-07-06,,Arabica,Papua New Guinea,ANT,TOTAL_BAGS_CERTIFIED,4663,bags
2026-07-06,,Arabica,Peru,ANT,TOTAL_BAGS_CERTIFIED,56638,bags
2026-07-06,,Arabica,Rwanda,ANT,TOTAL_BAGS_CERTIFIED,10709,bags
2026-07-06,,Arabica,Tanzania,ANT,TOTAL_BAGS_CERTIFIED,11353,bags
2026-07-06,,Arabica,Uganda,ANT,TOTAL_BAGS_CERTIFIED,38694,bags
2026-07-06,,Arabica,Burundi,HA/BR,TOTAL_BAGS_CERTIFIED,285,bags
2026-07-06,,Arabica,Honduras,HA/BR,TOTAL_BAGS_CERTIFIED,675,bags
2026-07-06,,Arabica,India,HA/BR,TOTAL_BAGS_CERTIFIED,2349,bags
2026-07-06,,Arabica,Kenya,HA/BR,TOTAL_BAGS_CERTIFIED,1299,bags
2026-07-06,,Arabica,Papua New Guinea,HA/BR,TOTAL_BAGS_CERTIFIED,10365,bags
2026-07-06,,Arabica,Peru,HA/BR,TOTAL_BAGS_CERTIFIED,496,bags
2026-07-06,,Arabica,Tanzania,HA/BR,TOTAL_BAGS_CERTIFIED,1830,bags
2026-07-06,,Arabica,Uganda,HA/BR,TOTAL_BAGS_CERTIFIED,320,bags
2026-07-06,,Arabica,Venezuela,HA/BR,TOTAL_BAGS_CERTIFIED,3000,bags
2026-07-06,,Arabica,Guatemala,HOU,TOTAL_BAGS_CERTIFIED,1375,bags
2026-07-06,,Arabica,Honduras,HOU,TOTAL_BAGS_CERTIFIED,49923,bags
2026-07-06,,Arabica,Nicaragua,HOU,TOTAL_BAGS_CERTIFIED,25,bags
2026-07-06,,Arabica,Honduras,MIAMI,TOTAL_BAGS_CERTIFIED,6971,bags
2026-07-06,,Arabica,India,MIAMI,TOTAL_BAGS_CERTIFIED,1030,bags
2026-07-06,,Arabica,Kenya,MIAMI,TOTAL_BAGS_CERTIFIED,570,bags
2026-07-06,,Arabica,Peru,MIAMI,TOTAL_BAGS_CERTIFIED,2000,bags
2026-07-06,,Arabica,Venezuela,MIAMI,TOTAL_BAGS_CERTIFIED,3500,bags
2026-07-06,,Arabica,Colombia,NOLA,TOTAL_BAGS_CERTIFIED,225,bags
2026-07-06,,Arabica,Honduras,NOLA,TOTAL_BAGS_CERTIFIED,14742,bags
2026-07-06,,Arabica,Mexico,NOLA,TOTAL_BAGS_CERTIFIED,10799,bags
2026-07-06,,Arabica,Venezuela,NOLA,TOTAL_BAGS_CERTIFIED,250,bags
2026-07-06,,Arabica,Honduras,NY,TOTAL_BAGS_CERTIFIED,35,bags
2026-07-06,,Arabica,Mexico,NY,TOTAL_BAGS_CERTIFIED,5720,bags
2026-07-06,,Arabica,Papua New Guinea,NY,TOTAL_BAGS_CERTIFIED,320,bags
2026-07-06,,Arabica,Peru,NY,TOTAL_BAGS_CERTIFIED,98,bags
2026-07-06,,Arabica,Venezuela,NY,TOTAL_BAGS_CERTIFIED,1000,bags
2026-07-06,2026-07-05,Robusta,,ANT,NON_TENDERABLE,2,lots
2026-07-06,2026-07-05,Robusta,,ANT,VALID_CERTIFICATE,2294,lots
2026-07-06,2026-07-05,Robusta,,BAR,VALID_CERTIFICATE,5,lots
2026-07-06,2026-07-05,Robusta,,FEL,VALID_CERTIFICATE,31,lots
2026-07-06,2026-07-05,Robusta,,LON,VALID_CERTIFICATE,1777,lots
2026-07-07,,Arabica,Brazil,ANT,TOTAL_BAGS_CERTIFIED,10288,bags
2026-07-07,,Arabica,Burundi,ANT,TOTAL_BAGS_CERTIFIED,714,bags
2026-07-07,,Arabica,Colombia,ANT,TOTAL_BAGS_CERTIFIED,25,bags
2026-07-07,,Arabica,El Salvador,ANT,TOTAL_BAGS_CERTIFIED,2243,bags
2026-07-07,,Arabica,Guatemala,ANT,TOTAL_BAGS_CERTIFIED,1375,bags
2026-07-07,,Arabica,Honduras,ANT,TOTAL_BAGS_CERTIFIED,35624,bags
2026-07-07,,Arabica,India,ANT,TOTAL_BAGS_CERTIFIED,11220,bags
2026-07-07,,Arabica,Kenya,ANT,TOTAL_BAGS_CERTIFIED,4628,bags
2026-07-07,,Arabica,Mexico,ANT,TOTAL_BAGS_CERTIFIED,29154,bags
2026-07-07,,Arabica,Nicaragua,ANT,TOTAL_BAGS_CERTIFIED,25936,bags
2026-07-07,,Arabica,Papua New Guinea,ANT,TOTAL_BAGS_CERTIFIED,4663,bags
2026-07-07,,Arabica,Peru,ANT,TOTAL_BAGS_CERTIFIED,56638,bags
2026-07-07,,Arabica,Rwanda,ANT,TOTAL_BAGS_CERTIFIED,10709,bags
2026-07-07,,Arabica,Tanzania,ANT,TOTAL_BAGS_CERTIFIED,11353,bags
2026-07-07,,Arabica,Uganda,ANT,TOTAL_BAGS_CERTIFIED,38694,bags
2026-07-07,,Arabica,Burundi,HA/BR,TOTAL_BAGS_CERTIFIED,285,bags
2026-07-07,,Arabica,Honduras,HA/BR,TOTAL_BAGS_CERTIFIED,675,bags
2026-07-07,,Arabica,India,HA/BR,TOTAL_BAGS_CERTIFIED,2349,bags
2026-07-07,,Arabica,Kenya,HA/BR,TOTAL_BAGS_CERTIFIED,1299,bags
2026-07-07,,Arabica,Papua New Guinea,HA/BR,TOTAL_BAGS_CERTIFIED,10365,bags
2026-07-07,,Arabica,Peru,HA/BR,TOTAL_BAGS_CERTIFIED,496,bags
2026-07-07,,Arabica,Tanzania,HA/BR,TOTAL_BAGS_CERTIFIED,1830,bags
2026-07-07,,Arabica,Uganda,HA/BR,TOTAL_BAGS_CERTIFIED,320,bags
2026-07-07,,Arabica,Venezuela,HA/BR,TOTAL_BAGS_CERTIFIED,3000,bags
2026-07-07,,Arabica,Guatemala,HOU,TOTAL_BAGS_CERTIFIED,1375,bags
2026-07-07,,Arabica,Honduras,HOU,TOTAL_BAGS_CERTIFIED,49923,bags
2026-07-07,,Arabica,Nicaragua,HOU,TOTAL_BAGS_CERTIFIED,25,bags
2026-07-07,,Arabica,Honduras,MIAMI,TOTAL_BAGS_CERTIFIED,6971,bags
2026-07-07,,Arabica,India,MIAMI,TOTAL_BAGS_CERTIFIED,1030,bags
2026-07-07,,Arabica,Kenya,MIAMI,TOTAL_BAGS_CERTIFIED,570,bags
2026-07-07,,Arabica,Peru,MIAMI,TOTAL_BAGS_CERTIFIED,2000,bags
2026-07-07,,Arabica,Venezuela,MIAMI,TOTAL_BAGS_CERTIFIED,3500,bags
2026-07-07,,Arabica,Colombia,NOLA,TOTAL_BAGS_CERTIFIED,225,bags
2026-07-07,,Arabica,Honduras,NOLA,TOTAL_BAGS_CERTIFIED,14742,bags
2026-07-07,,Arabica,Mexico,NOLA,TOTAL_BAGS_CERTIFIED,10799,bags
2026-07-07,,Arabica,Venezuela,NOLA,TOTAL_BAGS_CERTIFIED,250,bags
2026-07-07,,Arabica,Honduras,NY,TOTAL_BAGS_CERTIFIED,35,bags
2026-07-07,,Arabica,Mexico,NY,TOTAL_BAGS_CERTIFIED,5720,bags
2026-07-07,,Arabica,Papua New Guinea,NY,TOTAL_BAGS_CERTIFIED,320,bags
2026-07-07,,Arabica,Peru,NY,TOTAL_BAGS_CERTIFIED,98,bags
2026-07-07,,Arabica,Venezuela,NY,TOTAL_BAGS_CERTIFIED,1000,bags
2026-07-07,2026-07-06,Robusta,,ANT,NON_TENDERABLE,2,lots
2026-07-07,2026-07-06,Robusta,,ANT,VALID_CERTIFICATE,2370,lots
2026-07-07,2026-07-06,Robusta,,BAR,VALID_CERTIFICATE,5,lots
2026-07-07,2026-07-06,Robusta,,FEL,VALID_CERTIFICATE,31,lots
2026-07-07,2026-07-06,Robusta,,LON,VALID_CERTIFICATE,1777,lots
2026-07-08,,Arabica,Brazil,ANT,TOTAL_BAGS_CERTIFIED,10288,bags
2026-07-08,,Arabica,Burundi,ANT,TOTAL_BAGS_CERTIFIED,714,bags
2026-07-08,,Arabica,Colombia,ANT,TOTAL_BAGS_CERTIFIED,25,bags
2026-07-08,,Arabica,El Salvador,ANT,TOTAL_BAGS_CERTIFIED,2243,bags
2026-07-08,,Arabica,Guatemala,ANT,TOTAL_BAGS_CERTIFIED,275,bags
2026-07-08,,Arabica,Honduras,ANT,TOTAL_BAGS_CERTIFIED,35624,bags
2026-07-08,,Arabica,India,ANT,TOTAL_BAGS_CERTIFIED,11220,bags
2026-07-08,,Arabica,Kenya,ANT,TOTAL_BAGS_CERTIFIED,4628,bags
2026-07-08,,Arabica,Mexico,ANT,TOTAL_BAGS_CERTIFIED,22284,bags
2026-07-08,,Arabica,Nicaragua,ANT,TOTAL_BAGS_CERTIFIED,25936,bags
2026-07-08,,Arabica,Papua New Guinea,ANT,TOTAL_BAGS_CERTIFIED,4663,bags
2026-07-08,,Arabica,Peru,ANT,TOTAL_BAGS_CERTIFIED,56638,bags
2026-07-08,,Arabica,Rwanda,ANT,TOTAL_BAGS_CERTIFIED,10474,bags
2026-07-08,,Arabica,Tanzania,ANT,TOTAL_BAGS_CERTIFIED,11353,bags
2026-07-08,,Arabica,Uganda,ANT,TOTAL_BAGS_CERTIFIED,38694,bags
2026-07-08,,Arabica,Burundi,HA/BR,TOTAL_BAGS_CERTIFIED,285,bags
2026-07-08,,Arabica,Honduras,HA/BR,TOTAL_BAGS_CERTIFIED,675,bags
2026-07-08,,Arabica,India,HA/BR,TOTAL_BAGS_CERTIFIED,2349,bags
2026-07-08,,Arabica,Kenya,HA/BR,TOTAL_BAGS_CERTIFIED,1299,bags
2026-07-08,,Arabica,Papua New Guinea,HA/BR,TOTAL_BAGS_CERTIFIED,10365,bags
2026-07-08,,Arabica,Peru,HA/BR,TOTAL_BAGS_CERTIFIED,496,bags
2026-07-08,,Arabica,Tanzania,HA/BR,TOTAL_BAGS_CERTIFIED,1830,bags
2026-07-08,,Arabica,Uganda,HA/BR,TOTAL_BAGS_CERTIFIED,320,bags
2026-07-08,,Arabica,Venezuela,HA/BR,TOTAL_BAGS_CERTIFIED,3000,bags
2026-07-08,,Arabica,Guatemala,HOU,TOTAL_BAGS_CERTIFIED,1375,bags
2026-07-08,,Arabica,Honduras,HOU,TOTAL_BAGS_CERTIFIED,49923,bags
2026-07-08,,Arabica,Nicaragua,HOU,TOTAL_BAGS_CERTIFIED,25,bags
2026-07-08,,Arabica,Honduras,MIAMI,TOTAL_BAGS_CERTIFIED,6971,bags
2026-07-08,,Arabica,India,MIAMI,TOTAL_BAGS_CERTIFIED,1030,bags
2026-07-08,,Arabica,Kenya,MIAMI,TOTAL_BAGS_CERTIFIED,570,bags
2026-07-08,,Arabica,Peru,MIAMI,TOTAL_BAGS_CERTIFIED,2000,bags
2026-07-08,,Arabica,Venezuela,MIAMI,TOTAL_BAGS_CERTIFIED,3500,bags
2026-07-08,,Arabica,Colombia,NOLA,TOTAL_BAGS_CERTIFIED,225,bags
2026-07-08,,Arabica,Honduras,NOLA,TOTAL_BAGS_CERTIFIED,14742,bags
2026-07-08,,Arabica,Mexico,NOLA,TOTAL_BAGS_CERTIFIED,10799,bags
2026-07-08,,Arabica,Venezuela,NOLA,TOTAL_BAGS_CERTIFIED,250,bags
2026-07-08,,Arabica,Honduras,NY,TOTAL_BAGS_CERTIFIED,35,bags
2026-07-08,,Arabica,Mexico,NY,TOTAL_BAGS_CERTIFIED,5720,bags
2026-07-08,,Arabica,Papua New Guinea,NY,TOTAL_BAGS_CERTIFIED,320,bags
2026-07-08,,Arabica,Peru,NY,TOTAL_BAGS_CERTIFIED,98,bags
2026-07-08,,Arabica,Venezuela,NY,TOTAL_BAGS_CERTIFIED,1000,bags
2026-07-08,2026-07-07,Robusta,,ANT,NON_TENDERABLE,2,lots
2026-07-08,2026-07-07,Robusta,,ANT,VALID_CERTIFICATE,2271,lots
2026-07-08,2026-07-07,Robusta,,BAR,VALID_CERTIFICATE,5,lots
2026-07-08,2026-07-07,Robusta,,FEL,VALID_CERTIFICATE,31,lots
2026-07-08,2026-07-07,Robusta,,LON,VALID_CERTIFICATE,1777,lots
2026-07-09,,Arabica,Brazil,ANT,TOTAL_BAGS_CERTIFIED,10288,bags
2026-07-09,,Arabica,Burundi,ANT,TOTAL_BAGS_CERTIFIED,714,bags
2026-07-09,,Arabica,Colombia,ANT,TOTAL_BAGS_CERTIFIED,25,bags
2026-07-09,,Arabica,El Salvador,ANT,TOTAL_BAGS_CERTIFIED,1418,bags
2026-07-09,,Arabica,Guatemala,ANT,TOTAL_BAGS_CERTIFIED,275,bags
2026-07-09,,Arabica,Honduras,ANT,TOTAL_BAGS_CERTIFIED,33124,bags
2026-07-09,,Arabica,India,ANT,TOTAL_BAGS_CERTIFIED,10510,bags
2026-07-09,,Arabica,Kenya,ANT,TOTAL_BAGS_CERTIFIED,3736,bags
2026-07-09,,Arabica,Mexico,ANT,TOTAL_BAGS_CERTIFIED,22043,bags
2026-07-09,,Arabica,Nicaragua,ANT,TOTAL_BAGS_CERTIFIED,24322,bags
2026-07-09,,Arabica,Papua New Guinea,ANT,TOTAL_BAGS_CERTIFIED,4663,bags
2026-07-09,,Arabica,Peru,ANT,TOTAL_BAGS_CERTIFIED,56638,bags
2026-07-09,,Arabica,Rwanda,ANT,TOTAL_BAGS_CERTIFIED,10474,bags
2026-07-09,,Arabica,Tanzania,ANT,TOTAL_BAGS_CERTIFIED,11353,bags
2026-07-09,,Arabica,Uganda,ANT,TOTAL_BAGS_CERTIFIED,38694,bags
2026-07-09,,Arabica,Burundi,HA/BR,TOTAL_BAGS_CERTIFIED,285,bags
2026-07-09,,Arabica,Honduras,HA/BR,TOTAL_BAGS_CERTIFIED,675,bags
2026-07-09,,Arabica,India,HA/BR,TOTAL_BAGS_CERTIFIED,2349,bags
2026-07-09,,Arabica,Kenya,HA/BR,TOTAL_BAGS_CERTIFIED,1299,bags
2026-07-09,,Arabica,Papua New Guinea,HA/BR,TOTAL_BAGS_CERTIFIED,10365,bags
2026-07-09,,Arabica,Peru,HA/BR,TOTAL_BAGS_CERTIFIED,496,bags
2026-07-09,,Arabica,Tanzania,HA/BR,TOTAL_BAGS_CERTIFIED,1830,bags
2026-07-09,,Arabica,Uganda,HA/BR,TOTAL_BAGS_CERTIFIED,320,bags
2026-07-09,,Arabica,Venezuela,HA/BR,TOTAL_BAGS_CERTIFIED,3000,bags
2026-07-09,,Arabica,Guatemala,HOU,TOTAL_BAGS_CERTIFIED,1375,bags
2026-07-09,,Arabica,Honduras,HOU,TOTAL_BAGS_CERTIFIED,49673,bags
2026-07-09,,Arabica,Nicaragua,HOU,TOTAL_BAGS_CERTIFIED,25,bags
2026-07-09,,Arabica,Honduras,MIAMI,TOTAL_BAGS_CERTIFIED,6971,bags
2026-07-09,,Arabica,India,MIAMI,TOTAL_BAGS_CERTIFIED,1030,bags
2026-07-09,,Arabica,Kenya,MIAMI,TOTAL_BAGS_CERTIFIED,570,bags
2026-07-09,,Arabica,Peru,MIAMI,TOTAL_BAGS_CERTIFIED,2000,bags
2026-07-09,,Arabica,Venezuela,MIAMI,TOTAL_BAGS_CERTIFIED,3500,bags
2026-07-09,,Arabica,Colombia,NOLA,TOTAL_BAGS_CERTIFIED,225,bags
2026-07-09,,Arabica,Honduras,NOLA,TOTAL_BAGS_CERTIFIED,14192,bags
2026-07-09,,Arabica,Mexico,NOLA,TOTAL_BAGS_CERTIFIED,10799,bags
2026-07-09,,Arabica,Venezuela,NOLA,TOTAL_BAGS_CERTIFIED,250,bags
2026-07-09,,Arabica,Honduras,NY,TOTAL_BAGS_CERTIFIED,35,bags
2026-07-09,,Arabica,Mexico,NY,TOTAL_BAGS_CERTIFIED,5460,bags
2026-07-09,,Arabica,Papua New Guinea,NY,TOTAL_BAGS_CERTIFIED,320,bags
2026-07-09,,Arabica,Peru,NY,TOTAL_BAGS_CERTIFIED,98,bags
2026-07-09,,Arabica,Venezuela,NY,TOTAL_BAGS_CERTIFIED,1000,bags
2026-07-09,2026-07-08,Robusta,,ANT,NON_TENDERABLE,2,lots
2026-07-09,2026-07-08,Robusta,,ANT,VALID_CERTIFICATE,2358,lots
2026-07-09,2026-07-08,Robusta,,BAR,VALID_CERTIFICATE,5,lots
2026-07-09,2026-07-08,Robusta,,FEL,VALID_CERTIFICATE,26,lots
2026-07-09,2026-07-08,Robusta,,LON,VALID_CERTIFICATE,1750,lots
2026-07-10,,Arabica,Brazil,ANT,TOTAL_BAGS_CERTIFIED,10288,bags
2026-07-10,,Arabica,Burundi,ANT,TOTAL_BAGS_CERTIFIED,714,bags
2026-07-10,,Arabica,Colombia,ANT,TOTAL_BAGS_CERTIFIED,25,bags
2026-07-10,,Arabica,El Salvador,ANT,TOTAL_BAGS_CERTIFIED,1418,bags
2026-07-10,,Arabica,Guatemala,ANT,TOTAL_BAGS_CERTIFIED,275,bags
2026-07-10,,Arabica,Honduras,ANT,TOTAL_BAGS_CERTIFIED,32624,bags
2026-07-10,,Arabica,India,ANT,TOTAL_BAGS_CERTIFIED,10510,bags
2026-07-10,,Arabica,Kenya,ANT,TOTAL_BAGS_CERTIFIED,3736,bags
2026-07-10,,Arabica,Mexico,ANT,TOTAL_BAGS_CERTIFIED,22043,bags
2026-07-10,,Arabica,Nicaragua,ANT,TOTAL_BAGS_CERTIFIED,23222,bags
2026-07-10,,Arabica,Papua New Guinea,ANT,TOTAL_BAGS_CERTIFIED,4663,bags
2026-07-10,,Arabica,Peru,ANT,TOTAL_BAGS_CERTIFIED,56638,bags
2026-07-10,,Arabica,Rwanda,ANT,TOTAL_BAGS_CERTIFIED,10474,bags
2026-07-10,,Arabica,Tanzania,ANT,TOTAL_BAGS_CERTIFIED,11353,bags
2026-07-10,,Arabica,Uganda,ANT,TOTAL_BAGS_CERTIFIED,38694,bags
2026-07-10,,Arabica,Burundi,HA/BR,TOTAL_BAGS_CERTIFIED,285,bags
2026-07-10,,Arabica,Honduras,HA/BR,TOTAL_BAGS_CERTIFIED,675,bags
2026-07-10,,Arabica,India,HA/BR,TOTAL_BAGS_CERTIFIED,2349,bags
2026-07-10,,Arabica,Kenya,HA/BR,TOTAL_BAGS_CERTIFIED,1299,bags
2026-07-10,,Arabica,Papua New Guinea,HA/BR,TOTAL_BAGS_CERTIFIED,10365,bags
2026-07-10,,Arabica,Peru,HA/BR,TOTAL_BAGS_CERTIFIED,496,bags
2026-07-10,,Arabica,Tanzania,HA/BR,TOTAL_BAGS_CERTIFIED,1830,bags
2026-07-10,,Arabica,Uganda,HA/BR,TOTAL_BAGS_CERTIFIED,320,bags
2026-07-10,,Arabica,Venezuela,HA/BR,TOTAL_BAGS_CERTIFIED,3000,bags
2026-07-10,,Arabica,Guatemala,HOU,TOTAL_BAGS_CERTIFIED,1375,bags
2026-07-10,,Arabica,Honduras,HOU,TOTAL_BAGS_CERTIFIED,49673,bags
2026-07-10,,Arabica,Nicaragua,HOU,TOTAL_BAGS_CERTIFIED,25,bags
2026-07-10,,Arabica,Honduras,MIAMI,TOTAL_BAGS_CERTIFIED,6971,bags
2026-07-10,,Arabica,India,MIAMI,TOTAL_BAGS_CERTIFIED,1030,bags
2026-07-10,,Arabica,Kenya,MIAMI,TOTAL_BAGS_CERTIFIED,570,bags
2026-07-10,,Arabica,Peru,MIAMI,TOTAL_BAGS_CERTIFIED,2000,bags
2026-07-10,,Arabica,Venezuela,MIAMI,TOTAL_BAGS_CERTIFIED,3500,bags
2026-07-10,,Arabica,Colombia,NOLA,TOTAL_BAGS_CERTIFIED,225,bags
2026-07-10,,Arabica,Honduras,NOLA,TOTAL_BAGS_CERTIFIED,13642,bags
2026-07-10,,Arabica,Mexico,NOLA,TOTAL_BAGS_CERTIFIED,10799,bags
2026-07-10,,Arabica,Venezuela,NOLA,TOTAL_BAGS_CERTIFIED,250,bags
2026-07-10,,Arabica,Honduras,NY,TOTAL_BAGS_CERTIFIED,35,bags
2026-07-10,,Arabica,Mexico,NY,TOTAL_BAGS_CERTIFIED,5460,bags
2026-07-10,,Arabica,Papua New Guinea,NY,TOTAL_BAGS_CERTIFIED,320,bags
2026-07-10,,Arabica,Peru,NY,TOTAL_BAGS_CERTIFIED,98,bags
2026-07-10,,Arabica,Venezuela,NY,TOTAL_BAGS_CERTIFIED,1000,bags
2026-07-10,2026-07-09,Robusta,,ANT,NON_TENDERABLE,2,lots
2026-07-10,2026-07-09,Robusta,,ANT,VALID_CERTIFICATE,2419,lots
2026-07-10,2026-07-09,Robusta,,BAR,VALID_CERTIFICATE,5,lots
2026-07-10,2026-07-09,Robusta,,FEL,VALID_CERTIFICATE,26,lots
2026-07-10,2026-07-09,Robusta,,LON,VALID_CERTIFICATE,1750,lots
2026-07-13,,Arabica,Brazil,ANT,TOTAL_BAGS_CERTIFIED,10288,bags
2026-07-13,,Arabica,Burundi,ANT,TOTAL_BAGS_CERTIFIED,714,bags
2026-07-13,,Arabica,Colombia,ANT,TOTAL_BAGS_CERTIFIED,25,bags
2026-07-13,,Arabica,El Salvador,ANT,TOTAL_BAGS_CERTIFIED,1418,bags
2026-07-13,,Arabica,Guatemala,ANT,TOTAL_BAGS_CERTIFIED,275,bags
2026-07-13,,Arabica,Honduras,ANT,TOTAL_BAGS_CERTIFIED,32624,bags
2026-07-13,,Arabica,India,ANT,TOTAL_BAGS_CERTIFIED,10510,bags
2026-07-13,,Arabica,Kenya,ANT,TOTAL_BAGS_CERTIFIED,3736,bags
2026-07-13,,Arabica,Mexico,ANT,TOTAL_BAGS_CERTIFIED,20883,bags
2026-07-13,,Arabica,Nicaragua,ANT,TOTAL_BAGS_CERTIFIED,23222,bags
2026-07-13,,Arabica,Papua New Guinea,ANT,TOTAL_BAGS_CERTIFIED,4663,bags
2026-07-13,,Arabica,Peru,ANT,TOTAL_BAGS_CERTIFIED,56638,bags
2026-07-13,,Arabica,Rwanda,ANT,TOTAL_BAGS_CERTIFIED,10474,bags
2026-07-13,,Arabica,Tanzania,ANT,TOTAL_BAGS_CERTIFIED,11353,bags
2026-07-13,,Arabica,Uganda,ANT,TOTAL_BAGS_CERTIFIED,38694,bags
2026-07-13,,Arabica,Burundi,HA/BR,TOTAL_BAGS_CERTIFIED,285,bags
2026-07-13,,Arabica,Honduras,HA/BR,TOTAL_BAGS_CERTIFIED,675,bags
2026-07-13,,Arabica,India,HA/BR,TOTAL_BAGS_CERTIFIED,2349,bags
2026-07-13,,Arabica,Kenya,HA/BR,TOTAL_BAGS_CERTIFIED,1299,bags
2026-07-13,,Arabica,Papua New Guinea,HA/BR,TOTAL_BAGS_CERTIFIED,10365,bags
2026-07-13,,Arabica,Peru,HA/BR,TOTAL_BAGS_CERTIFIED,496,bags
2026-07-13,,Arabica,Tanzania,HA/BR,TOTAL_BAGS_CERTIFIED,1830,bags
2026-07-13,,Arabica,Uganda,HA/BR,TOTAL_BAGS_CERTIFIED,320,bags
2026-07-13,,Arabica,Venezuela,HA/BR,TOTAL_BAGS_CERTIFIED,3000,bags
2026-07-13,,Arabica,Guatemala,HOU,TOTAL_BAGS_CERTIFIED,1375,bags
2026-07-13,,Arabica,Honduras,HOU,TOTAL_BAGS_CERTIFIED,49423,bags
2026-07-13,,Arabica,Nicaragua,HOU,TOTAL_BAGS_CERTIFIED,25,bags
2026-07-13,,Arabica,Honduras,MIAMI,TOTAL_BAGS_CERTIFIED,6971,bags
2026-07-13,,Arabica,India,MIAMI,TOTAL_BAGS_CERTIFIED,1030,bags
2026-07-13,,Arabica,Kenya,MIAMI,TOTAL_BAGS_CERTIFIED,570,bags
2026-07-13,,Arabica,Peru,MIAMI,TOTAL_BAGS_CERTIFIED,2000,bags
2026-07-13,,Arabica,Venezuela,MIAMI,TOTAL_BAGS_CERTIFIED,3500,bags
2026-07-13,,Arabica,Colombia,NOLA,TOTAL_BAGS_CERTIFIED,225,bags
2026-07-13,,Arabica,Honduras,NOLA,TOTAL_BAGS_CERTIFIED,13642,bags
2026-07-13,,Arabica,Mexico,NOLA,TOTAL_BAGS_CERTIFIED,10799,bags
2026-07-13,,Arabica,Venezuela,NOLA,TOTAL_BAGS_CERTIFIED,250,bags
2026-07-13,,Arabica,Honduras,NY,TOTAL_BAGS_CERTIFIED,35,bags
2026-07-13,,Arabica,Mexico,NY,TOTAL_BAGS_CERTIFIED,5460,bags
2026-07-13,,Arabica,Papua New Guinea,NY,TOTAL_BAGS_CERTIFIED,35,bags
2026-07-13,,Arabica,Peru,NY,TOTAL_BAGS_CERTIFIED,98,bags
2026-07-13,,Arabica,Venezuela,NY,TOTAL_BAGS_CERTIFIED,1000,bags
2026-07-13,2026-07-12,Robusta,,ANT,NON_TENDERABLE,2,lots
2026-07-13,2026-07-12,Robusta,,ANT,VALID_CERTIFICATE,2459,lots
2026-07-13,2026-07-12,Robusta,,BAR,VALID_CERTIFICATE,5,lots
2026-07-13,2026-07-12,Robusta,,FEL,VALID_CERTIFICATE,26,lots
2026-07-13,2026-07-12,Robusta,,LON,VALID_CERTIFICATE,1730,lots
2026-07-14,,Arabica,Brazil,ANT,TOTAL_BAGS_CERTIFIED,10288,bags
2026-07-14,,Arabica,Burundi,ANT,TOTAL_BAGS_CERTIFIED,714,bags
2026-07-14,,Arabica,Colombia,ANT,TOTAL_BAGS_CERTIFIED,25,bags
2026-07-14,,Arabica,El Salvador,ANT,TOTAL_BAGS_CERTIFIED,1418,bags
2026-07-14,,Arabica,Guatemala,ANT,TOTAL_BAGS_CERTIFIED,275,bags
2026-07-14,,Arabica,Honduras,ANT,TOTAL_BAGS_CERTIFIED,32624,bags
2026-07-14,,Arabica,India,ANT,TOTAL_BAGS_CERTIFIED,10510,bags
2026-07-14,,Arabica,Kenya,ANT,TOTAL_BAGS_CERTIFIED,3736,bags
2026-07-14,,Arabica,Mexico,ANT,TOTAL_BAGS_CERTIFIED,19515,bags
2026-07-14,,Arabica,Nicaragua,ANT,TOTAL_BAGS_CERTIFIED,22672,bags
2026-07-14,,Arabica,Papua New Guinea,ANT,TOTAL_BAGS_CERTIFIED,4663,bags
2026-07-14,,Arabica,Peru,ANT,TOTAL_BAGS_CERTIFIED,56638,bags
2026-07-14,,Arabica,Rwanda,ANT,TOTAL_BAGS_CERTIFIED,10474,bags
2026-07-14,,Arabica,Tanzania,ANT,TOTAL_BAGS_CERTIFIED,11353,bags
2026-07-14,,Arabica,Uganda,ANT,TOTAL_BAGS_CERTIFIED,38694,bags
2026-07-14,,Arabica,Burundi,HA/BR,TOTAL_BAGS_CERTIFIED,285,bags
2026-07-14,,Arabica,Honduras,HA/BR,TOTAL_BAGS_CERTIFIED,675,bags
2026-07-14,,Arabica,India,HA/BR,TOTAL_BAGS_CERTIFIED,2349,bags
2026-07-14,,Arabica,Kenya,HA/BR,TOTAL_BAGS_CERTIFIED,1299,bags
2026-07-14,,Arabica,Papua New Guinea,HA/BR,TOTAL_BAGS_CERTIFIED,10365,bags
2026-07-14,,Arabica,Peru,HA/BR,TOTAL_BAGS_CERTIFIED,496,bags
2026-07-14,,Arabica,Tanzania,HA/BR,TOTAL_BAGS_CERTIFIED,1830,bags
2026-07-14,,Arabica,Uganda,HA/BR,TOTAL_BAGS_CERTIFIED,320,bags
2026-07-14,,Arabica,Venezuela,HA/BR,TOTAL_BAGS_CERTIFIED,3000,bags
2026-07-14,,Arabica,Guatemala,HOU,TOTAL_BAGS_CERTIFIED,1375,bags
2026-07-14,,Arabica,Honduras,HOU,TOTAL_BAGS_CERTIFIED,49205,bags
2026-07-14,,Arabica,Nicaragua,HOU,TOTAL_BAGS_CERTIFIED,25,bags
2026-07-14,,Arabica,Honduras,MIAMI,TOTAL_BAGS_CERTIFIED,6971,bags
2026-07-14,,Arabica,India,MIAMI,TOTAL_BAGS_CERTIFIED,1030,bags
2026-07-14,,Arabica,Kenya,MIAMI,TOTAL_BAGS_CERTIFIED,570,bags
2026-07-14,,Arabica,Peru,MIAMI,TOTAL_BAGS_CERTIFIED,2000,bags
2026-07-14,,Arabica,Venezuela,MIAMI,TOTAL_BAGS_CERTIFIED,3500,bags
2026-07-14,,Arabica,Colombia,NOLA,TOTAL_BAGS_CERTIFIED,225,bags
2026-07-14,,Arabica,Honduras,NOLA,TOTAL_BAGS_CERTIFIED,13642,bags
2026-07-14,,Arabica,Mexico,NOLA,TOTAL_BAGS_CERTIFIED,10049,bags
2026-07-14,,Arabica,Venezuela,NOLA,TOTAL_BAGS_CERTIFIED,250,bags
2026-07-14,,Arabica,Honduras,NY,TOTAL_BAGS_CERTIFIED,35,bags
2026-07-14,,Arabica,Mexico,NY,TOTAL_BAGS_CERTIFIED,5424,bags
2026-07-14,,Arabica,Papua New Guinea,NY,TOTAL_BAGS_CERTIFIED,35,bags
2026-07-14,,Arabica,Peru,NY,TOTAL_BAGS_CERTIFIED,98,bags
2026-07-14,,Arabica,Venezuela,NY,TOTAL_BAGS_CERTIFIED,1000,bags
2026-07-14,2026-07-13,Robusta,,ANT,NON_TENDERABLE,2,lots
2026-07-14,2026-07-13,Robusta,,ANT,VALID_CERTIFICATE,2441,lots
2026-07-14,2026-07-13,Robusta,,BAR,VALID_CERTIFICATE,5,lots
2026-07-14,2026-07-13,Robusta,,FEL,VALID_CERTIFICATE,26,lots
2026-07-14,2026-07-13,Robusta,,LON,VALID_CERTIFICATE,1630,lots
2026-07-15,,Arabica,Brazil,ANT,TOTAL_BAGS_CERTIFIED,10288,bags
2026-07-15,,Arabica,Burundi,ANT,TOTAL_BAGS_CERTIFIED,714,bags
2026-07-15,,Arabica,Colombia,ANT,TOTAL_BAGS_CERTIFIED,25,bags
2026-07-15,,Arabica,El Salvador,ANT,TOTAL_BAGS_CERTIFIED,1418,bags
2026-07-15,,Arabica,Guatemala,ANT,TOTAL_BAGS_CERTIFIED,275,bags
2026-07-15,,Arabica,Honduras,ANT,TOTAL_BAGS_CERTIFIED,32624,bags
2026-07-15,,Arabica,India,ANT,TOTAL_BAGS_CERTIFIED,9548,bags
2026-07-15,,Arabica,Kenya,ANT,TOTAL_BAGS_CERTIFIED,3736,bags
2026-07-15,,Arabica,Mexico,ANT,TOTAL_BAGS_CERTIFIED,18489,bags
2026-07-15,,Arabica,Nicaragua,ANT,TOTAL_BAGS_CERTIFIED,22672,bags
2026-07-15,,Arabica,Papua New Guinea,ANT,TOTAL_BAGS_CERTIFIED,4663,bags
2026-07-15,,Arabica,Peru,ANT,TOTAL_BAGS_CERTIFIED,56638,bags
2026-07-15,,Arabica,Rwanda,ANT,TOTAL_BAGS_CERTIFIED,10474,bags
2026-07-15,,Arabica,Tanzania,ANT,TOTAL_BAGS_CERTIFIED,11353,bags
2026-07-15,,Arabica,Uganda,ANT,TOTAL_BAGS_CERTIFIED,38694,bags
2026-07-15,,Arabica,Burundi,HA/BR,TOTAL_BAGS_CERTIFIED,285,bags
2026-07-15,,Arabica,Honduras,HA/BR,TOTAL_BAGS_CERTIFIED,675,bags
2026-07-15,,Arabica,India,HA/BR,TOTAL_BAGS_CERTIFIED,2349,bags
2026-07-15,,Arabica,Kenya,HA/BR,TOTAL_BAGS_CERTIFIED,1299,bags
2026-07-15,,Arabica,Papua New Guinea,HA/BR,TOTAL_BAGS_CERTIFIED,10365,bags
2026-07-15,,Arabica,Peru,HA/BR,TOTAL_BAGS_CERTIFIED,496,bags
2026-07-15,,Arabica,Tanzania,HA/BR,TOTAL_BAGS_CERTIFIED,1830,bags
2026-07-15,,Arabica,Uganda,HA/BR,TOTAL_BAGS_CERTIFIED,320,bags
2026-07-15,,Arabica,Venezuela,HA/BR,TOTAL_BAGS_CERTIFIED,3000,bags
2026-07-15,,Arabica,Guatemala,HOU,TOTAL_BAGS_CERTIFIED,1375,bags
2026-07-15,,Arabica,Honduras,HOU,TOTAL_BAGS_CERTIFIED,46955,bags
2026-07-15,,Arabica,Nicaragua,HOU,TOTAL_BAGS_CERTIFIED,25,bags
2026-07-15,,Arabica,Honduras,MIAMI,TOTAL_BAGS_CERTIFIED,6746,bags
2026-07-15,,Arabica,India,MIAMI,TOTAL_BAGS_CERTIFIED,1030,bags
2026-07-15,,Arabica,Kenya,MIAMI,TOTAL_BAGS_CERTIFIED,570,bags
2026-07-15,,Arabica,Peru,MIAMI,TOTAL_BAGS_CERTIFIED,2000,bags
2026-07-15,,Arabica,Venezuela,MIAMI,TOTAL_BAGS_CERTIFIED,3500,bags
2026-07-15,,Arabica,Colombia,NOLA,TOTAL_BAGS_CERTIFIED,225,bags
2026-07-15,,Arabica,Honduras,NOLA,TOTAL_BAGS_CERTIFIED,12742,bags
2026-07-15,,Arabica,Mexico,NOLA,TOTAL_BAGS_CERTIFIED,10049,bags
2026-07-15,,Arabica,Venezuela,NOLA,TOTAL_BAGS_CERTIFIED,250,bags
2026-07-15,,Arabica,Honduras,NY,TOTAL_BAGS_CERTIFIED,35,bags
2026-07-15,,Arabica,Mexico,NY,TOTAL_BAGS_CERTIFIED,5424,bags
2026-07-15,,Arabica,Papua New Guinea,NY,TOTAL_BAGS_CERTIFIED,35,bags
2026-07-15,,Arabica,Peru,NY,TOTAL_BAGS_CERTIFIED,98,bags
2026-07-15,,Arabica,Venezuela,NY,TOTAL_BAGS_CERTIFIED,1000,bags
2026-07-15,2026-07-14,Robusta,,ANT,NON_TENDERABLE,2,lots
2026-07-15,2026-07-14,Robusta,,ANT,VALID_CERTIFICATE,2441,lots
2026-07-15,2026-07-14,Robusta,,BAR,VALID_CERTIFICATE,5,lots
2026-07-15,2026-07-14,Robusta,,FEL,VALID_CERTIFICATE,26,lots
2026-07-15,2026-07-14,Robusta,,LON,VALID_CERTIFICATE,1630,lots
2026-07-16,,Arabica,Brazil,ANT,TOTAL_BAGS_CERTIFIED,10288,bags
2026-07-16,,Arabica,Burundi,ANT,TOTAL_BAGS_CERTIFIED,714,bags
2026-07-16,,Arabica,Colombia,ANT,TOTAL_BAGS_CERTIFIED,25,bags
2026-07-16,,Arabica,El Salvador,ANT,TOTAL_BAGS_CERTIFIED,1418,bags
2026-07-16,,Arabica,Guatemala,ANT,TOTAL_BAGS_CERTIFIED,275,bags
2026-07-16,,Arabica,Honduras,ANT,TOTAL_BAGS_CERTIFIED,32624,bags
2026-07-16,,Arabica,India,ANT,TOTAL_BAGS_CERTIFIED,9548,bags
2026-07-16,,Arabica,Kenya,ANT,TOTAL_BAGS_CERTIFIED,3736,bags
2026-07-16,,Arabica,Mexico,ANT,TOTAL_BAGS_CERTIFIED,18489,bags
2026-07-16,,Arabica,Nicaragua,ANT,TOTAL_BAGS_CERTIFIED,22672,bags
2026-07-16,,Arabica,Papua New Guinea,ANT,TOTAL_BAGS_CERTIFIED,4663,bags
2026-07-16,,Arabica,Peru,ANT,TOTAL_BAGS_CERTIFIED,56638,bags
2026-07-16,,Arabica,Rwanda,ANT,TOTAL_BAGS_CERTIFIED,10474,bags
2026-07-16,,Arabica,Tanzania,ANT,TOTAL_BAGS_CERTIFIED,11353,bags
2026-07-16,,Arabica,Uganda,ANT,TOTAL_BAGS_CERTIFIED,38694,bags
2026-07-16,,Arabica,Burundi,HA/BR,TOTAL_BAGS_CERTIFIED,285,bags
2026-07-16,,Arabica,Honduras,HA/BR,TOTAL_BAGS_CERTIFIED,675,bags
2026-07-16,,Arabica,India,HA/BR,TOTAL_BAGS_CERTIFIED,2349,bags
2026-07-16,,Arabica,Kenya,HA/BR,TOTAL_BAGS_CERTIFIED,1299,bags
2026-07-16,,Arabica,Papua New Guinea,HA/BR,TOTAL_BAGS_CERTIFIED,10365,bags
2026-07-16,,Arabica,Peru,HA/BR,TOTAL_BAGS_CERTIFIED,496,bags
2026-07-16,,Arabica,Tanzania,HA/BR,TOTAL_BAGS_CERTIFIED,1830,bags
2026-07-16,,Arabica,Uganda,HA/BR,TOTAL_BAGS_CERTIFIED,320,bags
2026-07-16,,Arabica,Venezuela,HA/BR,TOTAL_BAGS_CERTIFIED,3000,bags
2026-07-16,,Arabica,Guatemala,HOU,TOTAL_BAGS_CERTIFIED,1375,bags
2026-07-16,,Arabica,Honduras,HOU,TOTAL_BAGS_CERTIFIED,46955,bags
2026-07-16,,Arabica,Nicaragua,HOU,TOTAL_BAGS_CERTIFIED,25,bags
2026-07-16,,Arabica,Honduras,MIAMI,TOTAL_BAGS_CERTIFIED,6746,bags
2026-07-16,,Arabica,India,MIAMI,TOTAL_BAGS_CERTIFIED,1030,bags
2026-07-16,,Arabica,Kenya,MIAMI,TOTAL_BAGS_CERTIFIED,570,bags
2026-07-16,,Arabica,Peru,MIAMI,TOTAL_BAGS_CERTIFIED,2000,bags
2026-07-16,,Arabica,Venezuela,MIAMI,TOTAL_BAGS_CERTIFIED,3500,bags
2026-07-16,,Arabica,Colombia,NOLA,TOTAL_BAGS_CERTIFIED,225,bags
2026-07-16,,Arabica,Honduras,NOLA,TOTAL_BAGS_CERTIFIED,12742,bags
2026-07-16,,Arabica,Mexico,NOLA,TOTAL_BAGS_CERTIFIED,10049,bags
2026-07-16,,Arabica,Venezuela,NOLA,TOTAL_BAGS_CERTIFIED,250,bags
2026-07-16,,Arabica,Mexico,NY,TOTAL_BAGS_CERTIFIED,5424,bags
2026-07-16,,Arabica,Papua New Guinea,NY,TOTAL_BAGS_CERTIFIED,35,bags
2026-07-16,,Arabica,Peru,NY,TOTAL_BAGS_CERTIFIED,98,bags
2026-07-16,,Arabica,Venezuela,NY,TOTAL_BAGS_CERTIFIED,1000,bags
2026-07-16,2026-07-15,Robusta,,ANT,NON_TENDERABLE,2,lots
2026-07-16,2026-07-15,Robusta,,ANT,VALID_CERTIFICATE,2490,lots
2026-07-16,2026-07-15,Robusta,,BAR,VALID_CERTIFICATE,5,lots
2026-07-16,2026-07-15,Robusta,,FEL,VALID_CERTIFICATE,26,lots
2026-07-16,2026-07-15,Robusta,,LON,VALID_CERTIFICATE,1630,lots
2026-07-17,,Arabica,Brazil,ANT,TOTAL_BAGS_CERTIFIED,10288,bags
2026-07-17,,Arabica,Burundi,ANT,TOTAL_BAGS_CERTIFIED,714,bags
2026-07-17,,Arabica,Colombia,ANT,TOTAL_BAGS_CERTIFIED,25,bags
2026-07-17,,Arabica,El Salvador,ANT,TOTAL_BAGS_CERTIFIED,1418,bags
2026-07-17,,Arabica,Guatemala,ANT,TOTAL_BAGS_CERTIFIED,275,bags
2026-07-17,,Arabica,Honduras,ANT,TOTAL_BAGS_CERTIFIED,32624,bags
2026-07-17,,Arabica,India,ANT,TOTAL_BAGS_CERTIFIED,9548,bags
2026-07-17,,Arabica,Kenya,ANT,TOTAL_BAGS_CERTIFIED,3736,bags
2026-07-17,,Arabica,Mexico,ANT,TOTAL_BAGS_CERTIFIED,18489,bags
2026-07-17,,Arabica,Nicaragua,ANT,TOTAL_BAGS_CERTIFIED,22672,bags
2026-07-17,,Arabica,Papua New Guinea,ANT,TOTAL_BAGS_CERTIFIED,4663,bags
2026-07-17,,Arabica,Peru,ANT,TOTAL_BAGS_CERTIFIED,56638,bags
2026-07-17,,Arabica,Rwanda,ANT,TOTAL_BAGS_CERTIFIED,10474,bags
2026-07-17,,Arabica,Tanzania,ANT,TOTAL_BAGS_CERTIFIED,10044,bags
2026-07-17,,Arabica,Uganda,ANT,TOTAL_BAGS_CERTIFIED,38694,bags
2026-07-17,,Arabica,Burundi,HA/BR,TOTAL_BAGS_CERTIFIED,285,bags
2026-07-17,,Arabica,Honduras,HA/BR,TOTAL_BAGS_CERTIFIED,675,bags
2026-07-17,,Arabica,India,HA/BR,TOTAL_BAGS_CERTIFIED,2349,bags
2026-07-17,,Arabica,Kenya,HA/BR,TOTAL_BAGS_CERTIFIED,1299,bags
2026-07-17,,Arabica,Papua New Guinea,HA/BR,TOTAL_BAGS_CERTIFIED,10365,bags
2026-07-17,,Arabica,Peru,HA/BR,TOTAL_BAGS_CERTIFIED,496,bags
2026-07-17,,Arabica,Tanzania,HA/BR,TOTAL_BAGS_CERTIFIED,1830,bags
2026-07-17,,Arabica,Uganda,HA/BR,TOTAL_BAGS_CERTIFIED,320,bags
2026-07-17,,Arabica,Venezuela,HA/BR,TOTAL_BAGS_CERTIFIED,3000,bags
2026-07-17,,Arabica,Guatemala,HOU,TOTAL_BAGS_CERTIFIED,1375,bags
2026-07-17,,Arabica,Honduras,HOU,TOTAL_BAGS_CERTIFIED,46955,bags
2026-07-17,,Arabica,Nicaragua,HOU,TOTAL_BAGS_CERTIFIED,25,bags
2026-07-17,,Arabica,Honduras,MIAMI,TOTAL_BAGS_CERTIFIED,6746,bags
2026-07-17,,Arabica,India,MIAMI,TOTAL_BAGS_CERTIFIED,1030,bags
2026-07-17,,Arabica,Kenya,MIAMI,TOTAL_BAGS_CERTIFIED,570,bags
2026-07-17,,Arabica,Peru,MIAMI,TOTAL_BAGS_CERTIFIED,2000,bags
2026-07-17,,Arabica,Venezuela,MIAMI,TOTAL_BAGS_CERTIFIED,3500,bags
2026-07-17,,Arabica,Colombia,NOLA,TOTAL_BAGS_CERTIFIED,225,bags
2026-07-17,,Arabica,Honduras,NOLA,TOTAL_BAGS_CERTIFIED,12742,bags
2026-07-17,,Arabica,Mexico,NOLA,TOTAL_BAGS_CERTIFIED,10049,bags
2026-07-17,,Arabica,Venezuela,NOLA,TOTAL_BAGS_CERTIFIED,250,bags
2026-07-17,,Arabica,Mexico,NY,TOTAL_BAGS_CERTIFIED,5424,bags
2026-07-17,,Arabica,Papua New Guinea,NY,TOTAL_BAGS_CERTIFIED,35,bags
2026-07-17,,Arabica,Peru,NY,TOTAL_BAGS_CERTIFIED,98,bags
2026-07-17,,Arabica,Venezuela,NY,TOTAL_BAGS_CERTIFIED,1000,bags
2026-07-17,2026-07-16,Robusta,,ANT,NON_TENDERABLE,2,lots
2026-07-17,2026-07-16,Robusta,,ANT,VALID_CERTIFICATE,2476,lots
2026-07-17,2026-07-16,Robusta,,BAR,VALID_CERTIFICATE,5,lots
2026-07-17,2026-07-16,Robusta,,FEL,VALID_CERTIFICATE,26,lots
2026-07-17,2026-07-16,Robusta,,LON,VALID_CERTIFICATE,1630,lots
2026-07-20,,Arabica,Brazil,ANT,TOTAL_BAGS_CERTIFIED,10288,bags
2026-07-20,,Arabica,Burundi,ANT,TOTAL_BAGS_CERTIFIED,714,bags
2026-07-20,,Arabica,Colombia,ANT,TOTAL_BAGS_CERTIFIED,25,bags
2026-07-20,,Arabica,El Salvador,ANT,TOTAL_BAGS_CERTIFIED,1418,bags
2026-07-20,,Arabica,Guatemala,ANT,TOTAL_BAGS_CERTIFIED,275,bags
2026-07-20,,Arabica,Honduras,ANT,TOTAL_BAGS_CERTIFIED,30124,bags
2026-07-20,,Arabica,India,ANT,TOTAL_BAGS_CERTIFIED,9548,bags
2026-07-20,,Arabica,Kenya,ANT,TOTAL_BAGS_CERTIFIED,3736,bags
2026-07-20,,Arabica,Mexico,ANT,TOTAL_BAGS_CERTIFIED,18489,bags
2026-07-20,,Arabica,Nicaragua,ANT,TOTAL_BAGS_CERTIFIED,22672,bags
2026-07-20,,Arabica,Papua New Guinea,ANT,TOTAL_BAGS_CERTIFIED,4663,bags
2026-07-20,,Arabica,Peru,ANT,TOTAL_BAGS_CERTIFIED,56638,bags
2026-07-20,,Arabica,Rwanda,ANT,TOTAL_BAGS_CERTIFIED,10474,bags
2026-07-20,,Arabica,Tanzania,ANT,TOTAL_BAGS_CERTIFIED,9469,bags
2026-07-20,,Arabica,Uganda,ANT,TOTAL_BAGS_CERTIFIED,38694,bags
2026-07-20,,Arabica,Burundi,HA/BR,TOTAL_BAGS_CERTIFIED,285,bags
2026-07-20,,Arabica,Honduras,HA/BR,TOTAL_BAGS_CERTIFIED,675,bags
2026-07-20,,Arabica,India,HA/BR,TOTAL_BAGS_CERTIFIED,2349,bags
2026-07-20,,Arabica,Kenya,HA/BR,TOTAL_BAGS_CERTIFIED,1299,bags
2026-07-20,,Arabica,Papua New Guinea,HA/BR,TOTAL_BAGS_CERTIFIED,10365,bags
2026-07-20,,Arabica,Peru,HA/BR,TOTAL_BAGS_CERTIFIED,496,bags
2026-07-20,,Arabica,Tanzania,HA/BR,TOTAL_BAGS_CERTIFIED,1830,bags
2026-07-20,,Arabica,Uganda,HA/BR,TOTAL_BAGS_CERTIFIED,320,bags
2026-07-20,,Arabica,Venezuela,HA/BR,TOTAL_BAGS_CERTIFIED,3000,bags
2026-07-20,,Arabica,Guatemala,HOU,TOTAL_BAGS_CERTIFIED,1375,bags
2026-07-20,,Arabica,Honduras,HOU,TOTAL_BAGS_CERTIFIED,46955,bags
2026-07-20,,Arabica,Nicaragua,HOU,TOTAL_BAGS_CERTIFIED,25,bags
2026-07-20,,Arabica,Honduras,MIAMI,TOTAL_BAGS_CERTIFIED,6746,bags
2026-07-20,,Arabica,India,MIAMI,TOTAL_BAGS_CERTIFIED,1030,bags
2026-07-20,,Arabica,Kenya,MIAMI,TOTAL_BAGS_CERTIFIED,570,bags
2026-07-20,,Arabica,Peru,MIAMI,TOTAL_BAGS_CERTIFIED,2000,bags
2026-07-20,,Arabica,Venezuela,MIAMI,TOTAL_BAGS_CERTIFIED,3500,bags
2026-07-20,,Arabica,Colombia,NOLA,TOTAL_BAGS_CERTIFIED,225,bags
2026-07-20,,Arabica,Honduras,NOLA,TOTAL_BAGS_CERTIFIED,12742,bags
2026-07-20,,Arabica,Mexico,NOLA,TOTAL_BAGS_CERTIFIED,10049,bags
2026-07-20,,Arabica,Venezuela,NOLA,TOTAL_BAGS_CERTIFIED,250,bags
2026-07-20,,Arabica,Mexico,NY,TOTAL_BAGS_CERTIFIED,5424,bags
2026-07-20,,Arabica,Papua New Guinea,NY,TOTAL_BAGS_CERTIFIED,35,bags
2026-07-20,,Arabica,Peru,NY,TOTAL_BAGS_CERTIFIED,98,bags
2026-07-20,,Arabica,Venezuela,NY,TOTAL_BAGS_CERTIFIED,1000,bags
2026-07-20,2026-07-19,Robusta,,ANT,NON_TENDERABLE,2,lots
2026-07-20,2026-07-19,Robusta,,ANT,VALID_CERTIFICATE,2578,lots
2026-07-20,2026-07-19,Robusta,,BAR,VALID_CERTIFICATE,5,lots
2026-07-20,2026-07-19,Robusta,,FEL,VALID_CERTIFICATE,26,lots
2026-07-20,2026-07-19,Robusta,,LON,VALID_CERTIFICATE,1630,lots
2026-07-21,,Arabica,Brazil,ANT,TOTAL_BAGS_CERTIFIED,10288,bags
2026-07-21,,Arabica,Burundi,ANT,TOTAL_BAGS_CERTIFIED,714,bags
2026-07-21,,Arabica,Colombia,ANT,TOTAL_BAGS_CERTIFIED,25,bags
2026-07-21,,Arabica,El Salvador,ANT,TOTAL_BAGS_CERTIFIED,1418,bags
2026-07-21,,Arabica,Guatemala,ANT,TOTAL_BAGS_CERTIFIED,275,bags
2026-07-21,,Arabica,Honduras,ANT,TOTAL_BAGS_CERTIFIED,30124,bags
2026-07-21,,Arabica,India,ANT,TOTAL_BAGS_CERTIFIED,9548,bags
2026-07-21,,Arabica,Kenya,ANT,TOTAL_BAGS_CERTIFIED,3736,bags
2026-07-21,,Arabica,Mexico,ANT,TOTAL_BAGS_CERTIFIED,18489,bags
2026-07-21,,Arabica,Nicaragua,ANT,TOTAL_BAGS_CERTIFIED,22122,bags
2026-07-21,,Arabica,Papua New Guinea,ANT,TOTAL_BAGS_CERTIFIED,4663,bags
2026-07-21,,Arabica,Peru,ANT,TOTAL_BAGS_CERTIFIED,56638,bags
2026-07-21,,Arabica,Rwanda,ANT,TOTAL_BAGS_CERTIFIED,10474,bags
2026-07-21,,Arabica,Tanzania,ANT,TOTAL_BAGS_CERTIFIED,9469,bags
2026-07-21,,Arabica,Uganda,ANT,TOTAL_BAGS_CERTIFIED,38694,bags
2026-07-21,,Arabica,Burundi,HA/BR,TOTAL_BAGS_CERTIFIED,285,bags
2026-07-21,,Arabica,Honduras,HA/BR,TOTAL_BAGS_CERTIFIED,675,bags
2026-07-21,,Arabica,India,HA/BR,TOTAL_BAGS_CERTIFIED,2349,bags
2026-07-21,,Arabica,Kenya,HA/BR,TOTAL_BAGS_CERTIFIED,1299,bags
2026-07-21,,Arabica,Papua New Guinea,HA/BR,TOTAL_BAGS_CERTIFIED,10365,bags
2026-07-21,,Arabica,Peru,HA/BR,TOTAL_BAGS_CERTIFIED,496,bags
2026-07-21,,Arabica,Tanzania,HA/BR,TOTAL_BAGS_CERTIFIED,1830,bags
2026-07-21,,Arabica,Uganda,HA/BR,TOTAL_BAGS_CERTIFIED,320,bags
2026-07-21,,Arabica,Venezuela,HA/BR,TOTAL_BAGS_CERTIFIED,3000,bags
2026-07-21,,Arabica,Guatemala,HOU,TOTAL_BAGS_CERTIFIED,1375,bags
2026-07-21,,Arabica,Honduras,HOU,TOTAL_BAGS_CERTIFIED,46680,bags
2026-07-21,,Arabica,Nicaragua,HOU,TOTAL_BAGS_CERTIFIED,25,bags
2026-07-21,,Arabica,Honduras,MIAMI,TOTAL_BAGS_CERTIFIED,6746,bags
2026-07-21,,Arabica,India,MIAMI,TOTAL_BAGS_CERTIFIED,1030,bags
2026-07-21,,Arabica,Kenya,MIAMI,TOTAL_BAGS_CERTIFIED,570,bags
2026-07-21,,Arabica,Peru,MIAMI,TOTAL_BAGS_CERTIFIED,2000,bags
2026-07-21,,Arabica,Venezuela,MIAMI,TOTAL_BAGS_CERTIFIED,3500,bags
2026-07-21,,Arabica,Colombia,NOLA,TOTAL_BAGS_CERTIFIED,225,bags
2026-07-21,,Arabica,Honduras,NOLA,TOTAL_BAGS_CERTIFIED,12742,bags
2026-07-21,,Arabica,Mexico,NOLA,TOTAL_BAGS_CERTIFIED,10049,bags
2026-07-21,,Arabica,Venezuela,NOLA,TOTAL_BAGS_CERTIFIED,250,bags
2026-07-21,,Arabica,Mexico,NY,TOTAL_BAGS_CERTIFIED,5138,bags
2026-07-21,,Arabica,Papua New Guinea,NY,TOTAL_BAGS_CERTIFIED,35,bags
2026-07-21,,Arabica,Peru,NY,TOTAL_BAGS_CERTIFIED,98,bags
2026-07-21,,Arabica,Venezuela,NY,TOTAL_BAGS_CERTIFIED,1000,bags
2026-07-21,2026-07-20,Robusta,,ANT,NON_TENDERABLE,2,lots
2026-07-21,2026-07-20,Robusta,,ANT,VALID_CERTIFICATE,2576,lots
2026-07-21,2026-07-20,Robusta,,BAR,VALID_CERTIFICATE,5,lots
2026-07-21,2026-07-20,Robusta,,FEL,VALID_CERTIFICATE,26,lots
2026-07-21,2026-07-20,Robusta,,LON,VALID_CERTIFICATE,1630,lots
2026-07-22,,Arabica,Brazil,ANT,TOTAL_BAGS_CERTIFIED,10288,bags
2026-07-22,,Arabica,Burundi,ANT,TOTAL_BAGS_CERTIFIED,320,bags
2026-07-22,,Arabica,Colombia,ANT,TOTAL_BAGS_CERTIFIED,25,bags
2026-07-22,,Arabica,El Salvador,ANT,TOTAL_BAGS_CERTIFIED,1418,bags
2026-07-22,,Arabica,Guatemala,ANT,TOTAL_BAGS_CERTIFIED,275,bags
2026-07-22,,Arabica,Honduras,ANT,TOTAL_BAGS_CERTIFIED,29224,bags
2026-07-22,,Arabica,India,ANT,TOTAL_BAGS_CERTIFIED,9263,bags
2026-07-22,,Arabica,Kenya,ANT,TOTAL_BAGS_CERTIFIED,3736,bags
2026-07-22,,Arabica,Mexico,ANT,TOTAL_BAGS_CERTIFIED,17239,bags
2026-07-22,,Arabica,Nicaragua,ANT,TOTAL_BAGS_CERTIFIED,16807,bags
2026-07-22,,Arabica,Papua New Guinea,ANT,TOTAL_BAGS_CERTIFIED,4663,bags
2026-07-22,,Arabica,Peru,ANT,TOTAL_BAGS_CERTIFIED,56638,bags
2026-07-22,,Arabica,Rwanda,ANT,TOTAL_BAGS_CERTIFIED,10474,bags
2026-07-22,,Arabica,Tanzania,ANT,TOTAL_BAGS_CERTIFIED,9469,bags
2026-07-22,,Arabica,Uganda,ANT,TOTAL_BAGS_CERTIFIED,38694,bags
2026-07-22,,Arabica,Burundi,HA/BR,TOTAL_BAGS_CERTIFIED,285,bags
2026-07-22,,Arabica,Honduras,HA/BR,TOTAL_BAGS_CERTIFIED,675,bags
2026-07-22,,Arabica,India,HA/BR,TOTAL_BAGS_CERTIFIED,2349,bags
2026-07-22,,Arabica,Kenya,HA/BR,TOTAL_BAGS_CERTIFIED,1299,bags
2026-07-22,,Arabica,Papua New Guinea,HA/BR,TOTAL_BAGS_CERTIFIED,10365,bags
2026-07-22,,Arabica,Peru,HA/BR,TOTAL_BAGS_CERTIFIED,496,bags
2026-07-22,,Arabica,Tanzania,HA/BR,TOTAL_BAGS_CERTIFIED,1830,bags
2026-07-22,,Arabica,Uganda,HA/BR,TOTAL_BAGS_CERTIFIED,320,bags
2026-07-22,,Arabica,Venezuela,HA/BR,TOTAL_BAGS_CERTIFIED,3000,bags
2026-07-22,,Arabica,Guatemala,HOU,TOTAL_BAGS_CERTIFIED,1375,bags
2026-07-22,,Arabica,Honduras,HOU,TOTAL_BAGS_CERTIFIED,46680,bags
2026-07-22,,Arabica,Nicaragua,HOU,TOTAL_BAGS_CERTIFIED,25,bags
2026-07-22,,Arabica,Honduras,MIAMI,TOTAL_BAGS_CERTIFIED,6746,bags
2026-07-22,,Arabica,India,MIAMI,TOTAL_BAGS_CERTIFIED,1030,bags
2026-07-22,,Arabica,Kenya,MIAMI,TOTAL_BAGS_CERTIFIED,570,bags
2026-07-22,,Arabica,Peru,MIAMI,TOTAL_BAGS_CERTIFIED,2000,bags
2026-07-22,,Arabica,Venezuela,MIAMI,TOTAL_BAGS_CERTIFIED,3500,bags
2026-07-22,,Arabica,Colombia,NOLA,TOTAL_BAGS_CERTIFIED,225,bags
2026-07-22,,Arabica,Honduras,NOLA,TOTAL_BAGS_CERTIFIED,12742,bags
2026-07-22,,Arabica,Mexico,NOLA,TOTAL_BAGS_CERTIFIED,10049,bags
2026-07-22,,Arabica,Venezuela,NOLA,TOTAL_BAGS_CERTIFIED,250,bags
2026-07-22,,Arabica,Mexico,NY,TOTAL_BAGS_CERTIFIED,5138,bags
2026-07-22,,Arabica,Papua New Guinea,NY,TOTAL_BAGS_CERTIFIED,35,bags
2026-07-22,,Arabica,Peru,NY,TOTAL_BAGS_CERTIFIED,98,bags
2026-07-22,,Arabica,Venezuela,NY,TOTAL_BAGS_CERTIFIED,1000,bags
2026-07-22,2026-07-21,Robusta,,ANT,NON_TENDERABLE,2,lots
2026-07-22,2026-07-21,Robusta,,ANT,VALID_CERTIFICATE,2627,lots
2026-07-22,2026-07-21,Robusta,,BAR,VALID_CERTIFICATE,5,lots
2026-07-22,2026-07-21,Robusta,,FEL,VALID_CERTIFICATE,26,lots
2026-07-22,2026-07-21,Robusta,,LON,VALID_CERTIFICATE,1596,lots
2026-07-23,,Arabica,Brazil,ANT,TOTAL_BAGS_CERTIFIED,9556,bags
2026-07-23,,Arabica,Burundi,ANT,TOTAL_BAGS_CERTIFIED,320,bags
2026-07-23,,Arabica,Colombia,ANT,TOTAL_BAGS_CERTIFIED,25,bags
2026-07-23,,Arabica,El Salvador,ANT,TOTAL_BAGS_CERTIFIED,1418,bags
2026-07-23,,Arabica,Guatemala,ANT,TOTAL_BAGS_CERTIFIED,275,bags
2026-07-23,,Arabica,Honduras,ANT,TOTAL_BAGS_CERTIFIED,25474,bags
2026-07-23,,Arabica,India,ANT,TOTAL_BAGS_CERTIFIED,9263,bags
2026-07-23,,Arabica,Kenya,ANT,TOTAL_BAGS_CERTIFIED,3736,bags
2026-07-23,,Arabica,Mexico,ANT,TOTAL_BAGS_CERTIFIED,17239,bags
2026-07-23,,Arabica,Nicaragua,ANT,TOTAL_BAGS_CERTIFIED,16807,bags
2026-07-23,,Arabica,Papua New Guinea,ANT,TOTAL_BAGS_CERTIFIED,4663,bags
2026-07-23,,Arabica,Peru,ANT,TOTAL_BAGS_CERTIFIED,56638,bags
2026-07-23,,Arabica,Rwanda,ANT,TOTAL_BAGS_CERTIFIED,10474,bags
2026-07-23,,Arabica,Tanzania,ANT,TOTAL_BAGS_CERTIFIED,9469,bags
2026-07-23,,Arabica,Uganda,ANT,TOTAL_BAGS_CERTIFIED,38694,bags
2026-07-23,,Arabica,Burundi,HA/BR,TOTAL_BAGS_CERTIFIED,285,bags
2026-07-23,,Arabica,Honduras,HA/BR,TOTAL_BAGS_CERTIFIED,675,bags
2026-07-23,,Arabica,India,HA/BR,TOTAL_BAGS_CERTIFIED,2349,bags
2026-07-23,,Arabica,Kenya,HA/BR,TOTAL_BAGS_CERTIFIED,1299,bags
2026-07-23,,Arabica,Papua New Guinea,HA/BR,TOTAL_BAGS_CERTIFIED,10365,bags
2026-07-23,,Arabica,Peru,HA/BR,TOTAL_BAGS_CERTIFIED,496,bags
2026-07-23,,Arabica,Tanzania,HA/BR,TOTAL_BAGS_CERTIFIED,1830,bags
2026-07-23,,Arabica,Uganda,HA/BR,TOTAL_BAGS_CERTIFIED,320,bags
2026-07-23,,Arabica,Venezuela,HA/BR,TOTAL_BAGS_CERTIFIED,3000,bags
2026-07-23,,Arabica,Guatemala,HOU,TOTAL_BAGS_CERTIFIED,1375,bags
2026-07-23,,Arabica,Honduras,HOU,TOTAL_BAGS_CERTIFIED,46680,bags
2026-07-23,,Arabica,Nicaragua,HOU,TOTAL_BAGS_CERTIFIED,25,bags
2026-07-23,,Arabica,Honduras,MIAMI,TOTAL_BAGS_CERTIFIED,6746,bags
2026-07-23,,Arabica,India,MIAMI,TOTAL_BAGS_CERTIFIED,1030,bags
2026-07-23,,Arabica,Kenya,MIAMI,TOTAL_BAGS_CERTIFIED,570,bags
2026-07-23,,Arabica,Peru,MIAMI,TOTAL_BAGS_CERTIFIED,2000,bags
2026-07-23,,Arabica,Venezuela,MIAMI,TOTAL_BAGS_CERTIFIED,3500,bags
2026-07-23,,Arabica,Colombia,NOLA,TOTAL_BAGS_CERTIFIED,225,bags
2026-07-23,,Arabica,Honduras,NOLA,TOTAL_BAGS_CERTIFIED,12742,bags
2026-07-23,,Arabica,Mexico,NOLA,TOTAL_BAGS_CERTIFIED,10049,bags
2026-07-23,,Arabica,Mexico,NY,TOTAL_BAGS_CERTIFIED,5138,bags
2026-07-23,,Arabica,Papua New Guinea,NY,TOTAL_BAGS_CERTIFIED,35,bags
2026-07-23,,Arabica,Peru,NY,TOTAL_BAGS_CERTIFIED,98,bags
2026-07-23,,Arabica,Venezuela,NY,TOTAL_BAGS_CERTIFIED,1000,bags
2026-07-23,2026-07-22,Robusta,,ANT,NON_TENDERABLE,2,lots
2026-07-23,2026-07-22,Robusta,,ANT,VALID_CERTIFICATE,2627,lots
2026-07-23,2026-07-22,Robusta,,BAR,VALID_CERTIFICATE,5,lots
2026-07-23,2026-07-22,Robusta,,FEL,VALID_CERTIFICATE,26,lots
2026-07-23,2026-07-22,Robusta,,LON,VALID_CERTIFICATE,1542,lots
2026-07-24,,Arabica,Brazil,ANT,TOTAL_BAGS_CERTIFIED,9556,bags
2026-07-24,,Arabica,Burundi,ANT,TOTAL_BAGS_CERTIFIED,320,bags
2026-07-24,,Arabica,Colombia,ANT,TOTAL_BAGS_CERTIFIED,25,bags
2026-07-24,,Arabica,El Salvador,ANT,TOTAL_BAGS_CERTIFIED,1418,bags
2026-07-24,,Arabica,Guatemala,ANT,TOTAL_BAGS_CERTIFIED,275,bags
2026-07-24,,Arabica,Honduras,ANT,TOTAL_BAGS_CERTIFIED,25474,bags
2026-07-24,,Arabica,India,ANT,TOTAL_BAGS_CERTIFIED,8691,bags
2026-07-24,,Arabica,Kenya,ANT,TOTAL_BAGS_CERTIFIED,3736,bags
2026-07-24,,Arabica,Mexico,ANT,TOTAL_BAGS_CERTIFIED,14742,bags
2026-07-24,,Arabica,Nicaragua,ANT,TOTAL_BAGS_CERTIFIED,15560,bags
2026-07-24,,Arabica,Papua New Guinea,ANT,TOTAL_BAGS_CERTIFIED,4663,bags
2026-07-24,,Arabica,Peru,ANT,TOTAL_BAGS_CERTIFIED,56388,bags
2026-07-24,,Arabica,Rwanda,ANT,TOTAL_BAGS_CERTIFIED,10474,bags
2026-07-24,,Arabica,Tanzania,ANT,TOTAL_BAGS_CERTIFIED,9469,bags
2026-07-24,,Arabica,Uganda,ANT,TOTAL_BAGS_CERTIFIED,38694,bags
2026-07-24,,Arabica,Burundi,HA/BR,TOTAL_BAGS_CERTIFIED,285,bags
2026-07-24,,Arabica,Honduras,HA/BR,TOTAL_BAGS_CERTIFIED,675,bags
2026-07-24,,Arabica,India,HA/BR,TOTAL_BAGS_CERTIFIED,2349,bags
2026-07-24,,Arabica,Kenya,HA/BR,TOTAL_BAGS_CERTIFIED,1299,bags
2026-07-24,,Arabica,Papua New Guinea,HA/BR,TOTAL_BAGS_CERTIFIED,10365,bags
2026-07-24,,Arabica,Peru,HA/BR,TOTAL_BAGS_CERTIFIED,496,bags
2026-07-24,,Arabica,Tanzania,HA/BR,TOTAL_BAGS_CERTIFIED,1830,bags
2026-07-24,,Arabica,Uganda,HA/BR,TOTAL_BAGS_CERTIFIED,320,bags
2026-07-24,,Arabica,Venezuela,HA/BR,TOTAL_BAGS_CERTIFIED,3000,bags
2026-07-24,,Arabica,Guatemala,HOU,TOTAL_BAGS_CERTIFIED,1375,bags
2026-07-24,,Arabica,Honduras,HOU,TOTAL_BAGS_CERTIFIED,46680,bags
2026-07-24,,Arabica,Nicaragua,HOU,TOTAL_BAGS_CERTIFIED,25,bags
2026-07-24,,Arabica,Honduras,MIAMI,TOTAL_BAGS_CERTIFIED,6746,bags
2026-07-24,,Arabica,India,MIAMI,TOTAL_BAGS_CERTIFIED,1030,bags
2026-07-24,,Arabica,Kenya,MIAMI,TOTAL_BAGS_CERTIFIED,570,bags
2026-07-24,,Arabica,Peru,MIAMI,TOTAL_BAGS_CERTIFIED,2000,bags
2026-07-24,,Arabica,Venezuela,MIAMI,TOTAL_BAGS_CERTIFIED,3500,bags
2026-07-24,,Arabica,Colombia,NOLA,TOTAL_BAGS_CERTIFIED,225,bags
2026-07-24,,Arabica,Honduras,NOLA,TOTAL_BAGS_CERTIFIED,12742,bags
2026-07-24,,Arabica,Mexico,NOLA,TOTAL_BAGS_CERTIFIED,10049,bags
2026-07-24,,Arabica,Mexico,NY,TOTAL_BAGS_CERTIFIED,5138,bags
2026-07-24,,Arabica,Papua New Guinea,NY,TOTAL_BAGS_CERTIFIED,35,bags
2026-07-24,,Arabica,Peru,NY,TOTAL_BAGS_CERTIFIED,98,bags
2026-07-24,,Arabica,Venezuela,NY,TOTAL_BAGS_CERTIFIED,1000,bags
2026-07-24,2026-07-23,Robusta,,ANT,NON_TENDERABLE,2,lots
2026-07-24,2026-07-23,Robusta,,ANT,VALID_CERTIFICATE,2627,lots
2026-07-24,2026-07-23,Robusta,,BAR,VALID_CERTIFICATE,5,lots
2026-07-24,2026-07-23,Robusta,,FEL,VALID_CERTIFICATE,26,lots
2026-07-24,2026-07-23,Robusta,,LON,VALID_CERTIFICATE,1542,lots
2026-07-27,,Arabica,Brazil,ANT,TOTAL_BAGS_CERTIFIED,6714,bags
2026-07-27,,Arabica,Burundi,ANT,TOTAL_BAGS_CERTIFIED,320,bags
2026-07-27,,Arabica,Colombia,ANT,TOTAL_BAGS_CERTIFIED,25,bags
2026-07-27,,Arabica,El Salvador,ANT,TOTAL_BAGS_CERTIFIED,868,bags
2026-07-27,,Arabica,Guatemala,ANT,TOTAL_BAGS_CERTIFIED,275,bags
2026-07-27,,Arabica,Honduras,ANT,TOTAL_BAGS_CERTIFIED,23049,bags
2026-07-27,,Arabica,India,ANT,TOTAL_BAGS_CERTIFIED,8691,bags
2026-07-27,,Arabica,Kenya,ANT,TOTAL_BAGS_CERTIFIED,2880,bags
2026-07-27,,Arabica,Mexico,ANT,TOTAL_BAGS_CERTIFIED,14742,bags
2026-07-27,,Arabica,Nicaragua,ANT,TOTAL_BAGS_CERTIFIED,15285,bags
2026-07-27,,Arabica,Papua New Guinea,ANT,TOTAL_BAGS_CERTIFIED,4663,bags
2026-07-27,,Arabica,Peru,ANT,TOTAL_BAGS_CERTIFIED,54888,bags
2026-07-27,,Arabica,Rwanda,ANT,TOTAL_BAGS_CERTIFIED,9338,bags
2026-07-27,,Arabica,Tanzania,ANT,TOTAL_BAGS_CERTIFIED,9469,bags
2026-07-27,,Arabica,Uganda,ANT,TOTAL_BAGS_CERTIFIED,38694,bags
2026-07-27,,Arabica,Burundi,HA/BR,TOTAL_BAGS_CERTIFIED,285,bags
2026-07-27,,Arabica,Honduras,HA/BR,TOTAL_BAGS_CERTIFIED,675,bags
2026-07-27,,Arabica,India,HA/BR,TOTAL_BAGS_CERTIFIED,2349,bags
2026-07-27,,Arabica,Kenya,HA/BR,TOTAL_BAGS_CERTIFIED,1299,bags
2026-07-27,,Arabica,Papua New Guinea,HA/BR,TOTAL_BAGS_CERTIFIED,1442,bags
2026-07-27,,Arabica,Peru,HA/BR,TOTAL_BAGS_CERTIFIED,496,bags
2026-07-27,,Arabica,Tanzania,HA/BR,TOTAL_BAGS_CERTIFIED,1830,bags
2026-07-27,,Arabica,Uganda,HA/BR,TOTAL_BAGS_CERTIFIED,320,bags
2026-07-27,,Arabica,Venezuela,HA/BR,TOTAL_BAGS_CERTIFIED,3000,bags
2026-07-27,,Arabica,Guatemala,HOU,TOTAL_BAGS_CERTIFIED,1375,bags
2026-07-27,,Arabica,Honduras,HOU,TOTAL_BAGS_CERTIFIED,46680,bags
2026-07-27,,Arabica,Nicaragua,HOU,TOTAL_BAGS_CERTIFIED,25,bags
2026-07-27,,Arabica,Honduras,MIAMI,TOTAL_BAGS_CERTIFIED,6746,bags
2026-07-27,,Arabica,India,MIAMI,TOTAL_BAGS_CERTIFIED,1030,bags
2026-07-27,,Arabica,Kenya,MIAMI,TOTAL_BAGS_CERTIFIED,570,bags
2026-07-27,,Arabica,Peru,MIAMI,TOTAL_BAGS_CERTIFIED,2000,bags
2026-07-27,,Arabica,Venezuela,MIAMI,TOTAL_BAGS_CERTIFIED,3500,bags
2026-07-27,,Arabica,Colombia,NOLA,TOTAL_BAGS_CERTIFIED,225,bags
2026-07-27,,Arabica,Honduras,NOLA,TOTAL_BAGS_CERTIFIED,12742,bags
2026-07-27,,Arabica,Mexico,NOLA,TOTAL_BAGS_CERTIFIED,10049,bags
2026-07-27,,Arabica,Mexico,NY,TOTAL_BAGS_CERTIFIED,5138,bags
2026-07-27,,Arabica,Papua New Guinea,NY,TOTAL_BAGS_CERTIFIED,35,bags
2026-07-27,,Arabica,Peru,NY,TOTAL_BAGS_CERTIFIED,98,bags
2026-07-27,,Arabica,Venezuela,NY,TOTAL_BAGS_CERTIFIED,1000,bags
2026-07-27,2026-07-26,Robusta,,ANT,NON_TENDERABLE,2,lots
2026-07-27,2026-07-26,Robusta,,ANT,VALID_CERTIFICATE,2655,lots
2026-07-27,2026-07-26,Robusta,,BAR,VALID_CERTIFICATE,5,lots
2026-07-27,2026-07-26,Robusta,,FEL,VALID_CERTIFICATE,26,lots
2026-07-27,2026-07-26,Robusta,,LON,VALID_CERTIFICATE,1542,lots
2026-07-28,,Arabica,Brazil,ANT,TOTAL_BAGS_CERTIFIED,6714,bags
2026-07-28,,Arabica,Burundi,ANT,TOTAL_BAGS_CERTIFIED,320,bags
2026-07-28,,Arabica,Colombia,ANT,TOTAL_BAGS_CERTIFIED,25,bags
2026-07-28,,Arabica,El Salvador,ANT,TOTAL_BAGS_CERTIFIED,868,bags
2026-07-28,,Arabica,Guatemala,ANT,TOTAL_BAGS_CERTIFIED,275,bags
2026-07-28,,Arabica,Honduras,ANT,TOTAL_BAGS_CERTIFIED,22750,bags
2026-07-28,,Arabica,India,ANT,TOTAL_BAGS_CERTIFIED,8691,bags
2026-07-28,,Arabica,Kenya,ANT,TOTAL_BAGS_CERTIFIED,2880,bags
2026-07-28,,Arabica,Mexico,ANT,TOTAL_BAGS_CERTIFIED,14244,bags
2026-07-28,,Arabica,Nicaragua,ANT,TOTAL_BAGS_CERTIFIED,15285,bags
2026-07-28,,Arabica,Papua New Guinea,ANT,TOTAL_BAGS_CERTIFIED,4663,bags
2026-07-28,,Arabica,Peru,ANT,TOTAL_BAGS_CERTIFIED,54888,bags
2026-07-28,,Arabica,Rwanda,ANT,TOTAL_BAGS_CERTIFIED,9338,bags
2026-07-28,,Arabica,Tanzania,ANT,TOTAL_BAGS_CERTIFIED,9469,bags
2026-07-28,,Arabica,Uganda,ANT,TOTAL_BAGS_CERTIFIED,38694,bags
2026-07-28,,Arabica,Burundi,HA/BR,TOTAL_BAGS_CERTIFIED,285,bags
2026-07-28,,Arabica,Honduras,HA/BR,TOTAL_BAGS_CERTIFIED,675,bags
2026-07-28,,Arabica,India,HA/BR,TOTAL_BAGS_CERTIFIED,2349,bags
2026-07-28,,Arabica,Kenya,HA/BR,TOTAL_BAGS_CERTIFIED,1299,bags
2026-07-28,,Arabica,Papua New Guinea,HA/BR,TOTAL_BAGS_CERTIFIED,288,bags
2026-07-28,,Arabica,Peru,HA/BR,TOTAL_BAGS_CERTIFIED,496,bags
2026-07-28,,Arabica,Tanzania,HA/BR,TOTAL_BAGS_CERTIFIED,1830,bags
2026-07-28,,Arabica,Uganda,HA/BR,TOTAL_BAGS_CERTIFIED,320,bags
2026-07-28,,Arabica,Venezuela,HA/BR,TOTAL_BAGS_CERTIFIED,3000,bags
2026-07-28,,Arabica,Guatemala,HOU,TOTAL_BAGS_CERTIFIED,1375,bags
2026-07-28,,Arabica,Honduras,HOU,TOTAL_BAGS_CERTIFIED,46680,bags
2026-07-28,,Arabica,Nicaragua,HOU,TOTAL_BAGS_CERTIFIED,25,bags
2026-07-28,,Arabica,Honduras,MIAMI,TOTAL_BAGS_CERTIFIED,5646,bags
2026-07-28,,Arabica,India,MIAMI,TOTAL_BAGS_CERTIFIED,1030,bags
2026-07-28,,Arabica,Kenya,MIAMI,TOTAL_BAGS_CERTIFIED,570,bags
2026-07-28,,Arabica,Peru,MIAMI,TOTAL_BAGS_CERTIFIED,2000,bags
2026-07-28,,Arabica,Venezuela,MIAMI,TOTAL_BAGS_CERTIFIED,3500,bags
2026-07-28,,Arabica,Colombia,NOLA,TOTAL_BAGS_CERTIFIED,225,bags
2026-07-28,,Arabica,Honduras,NOLA,TOTAL_BAGS_CERTIFIED,12742,bags
2026-07-28,,Arabica,Mexico,NOLA,TOTAL_BAGS_CERTIFIED,10049,bags
2026-07-28,,Arabica,Mexico,NY,TOTAL_BAGS_CERTIFIED,5138,bags
2026-07-28,,Arabica,Papua New Guinea,NY,TOTAL_BAGS_CERTIFIED,35,bags
2026-07-28,,Arabica,Peru,NY,TOTAL_BAGS_CERTIFIED,98,bags
2026-07-28,,Arabica,Venezuela,NY,TOTAL_BAGS_CERTIFIED,1000,bags
2026-07-28,2026-07-27,Robusta,,ANT,NON_TENDERABLE,2,lots
2026-07-28,2026-07-27,Robusta,,ANT,VALID_CERTIFICATE,2653,lots
2026-07-28,2026-07-27,Robusta,,BAR,VALID_CERTIFICATE,5,lots
2026-07-28,2026-07-27,Robusta,,FEL,VALID_CERTIFICATE,19,lots
2026-07-28,2026-07-27,Robusta,,LON,VALID_CERTIFICATE,1462,lots
2026-07-29,,Arabica,Brazil,ANT,TOTAL_BAGS_CERTIFIED,6714,bags
2026-07-29,,Arabica,Burundi,ANT,TOTAL_BAGS_CERTIFIED,320,bags
2026-07-29,,Arabica,Colombia,ANT,TOTAL_BAGS_CERTIFIED,25,bags
2026-07-29,,Arabica,El Salvador,ANT,TOTAL_BAGS_CERTIFIED,868,bags
2026-07-29,,Arabica,Guatemala,ANT,TOTAL_BAGS_CERTIFIED,275,bags
2026-07-29,,Arabica,Honduras,ANT,TOTAL_BAGS_CERTIFIED,22250,bags
2026-07-29,,Arabica,India,ANT,TOTAL_BAGS_CERTIFIED,8691,bags
2026-07-29,,Arabica,Kenya,ANT,TOTAL_BAGS_CERTIFIED,2880,bags
2026-07-29,,Arabica,Mexico,ANT,TOTAL_BAGS_CERTIFIED,13720,bags
2026-07-29,,Arabica,Nicaragua,ANT,TOTAL_BAGS_CERTIFIED,15285,bags
2026-07-29,,Arabica,Papua New Guinea,ANT,TOTAL_BAGS_CERTIFIED,4663,bags
2026-07-29,,Arabica,Peru,ANT,TOTAL_BAGS_CERTIFIED,52652,bags
2026-07-29,,Arabica,Rwanda,ANT,TOTAL_BAGS_CERTIFIED,7880,bags
2026-07-29,,Arabica,Tanzania,ANT,TOTAL_BAGS_CERTIFIED,9469,bags
2026-07-29,,Arabica,Uganda,ANT,TOTAL_BAGS_CERTIFIED,38027,bags
2026-07-29,,Arabica,Burundi,HA/BR,TOTAL_BAGS_CERTIFIED,285,bags
2026-07-29,,Arabica,Honduras,HA/BR,TOTAL_BAGS_CERTIFIED,675,bags
2026-07-29,,Arabica,India,HA/BR,TOTAL_BAGS_CERTIFIED,2349,bags
2026-07-29,,Arabica,Kenya,HA/BR,TOTAL_BAGS_CERTIFIED,1299,bags
2026-07-29,,Arabica,Papua New Guinea,HA/BR,TOTAL_BAGS_CERTIFIED,288,bags
2026-07-29,,Arabica,Peru,HA/BR,TOTAL_BAGS_CERTIFIED,496,bags
2026-07-29,,Arabica,Tanzania,HA/BR,TOTAL_BAGS_CERTIFIED,1830,bags
2026-07-29,,Arabica,Uganda,HA/BR,TOTAL_BAGS_CERTIFIED,35,bags
2026-07-29,,Arabica,Venezuela,HA/BR,TOTAL_BAGS_CERTIFIED,3000,bags
2026-07-29,,Arabica,Guatemala,HOU,TOTAL_BAGS_CERTIFIED,1375,bags
2026-07-29,,Arabica,Honduras,HOU,TOTAL_BAGS_CERTIFIED,42930,bags
2026-07-29,,Arabica,Nicaragua,HOU,TOTAL_BAGS_CERTIFIED,25,bags
2026-07-29,,Arabica,Honduras,MIAMI,TOTAL_BAGS_CERTIFIED,2721,bags
2026-07-29,,Arabica,India,MIAMI,TOTAL_BAGS_CERTIFIED,1030,bags
2026-07-29,,Arabica,Kenya,MIAMI,TOTAL_BAGS_CERTIFIED,570,bags
2026-07-29,,Arabica,Peru,MIAMI,TOTAL_BAGS_CERTIFIED,1750,bags
2026-07-29,,Arabica,Venezuela,MIAMI,TOTAL_BAGS_CERTIFIED,3500,bags
2026-07-29,,Arabica,Colombia,NOLA,TOTAL_BAGS_CERTIFIED,225,bags
2026-07-29,,Arabica,Honduras,NOLA,TOTAL_BAGS_CERTIFIED,9746,bags
2026-07-29,,Arabica,Mexico,NOLA,TOTAL_BAGS_CERTIFIED,10049,bags
2026-07-29,,Arabica,Mexico,NY,TOTAL_BAGS_CERTIFIED,5138,bags
2026-07-29,,Arabica,Papua New Guinea,NY,TOTAL_BAGS_CERTIFIED,35,bags
2026-07-29,,Arabica,Peru,NY,TOTAL_BAGS_CERTIFIED,98,bags
2026-07-29,,Arabica,Venezuela,NY,TOTAL_BAGS_CERTIFIED,1000,bags
2026-07-29,2026-07-28,Robusta,,ANT,NON_TENDERABLE,2,lots
2026-07-29,2026-07-28,Robusta,,ANT,VALID_CERTIFICATE,2650,lots
2026-07-29,2026-07-28,Robusta,,BAR,VALID_CERTIFICATE,5,lots
2026-07-29,2026-07-28,Robusta,,FEL,VALID_CERTIFICATE,19,lots
2026-07-29,2026-07-28,Robusta,,LON,VALID_CERTIFICATE,1462,lots
2026-07-30,,Arabica,Brazil,ANT,TOTAL_BAGS_CERTIFIED,6428,bags
2026-07-30,,Arabica,Burundi,ANT,TOTAL_BAGS_CERTIFIED,320,bags
2026-07-30,,Arabica,Colombia,ANT,TOTAL_BAGS_CERTIFIED,25,bags
2026-07-30,,Arabica,El Salvador,ANT,TOTAL_BAGS_CERTIFIED,868,bags
2026-07-30,,Arabica,Guatemala,ANT,TOTAL_BAGS_CERTIFIED,275,bags
2026-07-30,,Arabica,Honduras,ANT,TOTAL_BAGS_CERTIFIED,22250,bags
2026-07-30,,Arabica,India,ANT,TOTAL_BAGS_CERTIFIED,8691,bags
2026-07-30,,Arabica,Kenya,ANT,TOTAL_BAGS_CERTIFIED,2880,bags
2026-07-30,,Arabica,Mexico,ANT,TOTAL_BAGS_CERTIFIED,13720,bags
2026-07-30,,Arabica,Nicaragua,ANT,TOTAL_BAGS_CERTIFIED,15285,bags
2026-07-30,,Arabica,Papua New Guinea,ANT,TOTAL_BAGS_CERTIFIED,4663,bags
2026-07-30,,Arabica,Peru,ANT,TOTAL_BAGS_CERTIFIED,52402,bags
2026-07-30,,Arabica,Rwanda,ANT,TOTAL_BAGS_CERTIFIED,7880,bags
2026-07-30,,Arabica,Tanzania,ANT,TOTAL_BAGS_CERTIFIED,9469,bags
2026-07-30,,Arabica,Uganda,ANT,TOTAL_BAGS_CERTIFIED,36606,bags
2026-07-30,,Arabica,Burundi,HA/BR,TOTAL_BAGS_CERTIFIED,285,bags
2026-07-30,,Arabica,Honduras,HA/BR,TOTAL_BAGS_CERTIFIED,675,bags
2026-07-30,,Arabica,India,HA/BR,TOTAL_BAGS_CERTIFIED,2349,bags
2026-07-30,,Arabica,Kenya,HA/BR,TOTAL_BAGS_CERTIFIED,1299,bags
2026-07-30,,Arabica,Papua New Guinea,HA/BR,TOTAL_BAGS_CERTIFIED,288,bags
2026-07-30,,Arabica,Peru,HA/BR,TOTAL_BAGS_CERTIFIED,496,bags
2026-07-30,,Arabica,Tanzania,HA/BR,TOTAL_BAGS_CERTIFIED,1830,bags
2026-07-30,,Arabica,Uganda,HA/BR,TOTAL_BAGS_CERTIFIED,35,bags
2026-07-30,,Arabica,Venezuela,HA/BR,TOTAL_BAGS_CERTIFIED,2750,bags
2026-07-30,,Arabica,Guatemala,HOU,TOTAL_BAGS_CERTIFIED,1375,bags
2026-07-30,,Arabica,Honduras,HOU,TOTAL_BAGS_CERTIFIED,42780,bags
2026-07-30,,Arabica,Nicaragua,HOU,TOTAL_BAGS_CERTIFIED,25,bags
2026-07-30,,Arabica,Honduras,MIAMI,TOTAL_BAGS_CERTIFIED,2721,bags
2026-07-30,,Arabica,India,MIAMI,TOTAL_BAGS_CERTIFIED,1030,bags
2026-07-30,,Arabica,Kenya,MIAMI,TOTAL_BAGS_CERTIFIED,285,bags
2026-07-30,,Arabica,Peru,MIAMI,TOTAL_BAGS_CERTIFIED,1500,bags
2026-07-30,,Arabica,Venezuela,MIAMI,TOTAL_BAGS_CERTIFIED,3500,bags
2026-07-30,,Arabica,Colombia,NOLA,TOTAL_BAGS_CERTIFIED,225,bags
2026-07-30,,Arabica,Honduras,NOLA,TOTAL_BAGS_CERTIFIED,9746,bags
2026-07-30,,Arabica,Mexico,NOLA,TOTAL_BAGS_CERTIFIED,9549,bags
2026-07-30,,Arabica,Mexico,NY,TOTAL_BAGS_CERTIFIED,816,bags
2026-07-30,,Arabica,Papua New Guinea,NY,TOTAL_BAGS_CERTIFIED,35,bags
2026-07-30,,Arabica,Peru,NY,TOTAL_BAGS_CERTIFIED,98,bags
2026-07-30,,Arabica,Venezuela,NY,TOTAL_BAGS_CERTIFIED,750,bags
2026-07-30,2026-07-29,Robusta,,ANT,NON_TENDERABLE,2,lots
2026-07-30,2026-07-29,Robusta,,ANT,VALID_CERTIFICATE,2649,lots
2026-07-30,2026-07-29,Robusta,,BAR,VALID_CERTIFICATE,3,lots
2026-07-30,2026-07-29,Robusta,,FEL,VALID_CERTIFICATE,19,lots
2026-07-30,2026-07-29,Robusta,,LON,VALID_CERTIFICATE,1462,lots
2026-07-31,,Arabica,Brazil,ANT,TOTAL_BAGS_CERTIFIED,6428,bags
2026-07-31,,Arabica,Burundi,ANT,TOTAL_BAGS_CERTIFIED,320,bags
2026-07-31,,Arabica,Colombia,ANT,TOTAL_BAGS_CERTIFIED,25,bags
2026-07-31,,Arabica,El Salvador,ANT,TOTAL_BAGS_CERTIFIED,868,bags
2026-07-31,,Arabica,Guatemala,ANT,TOTAL_BAGS_CERTIFIED,275,bags
2026-07-31,,Arabica,Honduras,ANT,TOTAL_BAGS_CERTIFIED,22250,bags
2026-07-31,,Arabica,India,ANT,TOTAL_BAGS_CERTIFIED,8691,bags
2026-07-31,,Arabica,Kenya,ANT,TOTAL_BAGS_CERTIFIED,2880,bags
2026-07-31,,Arabica,Mexico,ANT,TOTAL_BAGS_CERTIFIED,13470,bags
2026-07-31,,Arabica,Nicaragua,ANT,TOTAL_BAGS_CERTIFIED,15285,bags
2026-07-31,,Arabica,Papua New Guinea,ANT,TOTAL_BAGS_CERTIFIED,4663,bags
2026-07-31,,Arabica,Peru,ANT,TOTAL_BAGS_CERTIFIED,50877,bags
2026-07-31,,Arabica,Rwanda,ANT,TOTAL_BAGS_CERTIFIED,7880,bags
2026-07-31,,Arabica,Tanzania,ANT,TOTAL_BAGS_CERTIFIED,9469,bags
2026-07-31,,Arabica,Uganda,ANT,TOTAL_BAGS_CERTIFIED,36606,bags
2026-07-31,,Arabica,Burundi,HA/BR,TOTAL_BAGS_CERTIFIED,285,bags
2026-07-31,,Arabica,Honduras,HA/BR,TOTAL_BAGS_CERTIFIED,675,bags
2026-07-31,,Arabica,India,HA/BR,TOTAL_BAGS_CERTIFIED,2349,bags
2026-07-31,,Arabica,Kenya,HA/BR,TOTAL_BAGS_CERTIFIED,1299,bags
2026-07-31,,Arabica,Papua New Guinea,HA/BR,TOTAL_BAGS_CERTIFIED,288,bags
2026-07-31,,Arabica,Peru,HA/BR,TOTAL_BAGS_CERTIFIED,496,bags
2026-07-31,,Arabica,Tanzania,HA/BR,TOTAL_BAGS_CERTIFIED,1830,bags
2026-07-31,,Arabica,Uganda,HA/BR,TOTAL_BAGS_CERTIFIED,35,bags
2026-07-31,,Arabica,Venezuela,HA/BR,TOTAL_BAGS_CERTIFIED,2750,bags
2026-07-31,,Arabica,Guatemala,HOU,TOTAL_BAGS_CERTIFIED,1375,bags
2026-07-31,,Arabica,Honduras,HOU,TOTAL_BAGS_CERTIFIED,42780,bags
2026-07-31,,Arabica,Nicaragua,HOU,TOTAL_BAGS_CERTIFIED,25,bags
2026-07-31,,Arabica,Honduras,MIAMI,TOTAL_BAGS_CERTIFIED,2721,bags
2026-07-31,,Arabica,India,MIAMI,TOTAL_BAGS_CERTIFIED,1030,bags
2026-07-31,,Arabica,Kenya,MIAMI,TOTAL_BAGS_CERTIFIED,285,bags
2026-07-31,,Arabica,Peru,MIAMI,TOTAL_BAGS_CERTIFIED,1500,bags
2026-07-31,,Arabica,Venezuela,MIAMI,TOTAL_BAGS_CERTIFIED,3500,bags
2026-07-31,,Arabica,Colombia,NOLA,TOTAL_BAGS_CERTIFIED,225,bags
2026-07-31,,Arabica,Honduras,NOLA,TOTAL_BAGS_CERTIFIED,9746,bags
2026-07-31,,Arabica,Mexico,NOLA,TOTAL_BAGS_CERTIFIED,9549,bags
2026-07-31,,Arabica,Mexico,NY,TOTAL_BAGS_CERTIFIED,566,bags
2026-07-31,,Arabica,Papua New Guinea,NY,TOTAL_BAGS_CERTIFIED,35,bags
2026-07-31,,Arabica,Peru,NY,TOTAL_BAGS_CERTIFIED,98,bags
2026-07-31,,Arabica,Venezuela,NY,TOTAL_BAGS_CERTIFIED,750,bags
2026-07-31,2026-07-30,Robusta,,ANT,NON_TENDERABLE,2,lots
2026-07-31,2026-07-30,Robusta,,ANT,VALID_CERTIFICATE,2695,lots
2026-07-31,2026-07-30,Robusta,,BAR,VALID_CERTIFICATE,2,lots
2026-07-31,2026-07-30,Robusta,,FEL,VALID_CERTIFICATE,19,lots
2026-07-31,2026-07-30,Robusta,,LON,VALID_CERTIFICATE,1432,lots
2026-08-03,,Arabica,Brazil,ANT,TOTAL_BAGS_CERTIFIED,6428,bags
2026-08-03,,Arabica,Burundi,ANT,TOTAL_BAGS_CERTIFIED,320,bags
2026-08-03,,Arabica,Colombia,ANT,TOTAL_BAGS_CERTIFIED,25,bags
2026-08-03,,Arabica,El Salvador,ANT,TOTAL_BAGS_CERTIFIED,868,bags
2026-08-03,,Arabica,Guatemala,ANT,TOTAL_BAGS_CERTIFIED,275,bags
2026-08-03,,Arabica,Honduras,ANT,TOTAL_BAGS_CERTIFIED,19250,bags
2026-08-03,,Arabica,India,ANT,TOTAL_BAGS_CERTIFIED,8691,bags
2026-08-03,,Arabica,Kenya,ANT,TOTAL_BAGS_CERTIFIED,2880,bags
2026-08-03,,Arabica,Mexico,ANT,TOTAL_BAGS_CERTIFIED,13470,bags
2026-08-03,,Arabica,Nicaragua,ANT,TOTAL_BAGS_CERTIFIED,15285,bags
2026-08-03,,Arabica,Papua New Guinea,ANT,TOTAL_BAGS_CERTIFIED,4663,bags
2026-08-03,,Arabica,Peru,ANT,TOTAL_BAGS_CERTIFIED,50877,bags
2026-08-03,,Arabica,Rwanda,ANT,TOTAL_BAGS_CERTIFIED,7596,bags
2026-08-03,,Arabica,Tanzania,ANT,TOTAL_BAGS_CERTIFIED,9469,bags
2026-08-03,,Arabica,Uganda,ANT,TOTAL_BAGS_CERTIFIED,36606,bags
2026-08-03,,Arabica,Burundi,HA/BR,TOTAL_BAGS_CERTIFIED,285,bags
2026-08-03,,Arabica,Honduras,HA/BR,TOTAL_BAGS_CERTIFIED,500,bags
2026-08-03,,Arabica,India,HA/BR,TOTAL_BAGS_CERTIFIED,2349,bags
2026-08-03,,Arabica,Kenya,HA/BR,TOTAL_BAGS_CERTIFIED,1299,bags
2026-08-03,,Arabica,Papua New Guinea,HA/BR,TOTAL_BAGS_CERTIFIED,288,bags
2026-08-03,,Arabica,Peru,HA/BR,TOTAL_BAGS_CERTIFIED,496,bags
2026-08-03,,Arabica,Tanzania,HA/BR,TOTAL_BAGS_CERTIFIED,1830,bags
2026-08-03,,Arabica,Uganda,HA/BR,TOTAL_BAGS_CERTIFIED,35,bags
2026-08-03,,Arabica,Venezuela,HA/BR,TOTAL_BAGS_CERTIFIED,2750,bags
2026-08-03,,Arabica,Guatemala,HOU,TOTAL_BAGS_CERTIFIED,1375,bags
2026-08-03,,Arabica,Honduras,HOU,TOTAL_BAGS_CERTIFIED,42780,bags
2026-08-03,,Arabica,Nicaragua,HOU,TOTAL_BAGS_CERTIFIED,25,bags
2026-08-03,,Arabica,Honduras,MIAMI,TOTAL_BAGS_CERTIFIED,2721,bags
2026-08-03,,Arabica,India,MIAMI,TOTAL_BAGS_CERTIFIED,1030,bags
2026-08-03,,Arabica,Kenya,MIAMI,TOTAL_BAGS_CERTIFIED,285,bags
2026-08-03,,Arabica,Peru,MIAMI,TOTAL_BAGS_CERTIFIED,1500,bags
2026-08-03,,Arabica,Venezuela,MIAMI,TOTAL_BAGS_CERTIFIED,3500,bags
2026-08-03,,Arabica,Colombia,NOLA,TOTAL_BAGS_CERTIFIED,225,bags
2026-08-03,,Arabica,Honduras,NOLA,TOTAL_BAGS_CERTIFIED,9746,bags
2026-08-03,,Arabica,Mexico,NOLA,TOTAL_BAGS_CERTIFIED,9549,bags
2026-08-03,,Arabica,Mexico,NY,TOTAL_BAGS_CERTIFIED,566,bags
2026-08-03,,Arabica,Papua New Guinea,NY,TOTAL_BAGS_CERTIFIED,35,bags
2026-08-03,,Arabica,Peru,NY,TOTAL_BAGS_CERTIFIED,98,bags
2026-08-03,,Arabica,Venezuela,NY,TOTAL_BAGS_CERTIFIED,750,bags
2026-08-03,2026-08-02,Robusta,,ANT,NON_TENDERABLE,2,lots
2026-08-03,2026-08-02,Robusta,,ANT,VALID_CERTIFICATE,2760,lots
2026-08-03,2026-08-02,Robusta,,BAR,VALID_CERTIFICATE,2,lots
2026-08-03,2026-08-02,Robusta,,FEL,VALID_CERTIFICATE,19,lots
2026-08-03,2026-08-02,Robusta,,LON,VALID_CERTIFICATE,1432,lots
2026-08-04,,Arabica,Brazil,ANT,TOTAL_BAGS_CERTIFIED,6428,bags
2026-08-04,,Arabica,Burundi,ANT,TOTAL_BAGS_CERTIFIED,320,bags
2026-08-04,,Arabica,Colombia,ANT,TOTAL_BAGS_CERTIFIED,25,bags
2026-08-04,,Arabica,El Salvador,ANT,TOTAL_BAGS_CERTIFIED,868,bags
2026-08-04,,Arabica,Guatemala,ANT,TOTAL_BAGS_CERTIFIED,275,bags
2026-08-04,,Arabica,Honduras,ANT,TOTAL_BAGS_CERTIFIED,18550,bags
2026-08-04,,Arabica,India,ANT,TOTAL_BAGS_CERTIFIED,6699,bags
2026-08-04,,Arabica,Kenya,ANT,TOTAL_BAGS_CERTIFIED,2880,bags
2026-08-04,,Arabica,Mexico,ANT,TOTAL_BAGS_CERTIFIED,12720,bags
2026-08-04,,Arabica,Nicaragua,ANT,TOTAL_BAGS_CERTIFIED,15285,bags
2026-08-04,,Arabica,Papua New Guinea,ANT,TOTAL_BAGS_CERTIFIED,4663,bags
2026-08-04,,Arabica,Peru,ANT,TOTAL_BAGS_CERTIFIED,50877,bags
2026-08-04,,Arabica,Rwanda,ANT,TOTAL_BAGS_CERTIFIED,7596,bags
2026-08-04,,Arabica,Tanzania,ANT,TOTAL_BAGS_CERTIFIED,9469,bags
2026-08-04,,Arabica,Uganda,ANT,TOTAL_BAGS_CERTIFIED,35646,bags
2026-08-04,,Arabica,Burundi,HA/BR,TOTAL_BAGS_CERTIFIED,285,bags
2026-08-04,,Arabica,Honduras,HA/BR,TOTAL_BAGS_CERTIFIED,500,bags
2026-08-04,,Arabica,India,HA/BR,TOTAL_BAGS_CERTIFIED,2349,bags
2026-08-04,,Arabica,Kenya,HA/BR,TOTAL_BAGS_CERTIFIED,1299,bags
2026-08-04,,Arabica,Papua New Guinea,HA/BR,TOTAL_BAGS_CERTIFIED,288,bags
2026-08-04,,Arabica,Peru,HA/BR,TOTAL_BAGS_CERTIFIED,496,bags
2026-08-04,,Arabica,Tanzania,HA/BR,TOTAL_BAGS_CERTIFIED,1830,bags
2026-08-04,,Arabica,Uganda,HA/BR,TOTAL_BAGS_CERTIFIED,35,bags
2026-08-04,,Arabica,Venezuela,HA/BR,TOTAL_BAGS_CERTIFIED,2750,bags
2026-08-04,,Arabica,Guatemala,HOU,TOTAL_BAGS_CERTIFIED,1375,bags
2026-08-04,,Arabica,Honduras,HOU,TOTAL_BAGS_CERTIFIED,42780,bags
2026-08-04,,Arabica,Nicaragua,HOU,TOTAL_BAGS_CERTIFIED,25,bags
2026-08-04,,Arabica,Honduras,MIAMI,TOTAL_BAGS_CERTIFIED,2721,bags
2026-08-04,,Arabica,India,MIAMI,TOTAL_BAGS_CERTIFIED,1030,bags
2026-08-04,,Arabica,Kenya,MIAMI,TOTAL_BAGS_CERTIFIED,285,bags
2026-08-04,,Arabica,Peru,MIAMI,TOTAL_BAGS_CERTIFIED,1500,bags
2026-08-04,,Arabica,Venezuela,MIAMI,TOTAL_BAGS_CERTIFIED,3500,bags
2026-08-04,,Arabica,Colombia,NOLA,TOTAL_BAGS_CERTIFIED,225,bags
2026-08-04,,Arabica,Honduras,NOLA,TOTAL_BAGS_CERTIFIED,7271,bags
2026-08-04,,Arabica,Mexico,NOLA,TOTAL_BAGS_CERTIFIED,9549,bags
2026-08-04,,Arabica,Mexico,NY,TOTAL_BAGS_CERTIFIED,566,bags
2026-08-04,,Arabica,Papua New Guinea,NY,TOTAL_BAGS_CERTIFIED,35,bags
2026-08-04,,Arabica,Peru,NY,TOTAL_BAGS_CERTIFIED,98,bags
2026-08-04,,Arabica,Venezuela,NY,TOTAL_BAGS_CERTIFIED,250,bags
2026-08-04,2026-08-03,Robusta,,ANT,NON_TENDERABLE,2,lots
2026-08-04,2026-08-03,Robusta,,ANT,VALID_CERTIFICATE,2754,lots
2026-08-04,2026-08-03,Robusta,,BAR,VALID_CERTIFICATE,2,lots
2026-08-04,2026-08-03,Robusta,,FEL,VALID_CERTIFICATE,19,lots
2026-08-04,2026-08-03,Robusta,,LON,VALID_CERTIFICATE,1432,lots
2026-08-05,,Arabica,Brazil,ANT,TOTAL_BAGS_CERTIFIED,6428,bags
2026-08-05,,Arabica,Burundi,ANT,TOTAL_BAGS_CERTIFIED,320,bags
2026-08-05,,Arabica,Colombia,ANT,TOTAL_BAGS_CERTIFIED,25,bags
2026-08-05,,Arabica,El Salvador,ANT,TOTAL_BAGS_CERTIFIED,868,bags
2026-08-05,,Arabica,Guatemala,ANT,TOTAL_BAGS_CERTIFIED,275,bags
2026-08-05,,Arabica,Honduras,ANT,TOTAL_BAGS_CERTIFIED,18550,bags
2026-08-05,,Arabica,India,ANT,TOTAL_BAGS_CERTIFIED,6699,bags
2026-08-05,,Arabica,Kenya,ANT,TOTAL_BAGS_CERTIFIED,2880,bags
2026-08-05,,Arabica,Mexico,ANT,TOTAL_BAGS_CERTIFIED,12720,bags
2026-08-05,,Arabica,Nicaragua,ANT,TOTAL_BAGS_CERTIFIED,15285,bags
2026-08-05,,Arabica,Papua New Guinea,ANT,TOTAL_BAGS_CERTIFIED,4663,bags
2026-08-05,,Arabica,Peru,ANT,TOTAL_BAGS_CERTIFIED,50877,bags
2026-08-05,,Arabica,Rwanda,ANT,TOTAL_BAGS_CERTIFIED,7596,bags
2026-08-05,,Arabica,Tanzania,ANT,TOTAL_BAGS_CERTIFIED,9469,bags
2026-08-05,,Arabica,Uganda,ANT,TOTAL_BAGS_CERTIFIED,35370,bags
2026-08-05,,Arabica,Burundi,HA/BR,TOTAL_BAGS_CERTIFIED,285,bags
2026-08-05,,Arabica,Honduras,HA/BR,TOTAL_BAGS_CERTIFIED,500,bags
2026-08-05,,Arabica,India,HA/BR,TOTAL_BAGS_CERTIFIED,2349,bags
2026-08-05,,Arabica,Kenya,HA/BR,TOTAL_BAGS_CERTIFIED,1299,bags
2026-08-05,,Arabica,Papua New Guinea,HA/BR,TOTAL_BAGS_CERTIFIED,288,bags
2026-08-05,,Arabica,Peru,HA/BR,TOTAL_BAGS_CERTIFIED,496,bags
2026-08-05,,Arabica,Tanzania,HA/BR,TOTAL_BAGS_CERTIFIED,1830,bags
2026-08-05,,Arabica,Uganda,HA/BR,TOTAL_BAGS_CERTIFIED,35,bags
2026-08-05,,Arabica,Venezuela,HA/BR,TOTAL_BAGS_CERTIFIED,2750,bags
2026-08-05,,Arabica,Guatemala,HOU,TOTAL_BAGS_CERTIFIED,1375,bags
2026-08-05,,Arabica,Honduras,HOU,TOTAL_BAGS_CERTIFIED,42780,bags
2026-08-05,,Arabica,Nicaragua,HOU,TOTAL_BAGS_CERTIFIED,25,bags
2026-08-05,,Arabica,Honduras,MIAMI,TOTAL_BAGS_CERTIFIED,2171,bags
2026-08-05,,Arabica,India,MIAMI,TOTAL_BAGS_CERTIFIED,1030,bags
2026-08-05,,Arabica,Kenya,MIAMI,TOTAL_BAGS_CERTIFIED,285,bags
2026-08-05,,Arabica,Peru,MIAMI,TOTAL_BAGS_CERTIFIED,1500,bags
2026-08-05,,Arabica,Venezuela,MIAMI,TOTAL_BAGS_CERTIFIED,3500,bags
2026-08-05,,Arabica,Colombia,NOLA,TOTAL_BAGS_CERTIFIED,225,bags
2026-08-05,,Arabica,Honduras,NOLA,TOTAL_BAGS_CERTIFIED,6171,bags
2026-08-05,,Arabica,Mexico,NOLA,TOTAL_BAGS_CERTIFIED,9549,bags
2026-08-05,,Arabica,Mexico,NY,TOTAL_BAGS_CERTIFIED,566,bags
2026-08-05,,Arabica,Papua New Guinea,NY,TOTAL_BAGS_CERTIFIED,35,bags
2026-08-05,,Arabica,Peru,NY,TOTAL_BAGS_CERTIFIED,98,bags
2026-08-05,,Arabica,Venezuela,NY,TOTAL_BAGS_CERTIFIED,250,bags
2026-08-05,2026-08-04,Robusta,,ANT,NON_TENDERABLE,2,lots
2026-08-05,2026-08-04,Robusta,,ANT,VALID_CERTIFICATE,2753,lots
2026-08-05,2026-08-04,Robusta,,BAR,VALID_CERTIFICATE,2,lots
2026-08-05,2026-08-04,Robusta,,FEL,VALID_CERTIFICATE,19,lots
2026-08-05,2026-08-04,Robusta,,LON,VALID_CERTIFICATE,1432,lots
2026-08-06,,Arabica,Brazil,ANT,TOTAL_BAGS_CERTIFIED,6428,bags
2026-08-06,,Arabica,Burundi,ANT,TOTAL_BAGS_CERTIFIED,320,bags
2026-08-06,,Arabica,Colombia,ANT,TOTAL_BAGS_CERTIFIED,25,bags
2026-08-06,,Arabica,El Salvador,ANT,TOTAL_BAGS_CERTIFIED,868,bags
2026-08-06,,Arabica,Guatemala,ANT,TOTAL_BAGS_CERTIFIED,275,bags
2026-08-06,,Arabica,Honduras,ANT,TOTAL_BAGS_CERTIFIED,18550,bags
2026-08-06,,Arabica,India,ANT,TOTAL_BAGS_CERTIFIED,6699,bags
2026-08-06,,Arabica,Kenya,ANT,TOTAL_BAGS_CERTIFIED,2880,bags
2026-08-06,,Arabica,Mexico,ANT,TOTAL_BAGS_CERTIFIED,12720,bags
2026-08-06,,Arabica,Nicaragua,ANT,TOTAL_BAGS_CERTIFIED,15285,bags
2026-08-06,,Arabica,Papua New Guinea,ANT,TOTAL_BAGS_CERTIFIED,4663,bags
2026-08-06,,Arabica,Peru,ANT,TOTAL_BAGS_CERTIFIED,50877,bags
2026-08-06,,Arabica,Rwanda,ANT,TOTAL_BAGS_CERTIFIED,7596,bags
2026-08-06,,Arabica,Tanzania,ANT,TOTAL_BAGS_CERTIFIED,9469,bags
2026-08-06,,Arabica,Uganda,ANT,TOTAL_BAGS_CERTIFIED,35370,bags
2026-08-06,,Arabica,Burundi,HA/BR,TOTAL_BAGS_CERTIFIED,285,bags
2026-08-06,,Arabica,Honduras,HA/BR,TOTAL_BAGS_CERTIFIED,500,bags
2026-08-06,,Arabica,India,HA/BR,TOTAL_BAGS_CERTIFIED,1709,bags
2026-08-06,,Arabica,Kenya,HA/BR,TOTAL_BAGS_CERTIFIED,1299,bags
2026-08-06,,Arabica,Papua New Guinea,HA/BR,TOTAL_BAGS_CERTIFIED,288,bags
2026-08-06,,Arabica,Peru,HA/BR,TOTAL_BAGS_CERTIFIED,496,bags
2026-08-06,,Arabica,Tanzania,HA/BR,TOTAL_BAGS_CERTIFIED,1830,bags
2026-08-06,,Arabica,Uganda,HA/BR,TOTAL_BAGS_CERTIFIED,35,bags
2026-08-06,,Arabica,Venezuela,HA/BR,TOTAL_BAGS_CERTIFIED,2750,bags
2026-08-06,,Arabica,Guatemala,HOU,TOTAL_BAGS_CERTIFIED,1375,bags
2026-08-06,,Arabica,Honduras,HOU,TOTAL_BAGS_CERTIFIED,42780,bags
2026-08-06,,Arabica,Nicaragua,HOU,TOTAL_BAGS_CERTIFIED,25,bags
2026-08-06,,Arabica,Honduras,MIAMI,TOTAL_BAGS_CERTIFIED,1147,bags
2026-08-06,,Arabica,India,MIAMI,TOTAL_BAGS_CERTIFIED,710,bags
2026-08-06,,Arabica,Kenya,MIAMI,TOTAL_BAGS_CERTIFIED,285,bags
2026-08-06,,Arabica,Peru,MIAMI,TOTAL_BAGS_CERTIFIED,1500,bags
2026-08-06,,Arabica,Venezuela,MIAMI,TOTAL_BAGS_CERTIFIED,3500,bags
2026-08-06,,Arabica,Colombia,NOLA,TOTAL_BAGS_CERTIFIED,225,bags
2026-08-06,,Arabica,Honduras,NOLA,TOTAL_BAGS_CERTIFIED,6171,bags
2026-08-06,,Arabica,Mexico,NOLA,TOTAL_BAGS_CERTIFIED,9049,bags
2026-08-06,,Arabica,Mexico,NY,TOTAL_BAGS_CERTIFIED,530,bags
2026-08-06,,Arabica,Papua New Guinea,NY,TOTAL_BAGS_CERTIFIED,35,bags
2026-08-06,,Arabica,Peru,NY,TOTAL_BAGS_CERTIFIED,98,bags
2026-08-06,,Arabica,Venezuela,NY,TOTAL_BAGS_CERTIFIED,250,bags
2026-08-06,2026-08-05,Robusta,,ANT,NON_TENDERABLE,2,lots
2026-08-06,2026-08-05,Robusta,,ANT,VALID_CERTIFICATE,2753,lots
2026-08-06,2026-08-05,Robusta,,BAR,VALID_CERTIFICATE,2,lots
2026-08-06,2026-08-05,Robusta,,FEL,VALID_CERTIFICATE,19,lots
2026-08-06,2026-08-05,Robusta,,LON,VALID_CERTIFICATE,1432,lots
2026-08-07,,Arabica,Brazil,ANT,TOTAL_BAGS_CERTIFIED,6428,bags
2026-08-07,,Arabica,Burundi,ANT,TOTAL_BAGS_CERTIFIED,320,bags
2026-08-07,,Arabica,Colombia,ANT,TOTAL_BAGS_CERTIFIED,25,bags
2026-08-07,,Arabica,El Salvador,ANT,TOTAL_BAGS_CERTIFIED,868,bags
2026-08-07,,Arabica,Guatemala,ANT,TOTAL_BAGS_CERTIFIED,275,bags
2026-08-07,,Arabica,Honduras,ANT,TOTAL_BAGS_CERTIFIED,15200,bags
2026-08-07,,Arabica,India,ANT,TOTAL_BAGS_CERTIFIED,6699,bags
2026-08-07,,Arabica,Kenya,ANT,TOTAL_BAGS_CERTIFIED,2880,bags
2026-08-07,,Arabica,Mexico,ANT,TOTAL_BAGS_CERTIFIED,12720,bags
2026-08-07,,Arabica,Nicaragua,ANT,TOTAL_BAGS_CERTIFIED,15285,bags
2026-08-07,,Arabica,Papua New Guinea,ANT,TOTAL_BAGS_CERTIFIED,4663,bags
2026-08-07,,Arabica,Peru,ANT,TOTAL_BAGS_CERTIFIED,49877,bags
2026-08-07,,Arabica,Rwanda,ANT,TOTAL_BAGS_CERTIFIED,7596,bags
2026-08-07,,Arabica,Tanzania,ANT,TOTAL_BAGS_CERTIFIED,9469,bags
2026-08-07,,Arabica,Uganda,ANT,TOTAL_BAGS_CERTIFIED,35370,bags
2026-08-07,,Arabica,Burundi,HA/BR,TOTAL_BAGS_CERTIFIED,285,bags
2026-08-07,,Arabica,Honduras,HA/BR,TOTAL_BAGS_CERTIFIED,125,bags
2026-08-07,,Arabica,India,HA/BR,TOTAL_BAGS_CERTIFIED,1709,bags
2026-08-07,,Arabica,Kenya,HA/BR,TOTAL_BAGS_CERTIFIED,1299,bags
2026-08-07,,Arabica,Papua New Guinea,HA/BR,TOTAL_BAGS_CERTIFIED,288,bags
2026-08-07,,Arabica,Peru,HA/BR,TOTAL_BAGS_CERTIFIED,496,bags
2026-08-07,,Arabica,Tanzania,HA/BR,TOTAL_BAGS_CERTIFIED,1830,bags
2026-08-07,,Arabica,Uganda,HA/BR,TOTAL_BAGS_CERTIFIED,35,bags
2026-08-07,,Arabica,Venezuela,HA/BR,TOTAL_BAGS_CERTIFIED,2750,bags
2026-08-07,,Arabica,Guatemala,HOU,TOTAL_BAGS_CERTIFIED,1375,bags
2026-08-07,,Arabica,Honduras,HOU,TOTAL_BAGS_CERTIFIED,42780,bags
2026-08-07,,Arabica,Nicaragua,HOU,TOTAL_BAGS_CERTIFIED,25,bags
2026-08-07,,Arabica,Honduras,MIAMI,TOTAL_BAGS_CERTIFIED,1147,bags
2026-08-07,,Arabica,India,MIAMI,TOTAL_BAGS_CERTIFIED,710,bags
2026-08-07,,Arabica,Kenya,MIAMI,TOTAL_BAGS_CERTIFIED,285,bags
2026-08-07,,Arabica,Peru,MIAMI,TOTAL_BAGS_CERTIFIED,1500,bags
2026-08-07,,Arabica,Venezuela,MIAMI,TOTAL_BAGS_CERTIFIED,3500,bags
2026-08-07,,Arabica,Colombia,NOLA,TOTAL_BAGS_CERTIFIED,225,bags
2026-08-07,,Arabica,Honduras,NOLA,TOTAL_BAGS_CERTIFIED,6171,bags
2026-08-07,,Arabica,Mexico,NOLA,TOTAL_BAGS_CERTIFIED,9049,bags
2026-08-07,,Arabica,Mexico,NY,TOTAL_BAGS_CERTIFIED,530,bags
2026-08-07,,Arabica,Papua New Guinea,NY,TOTAL_BAGS_CERTIFIED,35,bags
2026-08-07,,Arabica,Peru,NY,TOTAL_BAGS_CERTIFIED,98,bags
2026-08-07,,Arabica,Venezuela,NY,TOTAL_BAGS_CERTIFIED,250,bags
2026-08-07,2026-08-06,Robusta,,ANT,NON_TENDERABLE,2,lots
2026-08-07,2026-08-06,Robusta,,ANT,VALID_CERTIFICATE,2808,lots
2026-08-07,2026-08-06,Robusta,,BAR,VALID_CERTIFICATE,2,lots
2026-08-07,2026-08-06,Robusta,,FEL,VALID_CERTIFICATE,19,lots
2026-08-07,2026-08-06,Robusta,,LON,VALID_CERTIFICATE,1432,lots
2026-08-10,,Arabica,Brazil,ANT,TOTAL_BAGS_CERTIFIED,6428,bags
2026-08-10,,Arabica,Burundi,ANT,TOTAL_BAGS_CERTIFIED,320,bags
2026-08-10,,Arabica,Colombia,ANT,TOTAL_BAGS_CERTIFIED,25,bags
2026-08-10,,Arabica,El Salvador,ANT,TOTAL_BAGS_CERTIFIED,868,bags
2026-08-10,,Arabica,Guatemala,ANT,TOTAL_BAGS_CERTIFIED,275,bags
2026-08-10,,Arabica,Honduras,ANT,TOTAL_BAGS_CERTIFIED,15200,bags
2026-08-10,,Arabica,India,ANT,TOTAL_BAGS_CERTIFIED,6699,bags
2026-08-10,,Arabica,Kenya,ANT,TOTAL_BAGS_CERTIFIED,2880,bags
2026-08-10,,Arabica,Mexico,ANT,TOTAL_BAGS_CERTIFIED,12720,bags
2026-08-10,,Arabica,Nicaragua,ANT,TOTAL_BAGS_CERTIFIED,14786,bags
2026-08-10,,Arabica,Papua New Guinea,ANT,TOTAL_BAGS_CERTIFIED,4663,bags
2026-08-10,,Arabica,Peru,ANT,TOTAL_BAGS_CERTIFIED,49877,bags
2026-08-10,,Arabica,Rwanda,ANT,TOTAL_BAGS_CERTIFIED,7596,bags
2026-08-10,,Arabica,Tanzania,ANT,TOTAL_BAGS_CERTIFIED,9469,bags
2026-08-10,,Arabica,Uganda,ANT,TOTAL_BAGS_CERTIFIED,35370,bags
2026-08-10,,Arabica,Burundi,HA/BR,TOTAL_BAGS_CERTIFIED,285,bags
2026-08-10,,Arabica,Honduras,HA/BR,TOTAL_BAGS_CERTIFIED,125,bags
2026-08-10,,Arabica,India,HA/BR,TOTAL_BAGS_CERTIFIED,1709,bags
2026-08-10,,Arabica,Kenya,HA/BR,TOTAL_BAGS_CERTIFIED,1299,bags
2026-08-10,,Arabica,Papua New Guinea,HA/BR,TOTAL_BAGS_CERTIFIED,288,bags
2026-08-10,,Arabica,Peru,HA/BR,TOTAL_BAGS_CERTIFIED,496,bags
2026-08-10,,Arabica,Tanzania,HA/BR,TOTAL_BAGS_CERTIFIED,1830,bags
2026-08-10,,Arabica,Uganda,HA/BR,TOTAL_BAGS_CERTIFIED,35,bags
2026-08-10,,Arabica,Venezuela,HA/BR,TOTAL_BAGS_CERTIFIED,2750,bags
2026-08-10,,Arabica,Guatemala,HOU,TOTAL_BAGS_CERTIFIED,1375,bags
2026-08-10,,Arabica,Honduras,HOU,TOTAL_BAGS_CERTIFIED,42780,bags
2026-08-10,,Arabica,Nicaragua,HOU,TOTAL_BAGS_CERTIFIED,25,bags
2026-08-10,,Arabica,Honduras,MIAMI,TOTAL_BAGS_CERTIFIED,1147,bags
2026-08-10,,Arabica,India,MIAMI,TOTAL_BAGS_CERTIFIED,710,bags
2026-08-10,,Arabica,Kenya,MIAMI,TOTAL_BAGS_CERTIFIED,285,bags
2026-08-10,,Arabica,Peru,MIAMI,TOTAL_BAGS_CERTIFIED,1500,bags
2026-08-10,,Arabica,Venezuela,MIAMI,TOTAL_BAGS_CERTIFIED,3500,bags
2026-08-10,,Arabica,Colombia,NOLA,TOTAL_BAGS_CERTIFIED,225,bags
2026-08-10,,Arabica,Honduras,NOLA,TOTAL_BAGS_CERTIFIED,6171,bags
2026-08-10,,Arabica,Mexico,NOLA,TOTAL_BAGS_CERTIFIED,8049,bags
2026-08-10,,Arabica,Mexico,NY,TOTAL_BAGS_CERTIFIED,530,bags
2026-08-10,,Arabica,Papua New Guinea,NY,TOTAL_BAGS_CERTIFIED,35,bags
2026-08-10,,Arabica,Peru,NY,TOTAL_BAGS_CERTIFIED,98,bags
2026-08-10,,Arabica,Venezuela,NY,TOTAL_BAGS_CERTIFIED,250,bags
2026-08-10,2026-08-09,Robusta,,ANT,NON_TENDERABLE,2,lots
2026-08-10,2026-08-09,Robusta,,ANT,VALID_CERTIFICATE,2832,lots
2026-08-10,2026-08-09,Robusta,,BAR,VALID_CERTIFICATE,2,lots
2026-08-10,2026-08-09,Robusta,,FEL,VALID_CERTIFICATE,19,lots
2026-08-10,2026-08-09,Robusta,,LON,VALID_CERTIFICATE,1432,lots
2026-08-11,,Arabica,Brazil,ANT,TOTAL_BAGS_CERTIFIED,6428,bags
2026-08-11,,Arabica,Burundi,ANT,TOTAL_BAGS_CERTIFIED,320,bags
2026-08-11,,Arabica,Colombia,ANT,TOTAL_BAGS_CERTIFIED,25,bags
2026-08-11,,Arabica,El Salvador,ANT,TOTAL_BAGS_CERTIFIED,868,bags
2026-08-11,,Arabica,Guatemala,ANT,TOTAL_BAGS_CERTIFIED,275,bags
2026-08-11,,Arabica,Honduras,ANT,TOTAL_BAGS_CERTIFIED,14650,bags
2026-08-11,,Arabica,India,ANT,TOTAL_BAGS_CERTIFIED,6414,bags
2026-08-11,,Arabica,Kenya,ANT,TOTAL_BAGS_CERTIFIED,2880,bags
2026-08-11,,Arabica,Mexico,ANT,TOTAL_BAGS_CERTIFIED,12720,bags
2026-08-11,,Arabica,Nicaragua,ANT,TOTAL_BAGS_CERTIFIED,14786,bags
2026-08-11,,Arabica,Papua New Guinea,ANT,TOTAL_BAGS_CERTIFIED,4663,bags
2026-08-11,,Arabica,Peru,ANT,TOTAL_BAGS_CERTIFIED,49877,bags
2026-08-11,,Arabica,Rwanda,ANT,TOTAL_BAGS_CERTIFIED,7596,bags
2026-08-11,,Arabica,Tanzania,ANT,TOTAL_BAGS_CERTIFIED,9469,bags
2026-08-11,,Arabica,Uganda,ANT,TOTAL_BAGS_CERTIFIED,35370,bags
2026-08-11,,Arabica,Burundi,HA/BR,TOTAL_BAGS_CERTIFIED,285,bags
2026-08-11,,Arabica,Honduras,HA/BR,TOTAL_BAGS_CERTIFIED,125,bags
2026-08-11,,Arabica,India,HA/BR,TOTAL_BAGS_CERTIFIED,1709,bags
2026-08-11,,Arabica,Kenya,HA/BR,TOTAL_BAGS_CERTIFIED,1299,bags
2026-08-11,,Arabica,Papua New Guinea,HA/BR,TOTAL_BAGS_CERTIFIED,288,bags
2026-08-11,,Arabica,Peru,HA/BR,TOTAL_BAGS_CERTIFIED,496,bags
2026-08-11,,Arabica,Tanzania,HA/BR,TOTAL_BAGS_CERTIFIED,1830,bags
2026-08-11,,Arabica,Uganda,HA/BR,TOTAL_BAGS_CERTIFIED,35,bags
2026-08-11,,Arabica,Venezuela,HA/BR,TOTAL_BAGS_CERTIFIED,2750,bags
2026-08-11,,Arabica,Guatemala,HOU,TOTAL_BAGS_CERTIFIED,1375,bags
2026-08-11,,Arabica,Honduras,HOU,TOTAL_BAGS_CERTIFIED,42780,bags
2026-08-11,,Arabica,Nicaragua,HOU,TOTAL_BAGS_CERTIFIED,25,bags
2026-08-11,,Arabica,Honduras,MIAMI,TOTAL_BAGS_CERTIFIED,1147,bags
2026-08-11,,Arabica,India,MIAMI,TOTAL_BAGS_CERTIFIED,710,bags
2026-08-11,,Arabica,Kenya,MIAMI,TOTAL_BAGS_CERTIFIED,285,bags
2026-08-11,,Arabica,Peru,MIAMI,TOTAL_BAGS_CERTIFIED,1500,bags
2026-08-11,,Arabica,Venezuela,MIAMI,TOTAL_BAGS_CERTIFIED,3500,bags
2026-08-11,,Arabica,Colombia,NOLA,TOTAL_BAGS_CERTIFIED,225,bags
2026-08-11,,Arabica,Honduras,NOLA,TOTAL_BAGS_CERTIFIED,6171,bags
2026-08-11,,Arabica,Mexico,NOLA,TOTAL_BAGS_CERTIFIED,8049,bags
2026-08-11,,Arabica,Mexico,NY,TOTAL_BAGS_CERTIFIED,530,bags
2026-08-11,,Arabica,Papua New Guinea,NY,TOTAL_BAGS_CERTIFIED,35,bags
2026-08-11,,Arabica,Peru,NY,TOTAL_BAGS_CERTIFIED,98,bags
2026-08-11,,Arabica,Venezuela,NY,TOTAL_BAGS_CERTIFIED,250,bags
2026-08-11,2026-08-10,Robusta,,ANT,NON_TENDERABLE,2,lots
2026-08-11,2026-08-10,Robusta,,ANT,VALID_CERTIFICATE,2907,lots
2026-08-11,2026-08-10,Robusta,,BAR,VALID_CERTIFICATE,2,lots
2026-08-11,2026-08-10,Robusta,,FEL,VALID_CERTIFICATE,19,lots
2026-08-11,2026-08-10,Robusta,,LON,VALID_CERTIFICATE,1424,lots
2026-08-12,,Arabica,Brazil,ANT,TOTAL_BAGS_CERTIFIED,6428,bags
2026-08-12,,Arabica,Burundi,ANT,TOTAL_BAGS_CERTIFIED,320,bags
2026-08-12,,Arabica,Colombia,ANT,TOTAL_BAGS_CERTIFIED,25,bags
2026-08-12,,Arabica,El Salvador,ANT,TOTAL_BAGS_CERTIFIED,868,bags
2026-08-12,,Arabica,Guatemala,ANT,TOTAL_BAGS_CERTIFIED,275,bags
2026-08-12,,Arabica,Honduras,ANT,TOTAL_BAGS_CERTIFIED,14650,bags
2026-08-12,,Arabica,India,ANT,TOTAL_BAGS_CERTIFIED,6414,bags
2026-08-12,,Arabica,Kenya,ANT,TOTAL_BAGS_CERTIFIED,2880,bags
2026-08-12,,Arabica,Mexico,ANT,TOTAL_BAGS_CERTIFIED,12720,bags
2026-08-12,,Arabica,Nicaragua,ANT,TOTAL_BAGS_CERTIFIED,14236,bags
2026-08-12,,Arabica,Papua New Guinea,ANT,TOTAL_BAGS_CERTIFIED,4663,bags
2026-08-12,,Arabica,Peru,ANT,TOTAL_BAGS_CERTIFIED,49877,bags
2026-08-12,,Arabica,Rwanda,ANT,TOTAL_BAGS_CERTIFIED,7596,bags
2026-08-12,,Arabica,Tanzania,ANT,TOTAL_BAGS_CERTIFIED,9469,bags
2026-08-12,,Arabica,Uganda,ANT,TOTAL_BAGS_CERTIFIED,35370,bags
2026-08-12,,Arabica,Burundi,HA/BR,TOTAL_BAGS_CERTIFIED,285,bags
2026-08-12,,Arabica,Honduras,HA/BR,TOTAL_BAGS_CERTIFIED,125,bags
2026-08-12,,Arabica,India,HA/BR,TOTAL_BAGS_CERTIFIED,1709,bags
2026-08-12,,Arabica,Kenya,HA/BR,TOTAL_BAGS_CERTIFIED,1299,bags
2026-08-12,,Arabica,Papua New Guinea,HA/BR,TOTAL_BAGS_CERTIFIED,288,bags
2026-08-12,,Arabica,Peru,HA/BR,TOTAL_BAGS_CERTIFIED,496,bags
2026-08-12,,Arabica,Tanzania,HA/BR,TOTAL_BAGS_CERTIFIED,1830,bags
2026-08-12,,Arabica,Uganda,HA/BR,TOTAL_BAGS_CERTIFIED,35,bags
2026-08-12,,Arabica,Venezuela,HA/BR,TOTAL_BAGS_CERTIFIED,2750,bags
2026-08-12,,Arabica,Guatemala,HOU,TOTAL_BAGS_CERTIFIED,1375,bags
2026-08-12,,Arabica,Honduras,HOU,TOTAL_BAGS_CERTIFIED,42530,bags
2026-08-12,,Arabica,Nicaragua,HOU,TOTAL_BAGS_CERTIFIED,25,bags
2026-08-12,,Arabica,Honduras,MIAMI,TOTAL_BAGS_CERTIFIED,1147,bags
2026-08-12,,Arabica,India,MIAMI,TOTAL_BAGS_CERTIFIED,710,bags
2026-08-12,,Arabica,Kenya,MIAMI,TOTAL_BAGS_CERTIFIED,285,bags
2026-08-12,,Arabica,Peru,MIAMI,TOTAL_BAGS_CERTIFIED,1500,bags
2026-08-12,,Arabica,Venezuela,MIAMI,TOTAL_BAGS_CERTIFIED,3500,bags
2026-08-12,,Arabica,Colombia,NOLA,TOTAL_BAGS_CERTIFIED,225,bags
2026-08-12,,Arabica,Honduras,NOLA,TOTAL_BAGS_CERTIFIED,6171,bags
2026-08-12,,Arabica,Mexico,NOLA,TOTAL_BAGS_CERTIFIED,7296,bags
2026-08-12,,Arabica,Mexico,NY,TOTAL_BAGS_CERTIFIED,530,bags
2026-08-12,,Arabica,Papua New Guinea,NY,TOTAL_BAGS_CERTIFIED,35,bags
2026-08-12,,Arabica,Peru,NY,TOTAL_BAGS_CERTIFIED,98,bags
2026-08-12,,Arabica,Venezuela,NY,TOTAL_BAGS_CERTIFIED,250,bags
2026-08-12,2026-08-11,Robusta,,ANT,NON_TENDERABLE,2,lots
2026-08-12,2026-08-11,Robusta,,ANT,VALID_CERTIFICATE,2932,lots
2026-08-12,2026-08-11,Robusta,,BAR,VALID_CERTIFICATE,2,lots
2026-08-12,2026-08-11,Robusta,,FEL,VALID_CERTIFICATE,6,lots
2026-08-12,2026-08-11,Robusta,,LON,VALID_CERTIFICATE,1424,lots
2026-08-13,,Arabica,Brazil,ANT,TOTAL_BAGS_CERTIFIED,6428,bags
2026-08-13,,Arabica,Burundi,ANT,TOTAL_BAGS_CERTIFIED,320,bags
2026-08-13,,Arabica,Colombia,ANT,TOTAL_BAGS_CERTIFIED,25,bags
2026-08-13,,Arabica,El Salvador,ANT,TOTAL_BAGS_CERTIFIED,868,bags
2026-08-13,,Arabica,Honduras,ANT,TOTAL_BAGS_CERTIFIED,14650,bags
2026-08-13,,Arabica,India,ANT,TOTAL_BAGS_CERTIFIED,4984,bags
2026-08-13,,Arabica,Kenya,ANT,TOTAL_BAGS_CERTIFIED,2880,bags
2026-08-13,,Arabica,Mexico,ANT,TOTAL_BAGS_CERTIFIED,12720,bags
2026-08-13,,Arabica,Nicaragua,ANT,TOTAL_BAGS_CERTIFIED,14236,bags
2026-08-13,,Arabica,Papua New Guinea,ANT,TOTAL_BAGS_CERTIFIED,4663,bags
2026-08-13,,Arabica,Peru,ANT,TOTAL_BAGS_CERTIFIED,49877,bags
2026-08-13,,Arabica,Rwanda,ANT,TOTAL_BAGS_CERTIFIED,7596,bags
2026-08-13,,Arabica,Tanzania,ANT,TOTAL_BAGS_CERTIFIED,9344,bags
2026-08-13,,Arabica,Uganda,ANT,TOTAL_BAGS_CERTIFIED,35370,bags
2026-08-13,,Arabica,Burundi,HA/BR,TOTAL_BAGS_CERTIFIED,285,bags
2026-08-13,,Arabica,Honduras,HA/BR,TOTAL_BAGS_CERTIFIED,125,bags
2026-08-13,,Arabica,India,HA/BR,TOTAL_BAGS_CERTIFIED,1709,bags
2026-08-13,,Arabica,Kenya,HA/BR,TOTAL_BAGS_CERTIFIED,1299,bags
2026-08-13,,Arabica,Papua New Guinea,HA/BR,TOTAL_BAGS_CERTIFIED,288,bags
2026-08-13,,Arabica,Peru,HA/BR,TOTAL_BAGS_CERTIFIED,496,bags
2026-08-13,,Arabica,Tanzania,HA/BR,TOTAL_BAGS_CERTIFIED,1830,bags
2026-08-13,,Arabica,Uganda,HA/BR,TOTAL_BAGS_CERTIFIED,35,bags
2026-08-13,,Arabica,Venezuela,HA/BR,TOTAL_BAGS_CERTIFIED,2750,bags
2026-08-13,,Arabica,Guatemala,HOU,TOTAL_BAGS_CERTIFIED,1375,bags
2026-08-13,,Arabica,Honduras,HOU,TOTAL_BAGS_CERTIFIED,42530,bags
2026-08-13,,Arabica,Nicaragua,HOU,TOTAL_BAGS_CERTIFIED,25,bags
2026-08-13,,Arabica,Honduras,MIAMI,TOTAL_BAGS_CERTIFIED,1147,bags
2026-08-13,,Arabica,India,MIAMI,TOTAL_BAGS_CERTIFIED,710,bags
2026-08-13,,Arabica,Kenya,MIAMI,TOTAL_BAGS_CERTIFIED,285,bags
2026-08-13,,Arabica,Peru,MIAMI,TOTAL_BAGS_CERTIFIED,1500,bags
2026-08-13,,Arabica,Venezuela,MIAMI,TOTAL_BAGS_CERTIFIED,3500,bags
2026-08-13,,Arabica,Colombia,NOLA,TOTAL_BAGS_CERTIFIED,225,bags
2026-08-13,,Arabica,Honduras,NOLA,TOTAL_BAGS_CERTIFIED,5146,bags
2026-08-13,,Arabica,Mexico,NOLA,TOTAL_BAGS_CERTIFIED,6296,bags
2026-08-13,,Arabica,Mexico,NY,TOTAL_BAGS_CERTIFIED,530,bags
2026-08-13,,Arabica,Papua New Guinea,NY,TOTAL_BAGS_CERTIFIED,35,bags
2026-08-13,,Arabica,Peru,NY,TOTAL_BAGS_CERTIFIED,98,bags
2026-08-13,,Arabica,Venezuela,NY,TOTAL_BAGS_CERTIFIED,250,bags
2026-08-13,2026-08-12,Robusta,,ANT,NON_TENDERABLE,2,lots
2026-08-13,2026-08-12,Robusta,,ANT,VALID_CERTIFICATE,3082,lots
2026-08-13,2026-08-12,Robusta,,BAR,VALID_CERTIFICATE,2,lots
2026-08-13,2026-08-12,Robusta,,FEL,VALID_CERTIFICATE,6,lots
2026-08-13,2026-08-12,Robusta,,LON,VALID_CERTIFICATE,1424,lots
2026-08-14,,Arabica,Brazil,ANT,TOTAL_BAGS_CERTIFIED,6428,bags
2026-08-14,,Arabica,Burundi,ANT,TOTAL_BAGS_CERTIFIED,320,bags
2026-08-14,,Arabica,Colombia,ANT,TOTAL_BAGS_CERTIFIED,25,bags
2026-08-14,,Arabica,El Salvador,ANT,TOTAL_BAGS_CERTIFIED,868,bags
2026-08-14,,Arabica,Honduras,ANT,TOTAL_BAGS_CERTIFIED,14100,bags
2026-08-14,,Arabica,India,ANT,TOTAL_BAGS_CERTIFIED,4984,bags
2026-08-14,,Arabica,Kenya,ANT,TOTAL_BAGS_CERTIFIED,2880,bags
2026-08-14,,Arabica,Mexico,ANT,TOTAL_BAGS_CERTIFIED,12720,bags
2026-08-14,,Arabica,Nicaragua,ANT,TOTAL_BAGS_CERTIFIED,13944,bags
2026-08-14,,Arabica,Papua New Guinea,ANT,TOTAL_BAGS_CERTIFIED,1528,bags
2026-08-14,,Arabica,Peru,ANT,TOTAL_BAGS_CERTIFIED,49627,bags
2026-08-14,,Arabica,Rwanda,ANT,TOTAL_BAGS_CERTIFIED,7196,bags
2026-08-14,,Arabica,Tanzania,ANT,TOTAL_BAGS_CERTIFIED,9344,bags
2026-08-14,,Arabica,Uganda,ANT,TOTAL_BAGS_CERTIFIED,35370,bags
2026-08-14,,Arabica,Burundi,HA/BR,TOTAL_BAGS_CERTIFIED,285,bags
2026-08-14,,Arabica,Honduras,HA/BR,TOTAL_BAGS_CERTIFIED,125,bags
2026-08-14,,Arabica,India,HA/BR,TOTAL_BAGS_CERTIFIED,1709,bags
2026-08-14,,Arabica,Kenya,HA/BR,TOTAL_BAGS_CERTIFIED,1299,bags
2026-08-14,,Arabica,Papua New Guinea,HA/BR,TOTAL_BAGS_CERTIFIED,288,bags
2026-08-14,,Arabica,Peru,HA/BR,TOTAL_BAGS_CERTIFIED,496,bags
2026-08-14,,Arabica,Tanzania,HA/BR,TOTAL_BAGS_CERTIFIED,1830,bags
2026-08-14,,Arabica,Uganda,HA/BR,TOTAL_BAGS_CERTIFIED,35,bags
2026-08-14,,Arabica,Venezuela,HA/BR,TOTAL_BAGS_CERTIFIED,2750,bags
2026-08-14,,Arabica,Guatemala,HOU,TOTAL_BAGS_CERTIFIED,1375,bags
2026-08-14,,Arabica,Honduras,HOU,TOTAL_BAGS_CERTIFIED,42280,bags
2026-08-14,,Arabica,Nicaragua,HOU,TOTAL_BAGS_CERTIFIED,25,bags
2026-08-14,,Arabica,Honduras,MIAMI,TOTAL_BAGS_CERTIFIED,1147,bags
2026-08-14,,Arabica,India,MIAMI,TOTAL_BAGS_CERTIFIED,710,bags
2026-08-14,,Arabica,Kenya,MIAMI,TOTAL_BAGS_CERTIFIED,285,bags
2026-08-14,,Arabica,Peru,MIAMI,TOTAL_BAGS_CERTIFIED,1500,bags
2026-08-14,,Arabica,Venezuela,MIAMI,TOTAL_BAGS_CERTIFIED,3500,bags
2026-08-14,,Arabica,Colombia,NOLA,TOTAL_BAGS_CERTIFIED,225,bags
2026-08-14,,Arabica,Honduras,NOLA,TOTAL_BAGS_CERTIFIED,5146,bags
2026-08-14,,Arabica,Mexico,NOLA,TOTAL_BAGS_CERTIFIED,6188,bags
2026-08-14,,Arabica,Mexico,NY,TOTAL_BAGS_CERTIFIED,530,bags
2026-08-14,,Arabica,Papua New Guinea,NY,TOTAL_BAGS_CERTIFIED,35,bags
2026-08-14,,Arabica,Peru,NY,TOTAL_BAGS_CERTIFIED,98,bags
2026-08-14,,Arabica,Venezuela,NY,TOTAL_BAGS_CERTIFIED,250,bags
2026-08-14,2026-08-13,Robusta,,ANT,NON_TENDERABLE,2,lots
2026-08-14,2026-08-13,Robusta,,ANT,VALID_CERTIFICATE,3106,lots
2026-08-14,2026-08-13,Robusta,,BAR,VALID_CERTIFICATE,1,lots
2026-08-14,2026-08-13,Robusta,,FEL,VALID_CERTIFICATE,6,lots
2026-08-14,2026-08-13,Robusta,,LON,VALID_CERTIFICATE,1424,lots
2026-08-17,,Arabica,Brazil,ANT,TOTAL_BAGS_CERTIFIED,6428,bags
2026-08-17,,Arabica,Burundi,ANT,TOTAL_BAGS_CERTIFIED,320,bags
2026-08-17,,Arabica,Colombia,ANT,TOTAL_BAGS_CERTIFIED,25,bags
2026-08-17,,Arabica,El Salvador,ANT,TOTAL_BAGS_CERTIFIED,868,bags
2026-08-17,,Arabica,Honduras,ANT,TOTAL_BAGS_CERTIFIED,14100,bags
2026-08-17,,Arabica,India,ANT,TOTAL_BAGS_CERTIFIED,4984,bags
2026-08-17,,Arabica,Kenya,ANT,TOTAL_BAGS_CERTIFIED,2880,bags
2026-08-17,,Arabica,Mexico,ANT,TOTAL_BAGS_CERTIFIED,12720,bags
2026-08-17,,Arabica,Nicaragua,ANT,TOTAL_BAGS_CERTIFIED,13944,bags
2026-08-17,,Arabica,Papua New Guinea,ANT,TOTAL_BAGS_CERTIFIED,1528,bags
2026-08-17,,Arabica,Peru,ANT,TOTAL_BAGS_CERTIFIED,49627,bags
2026-08-17,,Arabica,Rwanda,ANT,TOTAL_BAGS_CERTIFIED,7196,bags
2026-08-17,,Arabica,Tanzania,ANT,TOTAL_BAGS_CERTIFIED,9344,bags
2026-08-17,,Arabica,Uganda,ANT,TOTAL_BAGS_CERTIFIED,35370,bags
2026-08-17,,Arabica,Burundi,HA/BR,TOTAL_BAGS_CERTIFIED,285,bags
2026-08-17,,Arabica,Honduras,HA/BR,TOTAL_BAGS_CERTIFIED,125,bags
2026-08-17,,Arabica,India,HA/BR,TOTAL_BAGS_CERTIFIED,1709,bags
2026-08-17,,Arabica,Kenya,HA/BR,TOTAL_BAGS_CERTIFIED,1299,bags
2026-08-17,,Arabica,Papua New Guinea,HA/BR,TOTAL_BAGS_CERTIFIED,288,bags
2026-08-17,,Arabica,Peru,HA/BR,TOTAL_BAGS_CERTIFIED,496,bags
2026-08-17,,Arabica,Tanzania,HA/BR,TOTAL_BAGS_CERTIFIED,1725,bags
2026-08-17,,Arabica,Uganda,HA/BR,TOTAL_BAGS_CERTIFIED,35,bags
2026-08-17,,Arabica,Venezuela,HA/BR,TOTAL_BAGS_CERTIFIED,2750,bags
2026-08-17,,Arabica,Guatemala,HOU,TOTAL_BAGS_CERTIFIED,1375,bags
2026-08-17,,Arabica,Honduras,HOU,TOTAL_BAGS_CERTIFIED,42280,bags
2026-08-17,,Arabica,Nicaragua,HOU,TOTAL_BAGS_CERTIFIED,25,bags
2026-08-17,,Arabica,Honduras,MIAMI,TOTAL_BAGS_CERTIFIED,1147,bags
2026-08-17,,Arabica,India,MIAMI,TOTAL_BAGS_CERTIFIED,710,bags
2026-08-17,,Arabica,Kenya,MIAMI,TOTAL_BAGS_CERTIFIED,285,bags
2026-08-17,,Arabica,Peru,MIAMI,TOTAL_BAGS_CERTIFIED,1500,bags
2026-08-17,,Arabica,Venezuela,MIAMI,TOTAL_BAGS_CERTIFIED,3500,bags
2026-08-17,,Arabica,Colombia,NOLA,TOTAL_BAGS_CERTIFIED,225,bags
2026-08-17,,Arabica,Honduras,NOLA,TOTAL_BAGS_CERTIFIED,5146,bags
2026-08-17,,Arabica,Mexico,NOLA,TOTAL_BAGS_CERTIFIED,6188,bags
2026-08-17,,Arabica,Mexico,NY,TOTAL_BAGS_CERTIFIED,530,bags
2026-08-17,,Arabica,Papua New Guinea,NY,TOTAL_BAGS_CERTIFIED,35,bags
2026-08-17,,Arabica,Peru,NY,TOTAL_BAGS_CERTIFIED,98,bags
2026-08-17,,Arabica,Venezuela,NY,TOTAL_BAGS_CERTIFIED,250,bags
2026-08-17,2026-08-16,Robusta,,ANT,NON_TENDERABLE,2,lots
2026-08-17,2026-08-16,Robusta,,ANT,VALID_CERTIFICATE,3075,lots
2026-08-17,2026-08-16,Robusta,,BAR,VALID_CERTIFICATE,1,lots
2026-08-17,2026-08-16,Robusta,,FEL,VALID_CERTIFICATE,6,lots
2026-08-17,2026-08-16,Robusta,,LON,VALID_CERTIFICATE,1424,lots
2026-08-18,,Arabica,Brazil,ANT,TOTAL_BAGS_CERTIFIED,6428,bags
2026-08-18,,Arabica,Burundi,ANT,TOTAL_BAGS_CERTIFIED,320,bags
2026-08-18,,Arabica,Colombia,ANT,TOTAL_BAGS_CERTIFIED,25,bags
2026-08-18,,Arabica,El Salvador,ANT,TOTAL_BAGS_CERTIFIED,868,bags
2026-08-18,,Arabica,Honduras,ANT,TOTAL_BAGS_CERTIFIED,13760,bags
2026-08-18,,Arabica,India,ANT,TOTAL_BAGS_CERTIFIED,4984,bags
2026-08-18,,Arabica,Kenya,ANT,TOTAL_BAGS_CERTIFIED,2880,bags
2026-08-18,,Arabica,Mexico,ANT,TOTAL_BAGS_CERTIFIED,12720,bags
2026-08-18,,Arabica,Nicaragua,ANT,TOTAL_BAGS_CERTIFIED,13944,bags
2026-08-18,,Arabica,Papua New Guinea,ANT,TOTAL_BAGS_CERTIFIED,1528,bags
2026-08-18,,Arabica,Peru,ANT,TOTAL_BAGS_CERTIFIED,49627,bags
2026-08-18,,Arabica,Rwanda,ANT,TOTAL_BAGS_CERTIFIED,7196,bags
2026-08-18,,Arabica,Tanzania,ANT,TOTAL_BAGS_CERTIFIED,9344,bags
2026-08-18,,Arabica,Uganda,ANT,TOTAL_BAGS_CERTIFIED,35353,bags
2026-08-18,,Arabica,Burundi,HA/BR,TOTAL_BAGS_CERTIFIED,285,bags
2026-08-18,,Arabica,Honduras,HA/BR,TOTAL_BAGS_CERTIFIED,125,bags
2026-08-18,,Arabica,India,HA/BR,TOTAL_BAGS_CERTIFIED,1709,bags
2026-08-18,,Arabica,Kenya,HA/BR,TOTAL_BAGS_CERTIFIED,1299,bags
2026-08-18,,Arabica,Papua New Guinea,HA/BR,TOTAL_BAGS_CERTIFIED,288,bags
2026-08-18,,Arabica,Peru,HA/BR,TOTAL_BAGS_CERTIFIED,496,bags
2026-08-18,,Arabica,Tanzania,HA/BR,TOTAL_BAGS_CERTIFIED,1725,bags
2026-08-18,,Arabica,Uganda,HA/BR,TOTAL_BAGS_CERTIFIED,35,bags
2026-08-18,,Arabica,Venezuela,HA/BR,TOTAL_BAGS_CERTIFIED,2750,bags
2026-08-18,,Arabica,Guatemala,HOU,TOTAL_BAGS_CERTIFIED,1375,bags
2026-08-18,,Arabica,Honduras,HOU,TOTAL_BAGS_CERTIFIED,41755,bags
2026-08-18,,Arabica,Nicaragua,HOU,TOTAL_BAGS_CERTIFIED,25,bags
2026-08-18,,Arabica,Honduras,MIAMI,TOTAL_BAGS_CERTIFIED,1147,bags
2026-08-18,,Arabica,India,MIAMI,TOTAL_BAGS_CERTIFIED,710,bags
2026-08-18,,Arabica,Kenya,MIAMI,TOTAL_BAGS_CERTIFIED,285,bags
2026-08-18,,Arabica,Peru,MIAMI,TOTAL_BAGS_CERTIFIED,1500,bags
2026-08-18,,Arabica,Venezuela,MIAMI,TOTAL_BAGS_CERTIFIED,3500,bags
2026-08-18,,Arabica,Colombia,NOLA,TOTAL_BAGS_CERTIFIED,225,bags
2026-08-18,,Arabica,Honduras,NOLA,TOTAL_BAGS_CERTIFIED,4646,bags
2026-08-18,,Arabica,Mexico,NOLA,TOTAL_BAGS_CERTIFIED,5938,bags
2026-08-18,,Arabica,Mexico,NY,TOTAL_BAGS_CERTIFIED,36,bags
2026-08-18,,Arabica,Papua New Guinea,NY,TOTAL_BAGS_CERTIFIED,35,bags
2026-08-18,,Arabica,Peru,NY,TOTAL_BAGS_CERTIFIED,98,bags
2026-08-18,,Arabica,Venezuela,NY,TOTAL_BAGS_CERTIFIED,250,bags
2026-08-18,2026-08-17,Robusta,,ANT,NON_TENDERABLE,2,lots
2026-08-18,2026-08-17,Robusta,,ANT,VALID_CERTIFICATE,3167,lots
2026-08-18,2026-08-17,Robusta,,BAR,VALID_CERTIFICATE,1,lots
2026-08-18,2026-08-17,Robusta,,FEL,VALID_CERTIFICATE,6,lots
2026-08-18,2026-08-17,Robusta,,LON,VALID_CERTIFICATE,1424,lots
2026-08-18,2026-08-17,Robusta,,TRI,VALID_CERTIFICATE,24,lots
2026-08-19,,Arabica,Brazil,ANT,TOTAL_BAGS_CERTIFIED,6428,bags
2026-08-19,,Arabica,Burundi,ANT,TOTAL_BAGS_CERTIFIED,320,bags
2026-08-19,,Arabica,Colombia,ANT,TOTAL_BAGS_CERTIFIED,25,bags
2026-08-19,,Arabica,El Salvador,ANT,TOTAL_BAGS_CERTIFIED,868,bags
2026-08-19,,Arabica,Honduras,ANT,TOTAL_BAGS_CERTIFIED,13760,bags
2026-08-19,,Arabica,India,ANT,TOTAL_BAGS_CERTIFIED,4984,bags
2026-08-19,,Arabica,Kenya,ANT,TOTAL_BAGS_CERTIFIED,2880,bags
2026-08-19,,Arabica,Mexico,ANT,TOTAL_BAGS_CERTIFIED,12720,bags
2026-08-19,,Arabica,Nicaragua,ANT,TOTAL_BAGS_CERTIFIED,13944,bags
2026-08-19,,Arabica,Papua New Guinea,ANT,TOTAL_BAGS_CERTIFIED,1528,bags
2026-08-19,,Arabica,Peru,ANT,TOTAL_BAGS_CERTIFIED,49627,bags
2026-08-19,,Arabica,Rwanda,ANT,TOTAL_BAGS_CERTIFIED,7196,bags
2026-08-19,,Arabica,Tanzania,ANT,TOTAL_BAGS_CERTIFIED,9344,bags
2026-08-19,,Arabica,Uganda,ANT,TOTAL_BAGS_CERTIFIED,35353,bags
2026-08-19,,Arabica,Burundi,HA/BR,TOTAL_BAGS_CERTIFIED,285,bags
2026-08-19,,Arabica,Honduras,HA/BR,TOTAL_BAGS_CERTIFIED,125,bags
2026-08-19,,Arabica,India,HA/BR,TOTAL_BAGS_CERTIFIED,1709,bags
2026-08-19,,Arabica,Kenya,HA/BR,TOTAL_BAGS_CERTIFIED,1299,bags
2026-08-19,,Arabica,Papua New Guinea,HA/BR,TOTAL_BAGS_CERTIFIED,288,bags
2026-08-19,,Arabica,Peru,HA/BR,TOTAL_BAGS_CERTIFIED,496,bags
2026-08-19,,Arabica,Tanzania,HA/BR,TOTAL_BAGS_CERTIFIED,1725,bags
2026-08-19,,Arabica,Uganda,HA/BR,TOTAL_BAGS_CERTIFIED,35,bags
2026-08-19,,Arabica,Venezuela,HA/BR,TOTAL_BAGS_CERTIFIED,2750,bags
2026-08-19,,Arabica,Guatemala,HOU,TOTAL_BAGS_CERTIFIED,1375,bags
2026-08-19,,Arabica,Honduras,HOU,TOTAL_BAGS_CERTIFIED,41755,bags
2026-08-19,,Arabica,Nicaragua,HOU,TOTAL_BAGS_CERTIFIED,25,bags
2026-08-19,,Arabica,Honduras,MIAMI,TOTAL_BAGS_CERTIFIED,1147,bags
2026-08-19,,Arabica,India,MIAMI,TOTAL_BAGS_CERTIFIED,710,bags
2026-08-19,,Arabica,Kenya,MIAMI,TOTAL_BAGS_CERTIFIED,285,bags
2026-08-19,,Arabica,Peru,MIAMI,TOTAL_BAGS_CERTIFIED,1500,bags
2026-08-19,,Arabica,Venezuela,MIAMI,TOTAL_BAGS_CERTIFIED,3500,bags
2026-08-19,,Arabica,Colombia,NOLA,TOTAL_BAGS_CERTIFIED,225,bags
2026-08-19,,Arabica,Honduras,NOLA,TOTAL_BAGS_CERTIFIED,4646,bags
2026-08-19,,Arabica,Mexico,NOLA,TOTAL_BAGS_CERTIFIED,5938,bags
2026-08-19,,Arabica,Mexico,NY,TOTAL_BAGS_CERTIFIED,36,bags
2026-08-19,,Arabica,Papua New Guinea,NY,TOTAL_BAGS_CERTIFIED,35,bags
2026-08-19,,Arabica,Peru,NY,TOTAL_BAGS_CERTIFIED,98,bags
2026-08-19,,Arabica,Venezuela,NY,TOTAL_BAGS_CERTIFIED,250,bags
2026-08-19,2026-08-18,Robusta,,ANT,NON_TENDERABLE,2,lots
2026-08-19,2026-08-18,Robusta,,ANT,VALID_CERTIFICATE,3165,lots
2026-08-19,2026-08-18,Robusta,,BAR,VALID_CERTIFICATE,1,lots
2026-08-19,2026-08-18,Robusta,,FEL,VALID_CERTIFICATE,6,lots
2026-08-19,2026-08-18,Robusta,,LON,VALID_CERTIFICATE,1407,lots
2026-08-19,2026-08-18,Robusta,,TRI,VALID_CERTIFICATE,24,lots
2026-08-20,,Arabica,Brazil,ANT,TOTAL_BAGS_CERTIFIED,6428,bags
2026-08-20,,Arabica,Burundi,ANT,TOTAL_BAGS_CERTIFIED,960,bags
2026-08-20,,Arabica,Colombia,ANT,TOTAL_BAGS_CERTIFIED,25,bags
2026-08-20,,Arabica,El Salvador,ANT,TOTAL_BAGS_CERTIFIED,868,bags
2026-08-20,,Arabica,Honduras,ANT,TOTAL_BAGS_CERTIFIED,13760,bags
2026-08-20,,Arabica,India,ANT,TOTAL_BAGS_CERTIFIED,4984,bags
2026-08-20,,Arabica,Kenya,ANT,TOTAL_BAGS_CERTIFIED,2880,bags
2026-08-20,,Arabica,Mexico,ANT,TOTAL_BAGS_CERTIFIED,12720,bags
2026-08-20,,Arabica,Nicaragua,ANT,TOTAL_BAGS_CERTIFIED,13944,bags
2026-08-20,,Arabica,Papua New Guinea,ANT,TOTAL_BAGS_CERTIFIED,1528,bags
2026-08-20,,Arabica,Peru,ANT,TOTAL_BAGS_CERTIFIED,49627,bags
2026-08-20,,Arabica,Rwanda,ANT,TOTAL_BAGS_CERTIFIED,7196,bags
2026-08-20,,Arabica,Tanzania,ANT,TOTAL_BAGS_CERTIFIED,9344,bags
2026-08-20,,Arabica,Uganda,ANT,TOTAL_BAGS_CERTIFIED,35353,bags
2026-08-20,,Arabica,Burundi,HA/BR,TOTAL_BAGS_CERTIFIED,285,bags
2026-08-20,,Arabica,Honduras,HA/BR,TOTAL_BAGS_CERTIFIED,125,bags
2026-08-20,,Arabica,India,HA/BR,TOTAL_BAGS_CERTIFIED,1709,bags
2026-08-20,,Arabica,Kenya,HA/BR,TOTAL_BAGS_CERTIFIED,1299,bags
2026-08-20,,Arabica,Papua New Guinea,HA/BR,TOTAL_BAGS_CERTIFIED,288,bags
2026-08-20,,Arabica,Peru,HA/BR,TOTAL_BAGS_CERTIFIED,496,bags
2026-08-20,,Arabica,Tanzania,HA/BR,TOTAL_BAGS_CERTIFIED,1725,bags
2026-08-20,,Arabica,Uganda,HA/BR,TOTAL_BAGS_CERTIFIED,35,bags
2026-08-20,,Arabica,Venezuela,HA/BR,TOTAL_BAGS_CERTIFIED,2750,bags
2026-08-20,,Arabica,Guatemala,HOU,TOTAL_BAGS_CERTIFIED,1375,bags
2026-08-20,,Arabica,Honduras,HOU,TOTAL_BAGS_CERTIFIED,39854,bags
2026-08-20,,Arabica,Nicaragua,HOU,TOTAL_BAGS_CERTIFIED,25,bags
2026-08-20,,Arabica,Honduras,MIAMI,TOTAL_BAGS_CERTIFIED,1147,bags
2026-08-20,,Arabica,India,MIAMI,TOTAL_BAGS_CERTIFIED,710,bags
2026-08-20,,Arabica,Peru,MIAMI,TOTAL_BAGS_CERTIFIED,1500,bags
2026-08-20,,Arabica,Venezuela,MIAMI,TOTAL_BAGS_CERTIFIED,3500,bags
2026-08-20,,Arabica,Brazil,NOLA,TOTAL_BAGS_CERTIFIED,960,bags
2026-08-20,,Arabica,Colombia,NOLA,TOTAL_BAGS_CERTIFIED,225,bags
2026-08-20,,Arabica,Honduras,NOLA,TOTAL_BAGS_CERTIFIED,4396,bags
2026-08-20,,Arabica,Mexico,NOLA,TOTAL_BAGS_CERTIFIED,5938,bags
2026-08-20,,Arabica,Mexico,NY,TOTAL_BAGS_CERTIFIED,36,bags
2026-08-20,,Arabica,Papua New Guinea,NY,TOTAL_BAGS_CERTIFIED,35,bags
2026-08-20,,Arabica,Peru,NY,TOTAL_BAGS_CERTIFIED,98,bags
2026-08-20,,Arabica,Venezuela,NY,TOTAL_BAGS_CERTIFIED,250,bags
2026-08-20,2026-08-19,Robusta,,ANT,NON_TENDERABLE,2,lots
2026-08-20,2026-08-19,Robusta,,ANT,VALID_CERTIFICATE,3165,lots
2026-08-20,2026-08-19,Robusta,,BAR,VALID_CERTIFICATE,1,lots
2026-08-20,2026-08-19,Robusta,,FEL,VALID_CERTIFICATE,6,lots
2026-08-20,2026-08-19,Robusta,,LON,VALID_CERTIFICATE,1407,lots
2026-08-20,2026-08-19,Robusta,,TRI,VALID_CERTIFICATE,24,lots
2026-08-21,,Arabica,Brazil,ANT,TOTAL_BAGS_CERTIFIED,6428,bags
2026-08-21,,Arabica,Burundi,ANT,TOTAL_BAGS_CERTIFIED,960,bags
2026-08-21,,Arabica,Colombia,ANT,TOTAL_BAGS_CERTIFIED,25,bags
2026-08-21,,Arabica,El Salvador,ANT,TOTAL_BAGS_CERTIFIED,868,bags
2026-08-21,,Arabica,Honduras,ANT,TOTAL_BAGS_CERTIFIED,13760,bags
2026-08-21,,Arabica,India,ANT,TOTAL_BAGS_CERTIFIED,4984,bags
2026-08-21,,Arabica,Kenya,ANT,TOTAL_BAGS_CERTIFIED,2880,bags
2026-08-21,,Arabica,Mexico,ANT,TOTAL_BAGS_CERTIFIED,12720,bags
2026-08-21,,Arabica,Nicaragua,ANT,TOTAL_BAGS_CERTIFIED,13944,bags
2026-08-21,,Arabica,Papua New Guinea,ANT,TOTAL_BAGS_CERTIFIED,1528,bags
2026-08-21,,Arabica,Peru,ANT,TOTAL_BAGS_CERTIFIED,49627,bags
2026-08-21,,Arabica,Rwanda,ANT,TOTAL_BAGS_CERTIFIED,7196,bags
2026-08-21,,Arabica,Tanzania,ANT,TOTAL_BAGS_CERTIFIED,9344,bags
2026-08-21,,Arabica,Uganda,ANT,TOTAL_BAGS_CERTIFIED,35287,bags
2026-08-21,,Arabica,Burundi,HA/BR,TOTAL_BAGS_CERTIFIED,285,bags
2026-08-21,,Arabica,Honduras,HA/BR,TOTAL_BAGS_CERTIFIED,125,bags
2026-08-21,,Arabica,India,HA/BR,TOTAL_BAGS_CERTIFIED,1709,bags
2026-08-21,,Arabica,Kenya,HA/BR,TOTAL_BAGS_CERTIFIED,1299,bags
2026-08-21,,Arabica,Papua New Guinea,HA/BR,TOTAL_BAGS_CERTIFIED,288,bags
2026-08-21,,Arabica,Peru,HA/BR,TOTAL_BAGS_CERTIFIED,496,bags
2026-08-21,,Arabica,Tanzania,HA/BR,TOTAL_BAGS_CERTIFIED,1725,bags
2026-08-21,,Arabica,Uganda,HA/BR,TOTAL_BAGS_CERTIFIED,35,bags
2026-08-21,,Arabica,Venezuela,HA/BR,TOTAL_BAGS_CERTIFIED,2750,bags
2026-08-21,,Arabica,Guatemala,HOU,TOTAL_BAGS_CERTIFIED,1375,bags
2026-08-21,,Arabica,Honduras,HOU,TOTAL_BAGS_CERTIFIED,39854,bags
2026-08-21,,Arabica,Nicaragua,HOU,TOTAL_BAGS_CERTIFIED,25,bags
2026-08-21,,Arabica,Honduras,MIAMI,TOTAL_BAGS_CERTIFIED,1147,bags
2026-08-21,,Arabica,India,MIAMI,TOTAL_BAGS_CERTIFIED,710,bags
2026-08-21,,Arabica,Peru,MIAMI,TOTAL_BAGS_CERTIFIED,1500,bags
2026-08-21,,Arabica,Venezuela,MIAMI,TOTAL_BAGS_CERTIFIED,3500,bags
2026-08-21,,Arabica,Brazil,NOLA,TOTAL_BAGS_CERTIFIED,640,bags
2026-08-21,,Arabica,Colombia,NOLA,TOTAL_BAGS_CERTIFIED,225,bags
2026-08-21,,Arabica,Honduras,NOLA,TOTAL_BAGS_CERTIFIED,4396,bags
2026-08-21,,Arabica,Mexico,NOLA,TOTAL_BAGS_CERTIFIED,5938,bags
2026-08-21,,Arabica,Mexico,NY,TOTAL_BAGS_CERTIFIED,36,bags
2026-08-21,,Arabica,Papua New Guinea,NY,TOTAL_BAGS_CERTIFIED,35,bags
2026-08-21,,Arabica,Peru,NY,TOTAL_BAGS_CERTIFIED,98,bags
2026-08-21,,Arabica,Venezuela,NY,TOTAL_BAGS_CERTIFIED,250,bags
2026-08-21,2026-08-20,Robusta,,ANT,NON_TENDERABLE,2,lots
2026-08-21,2026-08-20,Robusta,,ANT,VALID_CERTIFICATE,3294,lots
2026-08-21,2026-08-20,Robusta,,BAR,VALID_CERTIFICATE,1,lots
2026-08-21,2026-08-20,Robusta,,FEL,VALID_CERTIFICATE,6,lots
2026-08-21,2026-08-20,Robusta,,LON,VALID_CERTIFICATE,1407,lots
2026-08-21,2026-08-20,Robusta,,TRI,VALID_CERTIFICATE,24,lots
2026-08-24,,Arabica,Brazil,ANT,TOTAL_BAGS_CERTIFIED,6428,bags
2026-08-24,,Arabica,Burundi,ANT,TOTAL_BAGS_CERTIFIED,960,bags
2026-08-24,,Arabica,Colombia,ANT,TOTAL_BAGS_CERTIFIED,25,bags
2026-08-24,,Arabica,El Salvador,ANT,TOTAL_BAGS_CERTIFIED,868,bags
2026-08-24,,Arabica,Honduras,ANT,TOTAL_BAGS_CERTIFIED,13760,bags
2026-08-24,,Arabica,India,ANT,TOTAL_BAGS_CERTIFIED,4984,bags
2026-08-24,,Arabica,Kenya,ANT,TOTAL_BAGS_CERTIFIED,2880,bags
2026-08-24,,Arabica,Mexico,ANT,TOTAL_BAGS_CERTIFIED,12720,bags
2026-08-24,,Arabica,Nicaragua,ANT,TOTAL_BAGS_CERTIFIED,13944,bags
2026-08-24,,Arabica,Papua New Guinea,ANT,TOTAL_BAGS_CERTIFIED,1528,bags
2026-08-24,,Arabica,Peru,ANT,TOTAL_BAGS_CERTIFIED,48127,bags
2026-08-24,,Arabica,Rwanda,ANT,TOTAL_BAGS_CERTIFIED,7196,bags
2026-08-24,,Arabica,Tanzania,ANT,TOTAL_BAGS_CERTIFIED,9344,bags
2026-08-24,,Arabica,Uganda,ANT,TOTAL_BAGS_CERTIFIED,35287,bags
2026-08-24,,Arabica,Burundi,HA/BR,TOTAL_BAGS_CERTIFIED,285,bags
2026-08-24,,Arabica,Honduras,HA/BR,TOTAL_BAGS_CERTIFIED,125,bags
2026-08-24,,Arabica,India,HA/BR,TOTAL_BAGS_CERTIFIED,1709,bags
2026-08-24,,Arabica,Kenya,HA/BR,TOTAL_BAGS_CERTIFIED,1299,bags
2026-08-24,,Arabica,Papua New Guinea,HA/BR,TOTAL_BAGS_CERTIFIED,288,bags
2026-08-24,,Arabica,Peru,HA/BR,TOTAL_BAGS_CERTIFIED,496,bags
2026-08-24,,Arabica,Tanzania,HA/BR,TOTAL_BAGS_CERTIFIED,1725,bags
2026-08-24,,Arabica,Uganda,HA/BR,TOTAL_BAGS_CERTIFIED,35,bags
2026-08-24,,Arabica,Venezuela,HA/BR,TOTAL_BAGS_CERTIFIED,2750,bags
2026-08-24,,Arabica,Guatemala,HOU,TOTAL_BAGS_CERTIFIED,1375,bags
2026-08-24,,Arabica,Honduras,HOU,TOTAL_BAGS_CERTIFIED,39854,bags
2026-08-24,,Arabica,Nicaragua,HOU,TOTAL_BAGS_CERTIFIED,25,bags
2026-08-24,,Arabica,Honduras,MIAMI,TOTAL_BAGS_CERTIFIED,1147,bags
2026-08-24,,Arabica,India,MIAMI,TOTAL_BAGS_CERTIFIED,710,bags
2026-08-24,,Arabica,Peru,MIAMI,TOTAL_BAGS_CERTIFIED,1500,bags
2026-08-24,,Arabica,Venezuela,MIAMI,TOTAL_BAGS_CERTIFIED,3500,bags
2026-08-24,,Arabica,Brazil,NOLA,TOTAL_BAGS_CERTIFIED,640,bags
2026-08-24,,Arabica,Colombia,NOLA,TOTAL_BAGS_CERTIFIED,225,bags
2026-08-24,,Arabica,Honduras,NOLA,TOTAL_BAGS_CERTIFIED,4396,bags
2026-08-24,,Arabica,Mexico,NOLA,TOTAL_BAGS_CERTIFIED,5688,bags
2026-08-24,,Arabica,Mexico,NY,TOTAL_BAGS_CERTIFIED,36,bags
2026-08-24,,Arabica,Papua New Guinea,NY,TOTAL_BAGS_CERTIFIED,35,bags
2026-08-24,,Arabica,Peru,NY,TOTAL_BAGS_CERTIFIED,98,bags
2026-08-24,,Arabica,Venezuela,NY,TOTAL_BAGS_CERTIFIED,250,bags
2026-08-24,2026-08-23,Robusta,,ANT,NON_TENDERABLE,2,lots
2026-08-24,2026-08-23,Robusta,,ANT,VALID_CERTIFICATE,3393,lots
2026-08-24,2026-08-23,Robusta,,BAR,VALID_CERTIFICATE,1,lots
2026-08-24,2026-08-23,Robusta,,FEL,VALID_CERTIFICATE,6,lots
2026-08-24,2026-08-23,Robusta,,LON,VALID_CERTIFICATE,1407,lots
2026-08-24,2026-08-23,Robusta,,TRI,VALID_CERTIFICATE,24,lots
2026-08-25,,Arabica,Brazil,ANT,TOTAL_BAGS_CERTIFIED,6428,bags
2026-08-25,,Arabica,Burundi,ANT,TOTAL_BAGS_CERTIFIED,960,bags
2026-08-25,,Arabica,Colombia,ANT,TOTAL_BAGS_CERTIFIED,25,bags
2026-08-25,,Arabica,El Salvador,ANT,TOTAL_BAGS_CERTIFIED,868,bags
2026-08-25,,Arabica,Honduras,ANT,TOTAL_BAGS_CERTIFIED,13460,bags
2026-08-25,,Arabica,India,ANT,TOTAL_BAGS_CERTIFIED,4984,bags
2026-08-25,,Arabica,Kenya,ANT,TOTAL_BAGS_CERTIFIED,2880,bags
2026-08-25,,Arabica,Mexico,ANT,TOTAL_BAGS_CERTIFIED,12720,bags
2026-08-25,,Arabica,Nicaragua,ANT,TOTAL_BAGS_CERTIFIED,13944,bags
2026-08-25,,Arabica,Papua New Guinea,ANT,TOTAL_BAGS_CERTIFIED,1528,bags
2026-08-25,,Arabica,Peru,ANT,TOTAL_BAGS_CERTIFIED,47627,bags
2026-08-25,,Arabica,Rwanda,ANT,TOTAL_BAGS_CERTIFIED,7196,bags
2026-08-25,,Arabica,Tanzania,ANT,TOTAL_BAGS_CERTIFIED,9344,bags
2026-08-25,,Arabica,Uganda,ANT,TOTAL_BAGS_CERTIFIED,35287,bags
2026-08-25,,Arabica,Burundi,HA/BR,TOTAL_BAGS_CERTIFIED,285,bags
2026-08-25,,Arabica,Honduras,HA/BR,TOTAL_BAGS_CERTIFIED,125,bags
2026-08-25,,Arabica,India,HA/BR,TOTAL_BAGS_CERTIFIED,1709,bags
2026-08-25,,Arabica,Kenya,HA/BR,TOTAL_BAGS_CERTIFIED,1299,bags
2026-08-25,,Arabica,Papua New Guinea,HA/BR,TOTAL_BAGS_CERTIFIED,288,bags
2026-08-25,,Arabica,Peru,HA/BR,TOTAL_BAGS_CERTIFIED,496,bags
2026-08-25,,Arabica,Tanzania,HA/BR,TOTAL_BAGS_CERTIFIED,1725,bags
2026-08-25,,Arabica,Uganda,HA/BR,TOTAL_BAGS_CERTIFIED,35,bags
2026-08-25,,Arabica,Venezuela,HA/BR,TOTAL_BAGS_CERTIFIED,2750,bags
2026-08-25,,Arabica,Guatemala,HOU,TOTAL_BAGS_CERTIFIED,1375,bags
2026-08-25,,Arabica,Honduras,HOU,TOTAL_BAGS_CERTIFIED,39854,bags
2026-08-25,,Arabica,Nicaragua,HOU,TOTAL_BAGS_CERTIFIED,25,bags
2026-08-25,,Arabica,Honduras,MIAMI,TOTAL_BAGS_CERTIFIED,1147,bags
2026-08-25,,Arabica,India,MIAMI,TOTAL_BAGS_CERTIFIED,710,bags
2026-08-25,,Arabica,Peru,MIAMI,TOTAL_BAGS_CERTIFIED,1500,bags
2026-08-25,,Arabica,Venezuela,MIAMI,TOTAL_BAGS_CERTIFIED,3500,bags
2026-08-25,,Arabica,Brazil,NOLA,TOTAL_BAGS_CERTIFIED,640,bags
2026-08-25,,Arabica,Colombia,NOLA,TOTAL_BAGS_CERTIFIED,225,bags
2026-08-25,,Arabica,Honduras,NOLA,TOTAL_BAGS_CERTIFIED,4396,bags
2026-08-25,,Arabica,Mexico,NOLA,TOTAL_BAGS_CERTIFIED,5688,bags
2026-08-25,,Arabica,Mexico,NY,TOTAL_BAGS_CERTIFIED,36,bags
2026-08-25,,Arabica,Papua New Guinea,NY,TOTAL_BAGS_CERTIFIED,35,bags
2026-08-25,,Arabica,Peru,NY,TOTAL_BAGS_CERTIFIED,98,bags
2026-08-25,,Arabica,Venezuela,NY,TOTAL_BAGS_CERTIFIED,250,bags
2026-08-25,2026-08-24,Robusta,,ANT,NON_TENDERABLE,2,lots
2026-08-25,2026-08-24,Robusta,,ANT,VALID_CERTIFICATE,3505,lots
2026-08-25,2026-08-24,Robusta,,BAR,VALID_CERTIFICATE,1,lots
2026-08-25,2026-08-24,Robusta,,FEL,VALID_CERTIFICATE,6,lots
2026-08-25,2026-08-24,Robusta,,LON,VALID_CERTIFICATE,1407,lots
2026-08-25,2026-08-24,Robusta,,TRI,VALID_CERTIFICATE,24,lots
2026-08-26,,Arabica,Brazil,ANT,TOTAL_BAGS_CERTIFIED,6428,bags
2026-08-26,,Arabica,Burundi,ANT,TOTAL_BAGS_CERTIFIED,960,bags
2026-08-26,,Arabica,Colombia,ANT,TOTAL_BAGS_CERTIFIED,25,bags
2026-08-26,,Arabica,El Salvador,ANT,TOTAL_BAGS_CERTIFIED,868,bags
2026-08-26,,Arabica,Honduras,ANT,TOTAL_BAGS_CERTIFIED,13460,bags
2026-08-26,,Arabica,India,ANT,TOTAL_BAGS_CERTIFIED,4984,bags
2026-08-26,,Arabica,Kenya,ANT,TOTAL_BAGS_CERTIFIED,2880,bags
2026-08-26,,Arabica,Mexico,ANT,TOTAL_BAGS_CERTIFIED,12720,bags
2026-08-26,,Arabica,Nicaragua,ANT,TOTAL_BAGS_CERTIFIED,13944,bags
2026-08-26,,Arabica,Papua New Guinea,ANT,TOTAL_BAGS_CERTIFIED,1528,bags
2026-08-26,,Arabica,Peru,ANT,TOTAL_BAGS_CERTIFIED,47627,bags
2026-08-26,,Arabica,Rwanda,ANT,TOTAL_BAGS_CERTIFIED,7196,bags
2026-08-26,,Arabica,Tanzania,ANT,TOTAL_BAGS_CERTIFIED,9344,bags
2026-08-26,,Arabica,Uganda,ANT,TOTAL_BAGS_CERTIFIED,35287,bags
2026-08-26,,Arabica,Burundi,HA/BR,TOTAL_BAGS_CERTIFIED,285,bags
2026-08-26,,Arabica,Honduras,HA/BR,TOTAL_BAGS_CERTIFIED,125,bags
2026-08-26,,Arabica,India,HA/BR,TOTAL_BAGS_CERTIFIED,1709,bags
2026-08-26,,Arabica,Kenya,HA/BR,TOTAL_BAGS_CERTIFIED,1299,bags
2026-08-26,,Arabica,Papua New Guinea,HA/BR,TOTAL_BAGS_CERTIFIED,288,bags
2026-08-26,,Arabica,Peru,HA/BR,TOTAL_BAGS_CERTIFIED,496,bags
2026-08-26,,Arabica,Tanzania,HA/BR,TOTAL_BAGS_CERTIFIED,1725,bags
2026-08-26,,Arabica,Uganda,HA/BR,TOTAL_BAGS_CERTIFIED,35,bags
2026-08-26,,Arabica,Venezuela,HA/BR,TOTAL_BAGS_CERTIFIED,2750,bags
2026-08-26,,Arabica,Guatemala,HOU,TOTAL_BAGS_CERTIFIED,1375,bags
2026-08-26,,Arabica,Honduras,HOU,TOTAL_BAGS_CERTIFIED,39029,bags
2026-08-26,,Arabica,Nicaragua,HOU,TOTAL_BAGS_CERTIFIED,25,bags
2026-08-26,,Arabica,Honduras,MIAMI,TOTAL_BAGS_CERTIFIED,1147,bags
2026-08-26,,Arabica,India,MIAMI,TOTAL_BAGS_CERTIFIED,710,bags
2026-08-26,,Arabica,Peru,MIAMI,TOTAL_BAGS_CERTIFIED,1500,bags
2026-08-26,,Arabica,Venezuela,MIAMI,TOTAL_BAGS_CERTIFIED,3500,bags
2026-08-26,,Arabica,Brazil,NOLA,TOTAL_BAGS_CERTIFIED,640,bags
2026-08-26,,Arabica,Colombia,NOLA,TOTAL_BAGS_CERTIFIED,225,bags
2026-08-26,,Arabica,Honduras,NOLA,TOTAL_BAGS_CERTIFIED,4396,bags
2026-08-26,,Arabica,Mexico,NOLA,TOTAL_BAGS_CERTIFIED,5688,bags
2026-08-26,,Arabica,Mexico,NY,TOTAL_BAGS_CERTIFIED,36,bags
2026-08-26,,Arabica,Papua New Guinea,NY,TOTAL_BAGS_CERTIFIED,35,bags
2026-08-26,,Arabica,Peru,NY,TOTAL_BAGS_CERTIFIED,98,bags
2026-08-26,,Arabica,Venezuela,NY,TOTAL_BAGS_CERTIFIED,250,bags
2026-08-26,2026-08-25,Robusta,,ANT,NON_TENDERABLE,2,lots
2026-08-26,2026-08-25,Robusta,,ANT,VALID_CERTIFICATE,3503,lots
2026-08-26,2026-08-25,Robusta,,FEL,VALID_CERTIFICATE,6,lots
2026-08-26,2026-08-25,Robusta,,LON,VALID_CERTIFICATE,1393,lots
2026-08-26,2026-08-25,Robusta,,TRI,VALID_CERTIFICATE,24,lots
2026-08-27,,Arabica,Brazil,ANT,TOTAL_BAGS_CERTIFIED,6428,bags
2026-08-27,,Arabica,Burundi,ANT,TOTAL_BAGS_CERTIFIED,960,bags
2026-08-27,,Arabica,Colombia,ANT,TOTAL_BAGS_CERTIFIED,25,bags
2026-08-27,,Arabica,El Salvador,ANT,TOTAL_BAGS_CERTIFIED,868,bags
2026-08-27,,Arabica,Honduras,ANT,TOTAL_BAGS_CERTIFIED,13460,bags
2026-08-27,,Arabica,India,ANT,TOTAL_BAGS_CERTIFIED,4984,bags
2026-08-27,,Arabica,Kenya,ANT,TOTAL_BAGS_CERTIFIED,2880,bags
2026-08-27,,Arabica,Mexico,ANT,TOTAL_BAGS_CERTIFIED,12720,bags
2026-08-27,,Arabica,Nicaragua,ANT,TOTAL_BAGS_CERTIFIED,13944,bags
2026-08-27,,Arabica,Papua New Guinea,ANT,TOTAL_BAGS_CERTIFIED,1528,bags
2026-08-27,,Arabica,Peru,ANT,TOTAL_BAGS_CERTIFIED,47627,bags
2026-08-27,,Arabica,Rwanda,ANT,TOTAL_BAGS_CERTIFIED,7196,bags
2026-08-27,,Arabica,Tanzania,ANT,TOTAL_BAGS_CERTIFIED,9344,bags
2026-08-27,,Arabica,Uganda,ANT,TOTAL_BAGS_CERTIFIED,35287,bags
2026-08-27,,Arabica,Burundi,HA/BR,TOTAL_BAGS_CERTIFIED,285,bags
2026-08-27,,Arabica,Honduras,HA/BR,TOTAL_BAGS_CERTIFIED,125,bags
2026-08-27,,Arabica,India,HA/BR,TOTAL_BAGS_CERTIFIED,1709,bags
2026-08-27,,Arabica,Kenya,HA/BR,TOTAL_BAGS_CERTIFIED,1299,bags
2026-08-27,,Arabica,Papua New Guinea,HA/BR,TOTAL_BAGS_CERTIFIED,288,bags
2026-08-27,,Arabica,Peru,HA/BR,TOTAL_BAGS_CERTIFIED,496,bags
2026-08-27,,Arabica,Tanzania,HA/BR,TOTAL_BAGS_CERTIFIED,1725,bags
2026-08-27,,Arabica,Uganda,HA/BR,TOTAL_BAGS_CERTIFIED,35,bags
2026-08-27,,Arabica,Venezuela,HA/BR,TOTAL_BAGS_CERTIFIED,2750,bags
2026-08-27,,Arabica,Guatemala,HOU,TOTAL_BAGS_CERTIFIED,1375,bags
2026-08-27,,Arabica,Honduras,HOU,TOTAL_BAGS_CERTIFIED,39029,bags
2026-08-27,,Arabica,Nicaragua,HOU,TOTAL_BAGS_CERTIFIED,25,bags
2026-08-27,,Arabica,Honduras,MIAMI,TOTAL_BAGS_CERTIFIED,1147,bags
2026-08-27,,Arabica,India,MIAMI,TOTAL_BAGS_CERTIFIED,710,bags
2026-08-27,,Arabica,Peru,MIAMI,TOTAL_BAGS_CERTIFIED,1500,bags
2026-08-27,,Arabica,Venezuela,MIAMI,TOTAL_BAGS_CERTIFIED,3500,bags
2026-08-27,,Arabica,Colombia,NOLA,TOTAL_BAGS_CERTIFIED,225,bags
2026-08-27,,Arabica,Honduras,NOLA,TOTAL_BAGS_CERTIFIED,4396,bags
2026-08-27,,Arabica,Mexico,NOLA,TOTAL_BAGS_CERTIFIED,5402,bags
2026-08-27,,Arabica,Brazil,NY,TOTAL_BAGS_CERTIFIED,320,bags
2026-08-27,,Arabica,Mexico,NY,TOTAL_BAGS_CERTIFIED,36,bags
2026-08-27,,Arabica,Papua New Guinea,NY,TOTAL_BAGS_CERTIFIED,35,bags
2026-08-27,,Arabica,Peru,NY,TOTAL_BAGS_CERTIFIED,98,bags
2026-08-27,,Arabica,Venezuela,NY,TOTAL_BAGS_CERTIFIED,250,bags
2026-08-27,2026-08-26,Robusta,,ANT,NON_TENDERABLE,2,lots
2026-08-27,2026-08-26,Robusta,,ANT,VALID_CERTIFICATE,3498,lots
2026-08-27,2026-08-26,Robusta,,FEL,VALID_CERTIFICATE,6,lots
2026-08-27,2026-08-26,Robusta,,LON,VALID_CERTIFICATE,1393,lots
2026-08-27,2026-08-26,Robusta,,TRI,VALID_CERTIFICATE,24,lots
2026-08-28,,Arabica,Brazil,ANT,TOTAL_BAGS_CERTIFIED,6428,bags
2026-08-28,,Arabica,Burundi,ANT,TOTAL_BAGS_CERTIFIED,960,bags
2026-08-28,,Arabica,Colombia,ANT,TOTAL_BAGS_CERTIFIED,25,bags
2026-08-28,,Arabica,El Salvador,ANT,TOTAL_BAGS_CERTIFIED,868,bags
2026-08-28,,Arabica,Honduras,ANT,TOTAL_BAGS_CERTIFIED,13460,bags
2026-08-28,,Arabica,India,ANT,TOTAL_BAGS_CERTIFIED,4984,bags
2026-08-28,,Arabica,Kenya,ANT,TOTAL_BAGS_CERTIFIED,2880,bags
2026-08-28,,Arabica,Mexico,ANT,TOTAL_BAGS_CERTIFIED,12720,bags
2026-08-28,,Arabica,Nicaragua,ANT,TOTAL_BAGS_CERTIFIED,13944,bags
2026-08-28,,Arabica,Papua New Guinea,ANT,TOTAL_BAGS_CERTIFIED,1528,bags
2026-08-28,,Arabica,Peru,ANT,TOTAL_BAGS_CERTIFIED,47627,bags
2026-08-28,,Arabica,Rwanda,ANT,TOTAL_BAGS_CERTIFIED,7196,bags
2026-08-28,,Arabica,Tanzania,ANT,TOTAL_BAGS_CERTIFIED,9344,bags
2026-08-28,,Arabica,Uganda,ANT,TOTAL_BAGS_CERTIFIED,35287,bags
2026-08-28,,Arabica,Burundi,HA/BR,TOTAL_BAGS_CERTIFIED,285,bags
2026-08-28,,Arabica,Honduras,HA/BR,TOTAL_BAGS_CERTIFIED,125,bags
2026-08-28,,Arabica,India,HA/BR,TOTAL_BAGS_CERTIFIED,1709,bags
2026-08-28,,Arabica,Kenya,HA/BR,TOTAL_BAGS_CERTIFIED,1299,bags
2026-08-28,,Arabica,Papua New Guinea,HA/BR,TOTAL_BAGS_CERTIFIED,288,bags
2026-08-28,,Arabica,Peru,HA/BR,TOTAL_BAGS_CERTIFIED,496,bags
2026-08-28,,Arabica,Tanzania,HA/BR,TOTAL_BAGS_CERTIFIED,1725,bags
2026-08-28,,Arabica,Uganda,HA/BR,TOTAL_BAGS_CERTIFIED,35,bags
2026-08-28,,Arabica,Venezuela,HA/BR,TOTAL_BAGS_CERTIFIED,2750,bags
2026-08-28,,Arabica,Guatemala,HOU,TOTAL_BAGS_CERTIFIED,1375,bags
2026-08-28,,Arabica,Honduras,HOU,TOTAL_BAGS_CERTIFIED,39029,bags
2026-08-28,,Arabica,Nicaragua,HOU,TOTAL_BAGS_CERTIFIED,25,bags
2026-08-28,,Arabica,Honduras,MIAMI,TOTAL_BAGS_CERTIFIED,1147,bags
2026-08-28,,Arabica,India,MIAMI,TOTAL_BAGS_CERTIFIED,710,bags
2026-08-28,,Arabica,Peru,MIAMI,TOTAL_BAGS_CERTIFIED,1500,bags
2026-08-28,,Arabica,Venezuela,MIAMI,TOTAL_BAGS_CERTIFIED,3500,bags
2026-08-28,,Arabica,Colombia,NOLA,TOTAL_BAGS_CERTIFIED,225,bags
2026-08-28,,Arabica,Honduras,NOLA,TOTAL_BAGS_CERTIFIED,4396,bags
2026-08-28,,Arabica,Mexico,NOLA,TOTAL_BAGS_CERTIFIED,5367,bags
2026-08-28,,Arabica,Brazil,NY,TOTAL_BAGS_CERTIFIED,320,bags
2026-08-28,,Arabica,Mexico,NY,TOTAL_BAGS_CERTIFIED,36,bags
2026-08-28,,Arabica,Papua New Guinea,NY,TOTAL_BAGS_CERTIFIED,35,bags
2026-08-28,,Arabica,Peru,NY,TOTAL_BAGS_CERTIFIED,98,bags
2026-08-28,,Arabica,Venezuela,NY,TOTAL_BAGS_CERTIFIED,250,bags
2026-08-28,2026-08-27,Robusta,,ANT,NON_TENDERABLE,2,lots
2026-08-28,2026-08-27,Robusta,,ANT,VALID_CERTIFICATE,3492,lots
2026-08-28,2026-08-27,Robusta,,FEL,VALID_CERTIFICATE,6,lots
2026-08-28,2026-08-27,Robusta,,LON,VALID_CERTIFICATE,1393,lots
2026-08-28,2026-08-27,Robusta,,TRI,VALID_CERTIFICATE,24,lots
2026-08-31,,Arabica,Brazil,ANT,TOTAL_BAGS_CERTIFIED,6428,bags
2026-08-31,,Arabica,Burundi,ANT,TOTAL_BAGS_CERTIFIED,960,bags
2026-08-31,,Arabica,Colombia,ANT,TOTAL_BAGS_CERTIFIED,25,bags
2026-08-31,,Arabica,El Salvador,ANT,TOTAL_BAGS_CERTIFIED,868,bags
2026-08-31,,Arabica,Honduras,ANT,TOTAL_BAGS_CERTIFIED,13460,bags
2026-08-31,,Arabica,India,ANT,TOTAL_BAGS_CERTIFIED,4984,bags
2026-08-31,,Arabica,Kenya,ANT,TOTAL_BAGS_CERTIFIED,2880,bags
2026-08-31,,Arabica,Mexico,ANT,TOTAL_BAGS_CERTIFIED,12720,bags
2026-08-31,,Arabica,Nicaragua,ANT,TOTAL_BAGS_CERTIFIED,13944,bags
2026-08-31,,Arabica,Papua New Guinea,ANT,TOTAL_BAGS_CERTIFIED,1528,bags
2026-08-31,,Arabica,Peru,ANT,TOTAL_BAGS_CERTIFIED,47627,bags
2026-08-31,,Arabica,Rwanda,ANT,TOTAL_BAGS_CERTIFIED,7196,bags
2026-08-31,,Arabica,Tanzania,ANT,TOTAL_BAGS_CERTIFIED,9344,bags
2026-08-31,,Arabica,Uganda,ANT,TOTAL_BAGS_CERTIFIED,35287,bags
2026-08-31,,Arabica,Burundi,HA/BR,TOTAL_BAGS_CERTIFIED,285,bags
2026-08-31,,Arabica,Honduras,HA/BR,TOTAL_BAGS_CERTIFIED,125,bags
2026-08-31,,Arabica,India,HA/BR,TOTAL_BAGS_CERTIFIED,1709,bags
2026-08-31,,Arabica,Kenya,HA/BR,TOTAL_BAGS_CERTIFIED,1299,bags
2026-08-31,,Arabica,Papua New Guinea,HA/BR,TOTAL_BAGS_CERTIFIED,288,bags
2026-08-31,,Arabica,Peru,HA/BR,TOTAL_BAGS_CERTIFIED,496,bags
2026-08-31,,Arabica,Tanzania,HA/BR,TOTAL_BAGS_CERTIFIED,1725,bags
2026-08-31,,Arabica,Uganda,HA/BR,TOTAL_BAGS_CERTIFIED,35,bags
2026-08-31,,Arabica,Venezuela,HA/BR,TOTAL_BAGS_CERTIFIED,2750,bags
2026-08-31,,Arabica,Guatemala,HOU,TOTAL_BAGS_CERTIFIED,1375,bags
2026-08-31,,Arabica,Honduras,HOU,TOTAL_BAGS_CERTIFIED,39029,bags
2026-08-31,,Arabica,Nicaragua,HOU,TOTAL_BAGS_CERTIFIED,25,bags
2026-08-31,,Arabica,Honduras,MIAMI,TOTAL_BAGS_CERTIFIED,1147,bags
2026-08-31,,Arabica,India,MIAMI,TOTAL_BAGS_CERTIFIED,710,bags
2026-08-31,,Arabica,Peru,MIAMI,TOTAL_BAGS_CERTIFIED,1500,bags
2026-08-31,,Arabica,Venezuela,MIAMI,TOTAL_BAGS_CERTIFIED,3500,bags
2026-08-31,,Arabica,Colombia,NOLA,TOTAL_BAGS_CERTIFIED,225,bags
2026-08-31,,Arabica,Honduras,NOLA,TOTAL_BAGS_CERTIFIED,4396,bags
2026-08-31,,Arabica,Mexico,NOLA,TOTAL_BAGS_CERTIFIED,5367,bags
2026-08-31,,Arabica,Brazil,NY,TOTAL_BAGS_CERTIFIED,320,bags
2026-08-31,,Arabica,Mexico,NY,TOTAL_BAGS_CERTIFIED,36,bags
2026-08-31,,Arabica,Papua New Guinea,NY,TOTAL_BAGS_CERTIFIED,35,bags
2026-08-31,,Arabica,Peru,NY,TOTAL_BAGS_CERTIFIED,98,bags
2026-08-31,,Arabica,Venezuela,NY,TOTAL_BAGS_CERTIFIED,250,bags
2026-09-01,,Arabica,Brazil,ANT,TOTAL_BAGS_CERTIFIED,6428,bags
2026-09-01,,Arabica,Burundi,ANT,TOTAL_BAGS_CERTIFIED,960,bags
2026-09-01,,Arabica,Colombia,ANT,TOTAL_BAGS_CERTIFIED,25,bags
2026-09-01,,Arabica,El Salvador,ANT,TOTAL_BAGS_CERTIFIED,868,bags
2026-09-01,,Arabica,Honduras,ANT,TOTAL_BAGS_CERTIFIED,13460,bags
2026-09-01,,Arabica,India,ANT,TOTAL_BAGS_CERTIFIED,4984,bags
2026-09-01,,Arabica,Kenya,ANT,TOTAL_BAGS_CERTIFIED,2880,bags
2026-09-01,,Arabica,Mexico,ANT,TOTAL_BAGS_CERTIFIED,12655,bags
2026-09-01,,Arabica,Nicaragua,ANT,TOTAL_BAGS_CERTIFIED,13944,bags
2026-09-01,,Arabica,Papua New Guinea,ANT,TOTAL_BAGS_CERTIFIED,1528,bags
2026-09-01,,Arabica,Peru,ANT,TOTAL_BAGS_CERTIFIED,47627,bags
2026-09-01,,Arabica,Rwanda,ANT,TOTAL_BAGS_CERTIFIED,7196,bags
2026-09-01,,Arabica,Tanzania,ANT,TOTAL_BAGS_CERTIFIED,9344,bags
2026-09-01,,Arabica,Uganda,ANT,TOTAL_BAGS_CERTIFIED,35287,bags
2026-09-01,,Arabica,Burundi,HA/BR,TOTAL_BAGS_CERTIFIED,285,bags
2026-09-01,,Arabica,Honduras,HA/BR,TOTAL_BAGS_CERTIFIED,125,bags
2026-09-01,,Arabica,India,HA/BR,TOTAL_BAGS_CERTIFIED,1709,bags
2026-09-01,,Arabica,Kenya,HA/BR,TOTAL_BAGS_CERTIFIED,1299,bags
2026-09-01,,Arabica,Papua New Guinea,HA/BR,TOTAL_BAGS_CERTIFIED,288,bags
2026-09-01,,Arabica,Peru,HA/BR,TOTAL_BAGS_CERTIFIED,496,bags
2026-09-01,,Arabica,Tanzania,HA/BR,TOTAL_BAGS_CERTIFIED,1725,bags
2026-09-01,,Arabica,Uganda,HA/BR,TOTAL_BAGS_CERTIFIED,35,bags
2026-09-01,,Arabica,Venezuela,HA/BR,TOTAL_BAGS_CERTIFIED,2750,bags
2026-09-01,,Arabica,Guatemala,HOU,TOTAL_BAGS_CERTIFIED,1375,bags
2026-09-01,,Arabica,Honduras,HOU,TOTAL_BAGS_CERTIFIED,39029,bags
2026-09-01,,Arabica,Nicaragua,HOU,TOTAL_BAGS_CERTIFIED,25,bags
2026-09-01,,Arabica,Honduras,MIAMI,TOTAL_BAGS_CERTIFIED,1147,bags
2026-09-01,,Arabica,India,MIAMI,TOTAL_BAGS_CERTIFIED,710,bags
2026-09-01,,Arabica,Peru,MIAMI,TOTAL_BAGS_CERTIFIED,1500,bags
2026-09-01,,Arabica,Venezuela,MIAMI,TOTAL_BAGS_CERTIFIED,3500,bags
2026-09-01,,Arabica,Colombia,NOLA,TOTAL_BAGS_CERTIFIED,225,bags
2026-09-01,,Arabica,Honduras,NOLA,TOTAL_BAGS_CERTIFIED,4396,bags
2026-09-01,,Arabica,Mexico,NOLA,TOTAL_BAGS_CERTIFIED,5367,bags
2026-09-01,,Arabica,Brazil,NY,TOTAL_BAGS_CERTIFIED,320,bags
2026-09-01,,Arabica,Mexico,NY,TOTAL_BAGS_CERTIFIED,36,bags
2026-09-01,,Arabica,Papua New Guinea,NY,TOTAL_BAGS_CERTIFIED,35,bags
2026-09-01,,Arabica,Peru,NY,TOTAL_BAGS_CERTIFIED,98,bags
2026-09-01,,Arabica,Venezuela,NY,TOTAL_BAGS_CERTIFIED,250,bags
2026-09-01,2026-08-31,Robusta,,ANT,NON_TENDERABLE,2,lots
2026-09-01,2026-08-31,Robusta,,ANT,VALID_CERTIFICATE,3539,lots
2026-09-01,2026-08-31,Robusta,,LON,VALID_CERTIFICATE,1393,lots
2026-09-01,2026-08-31,Robusta,,TRI,VALID_CERTIFICATE,24,lots
2026-09-02,,Arabica,Brazil,ANT,TOTAL_BAGS_CERTIFIED,6428,bags
2026-09-02,,Arabica,Burundi,ANT,TOTAL_BAGS_CERTIFIED,960,bags
2026-09-02,,Arabica,Colombia,ANT,TOTAL_BAGS_CERTIFIED,25,bags
2026-09-02,,Arabica,El Salvador,ANT,TOTAL_BAGS_CERTIFIED,868,bags
2026-09-02,,Arabica,Honduras,ANT,TOTAL_BAGS_CERTIFIED,13362,bags
2026-09-02,,Arabica,India,ANT,TOTAL_BAGS_CERTIFIED,4984,bags
2026-09-02,,Arabica,Kenya,ANT,TOTAL_BAGS_CERTIFIED,2880,bags
2026-09-02,,Arabica,Mexico,ANT,TOTAL_BAGS_CERTIFIED,12639,bags
2026-09-02,,Arabica,Nicaragua,ANT,TOTAL_BAGS_CERTIFIED,13944,bags
2026-09-02,,Arabica,Papua New Guinea,ANT,TOTAL_BAGS_CERTIFIED,1528,bags
2026-09-02,,Arabica,Peru,ANT,TOTAL_BAGS_CERTIFIED,47627,bags
2026-09-02,,Arabica,Rwanda,ANT,TOTAL_BAGS_CERTIFIED,7196,bags
2026-09-02,,Arabica,Tanzania,ANT,TOTAL_BAGS_CERTIFIED,9344,bags
2026-09-02,,Arabica,Uganda,ANT,TOTAL_BAGS_CERTIFIED,35287,bags
2026-09-02,,Arabica,Burundi,HA/BR,TOTAL_BAGS_CERTIFIED,285,bags
2026-09-02,,Arabica,Honduras,HA/BR,TOTAL_BAGS_CERTIFIED,125,bags
2026-09-02,,Arabica,India,HA/BR,TOTAL_BAGS_CERTIFIED,1709,bags
2026-09-02,,Arabica,Kenya,HA/BR,TOTAL_BAGS_CERTIFIED,1299,bags
2026-09-02,,Arabica,Papua New Guinea,HA/BR,TOTAL_BAGS_CERTIFIED,288,bags
2026-09-02,,Arabica,Peru,HA/BR,TOTAL_BAGS_CERTIFIED,496,bags
2026-09-02,,Arabica,Tanzania,HA/BR,TOTAL_BAGS_CERTIFIED,1725,bags
2026-09-02,,Arabica,Uganda,HA/BR,TOTAL_BAGS_CERTIFIED,35,bags
2026-09-02,,Arabica,Venezuela,HA/BR,TOTAL_BAGS_CERTIFIED,2750,bags
2026-09-02,,Arabica,Guatemala,HOU,TOTAL_BAGS_CERTIFIED,1375,bags
2026-09-02,,Arabica,Honduras,HOU,TOTAL_BAGS_CERTIFIED,39029,bags
2026-09-02,,Arabica,Nicaragua,HOU,TOTAL_BAGS_CERTIFIED,25,bags
2026-09-02,,Arabica,Honduras,MIAMI,TOTAL_BAGS_CERTIFIED,1147,bags
2026-09-02,,Arabica,India,MIAMI,TOTAL_BAGS_CERTIFIED,710,bags
2026-09-02,,Arabica,Peru,MIAMI,TOTAL_BAGS_CERTIFIED,1500,bags
2026-09-02,,Arabica,Venezuela,MIAMI,TOTAL_BAGS_CERTIFIED,3500,bags
2026-09-02,,Arabica,Colombia,NOLA,TOTAL_BAGS_CERTIFIED,225,bags
2026-09-02,,Arabica,Honduras,NOLA,TOTAL_BAGS_CERTIFIED,4396,bags
2026-09-02,,Arabica,Mexico,NOLA,TOTAL_BAGS_CERTIFIED,5367,bags
2026-09-02,,Arabica,Brazil,NY,TOTAL_BAGS_CERTIFIED,320,bags
2026-09-02,,Arabica,Mexico,NY,TOTAL_BAGS_CERTIFIED,36,bags
2026-09-02,,Arabica,Peru,NY,TOTAL_BAGS_CERTIFIED,98,bags
2026-09-02,,Arabica,Venezuela,NY,TOTAL_BAGS_CERTIFIED,250,bags
2026-09-02,2026-09-01,Robusta,,ANT,NON_TENDERABLE,2,lots
2026-09-02,2026-09-01,Robusta,,ANT,VALID_CERTIFICATE,3587,lots
2026-09-02,2026-09-01,Robusta,,LON,VALID_CERTIFICATE,1393,lots
2026-09-02,2026-09-01,Robusta,,TRI,VALID_CERTIFICATE,24,lots
2026-09-03,,Arabica,Brazil,ANT,TOTAL_BAGS_CERTIFIED,6428,bags
2026-09-03,,Arabica,Burundi,ANT,TOTAL_BAGS_CERTIFIED,960,bags
2026-09-03,,Arabica,Colombia,ANT,TOTAL_BAGS_CERTIFIED,25,bags
2026-09-03,,Arabica,El Salvador,ANT,TOTAL_BAGS_CERTIFIED,868,bags
2026-09-03,,Arabica,Honduras,ANT,TOTAL_BAGS_CERTIFIED,13312,bags
2026-09-03,,Arabica,India,ANT,TOTAL_BAGS_CERTIFIED,4984,bags
2026-09-03,,Arabica,Kenya,ANT,TOTAL_BAGS_CERTIFIED,2880,bags
2026-09-03,,Arabica,Mexico,ANT,TOTAL_BAGS_CERTIFIED,12639,bags
2026-09-03,,Arabica,Nicaragua,ANT,TOTAL_BAGS_CERTIFIED,13944,bags
2026-09-03,,Arabica,Papua New Guinea,ANT,TOTAL_BAGS_CERTIFIED,1528,bags
2026-09-03,,Arabica,Peru,ANT,TOTAL_BAGS_CERTIFIED,47627,bags
2026-09-03,,Arabica,Rwanda,ANT,TOTAL_BAGS_CERTIFIED,7196,bags
2026-09-03,,Arabica,Tanzania,ANT,TOTAL_BAGS_CERTIFIED,9344,bags
2026-09-03,,Arabica,Uganda,ANT,TOTAL_BAGS_CERTIFIED,35287,bags
2026-09-03,,Arabica,Burundi,HA/BR,TOTAL_BAGS_CERTIFIED,285,bags
2026-09-03,,Arabica,Honduras,HA/BR,TOTAL_BAGS_CERTIFIED,125,bags
2026-09-03,,Arabica,India,HA/BR,TOTAL_BAGS_CERTIFIED,1709,bags
2026-09-03,,Arabica,Kenya,HA/BR,TOTAL_BAGS_CERTIFIED,1299,bags
2026-09-03,,Arabica,Papua New Guinea,HA/BR,TOTAL_BAGS_CERTIFIED,288,bags
2026-09-03,,Arabica,Peru,HA/BR,TOTAL_BAGS_CERTIFIED,496,bags
2026-09-03,,Arabica,Tanzania,HA/BR,TOTAL_BAGS_CERTIFIED,1725,bags
2026-09-03,,Arabica,Uganda,HA/BR,TOTAL_BAGS_CERTIFIED,35,bags
2026-09-03,,Arabica,Venezuela,HA/BR,TOTAL_BAGS_CERTIFIED,2750,bags
2026-09-03,,Arabica,Guatemala,HOU,TOTAL_BAGS_CERTIFIED,1375,bags
2026-09-03,,Arabica,Honduras,HOU,TOTAL_BAGS_CERTIFIED,39029,bags
2026-09-03,,Arabica,Nicaragua,HOU,TOTAL_BAGS_CERTIFIED,25,bags
2026-09-03,,Arabica,Honduras,MIAMI,TOTAL_BAGS_CERTIFIED,1147,bags
2026-09-03,,Arabica,India,MIAMI,TOTAL_BAGS_CERTIFIED,710,bags
2026-09-03,,Arabica,Peru,MIAMI,TOTAL_BAGS_CERTIFIED,1500,bags
2026-09-03,,Arabica,Venezuela,MIAMI,TOTAL_BAGS_CERTIFIED,3500,bags
2026-09-03,,Arabica,Colombia,NOLA,TOTAL_BAGS_CERTIFIED,225,bags
2026-09-03,,Arabica,Honduras,NOLA,TOTAL_BAGS_CERTIFIED,4396,bags
2026-09-03,,Arabica,Mexico,NOLA,TOTAL_BAGS_CERTIFIED,5367,bags
2026-09-03,,Arabica,Brazil,NY,TOTAL_BAGS_CERTIFIED,320,bags
2026-09-03,,Arabica,Mexico,NY,TOTAL_BAGS_CERTIFIED,36,bags
2026-09-03,,Arabica,Peru,NY,TOTAL_BAGS_CERTIFIED,98,bags
2026-09-03,,Arabica,Venezuela,NY,TOTAL_BAGS_CERTIFIED,250,bags
2026-09-03,2026-09-02,Robusta,,ANT,NON_TENDERABLE,2,lots
2026-09-03,2026-09-02,Robusta,,ANT,VALID_CERTIFICATE,3587,lots
2026-09-03,2026-09-02,Robusta,,LON,VALID_CERTIFICATE,1371,lots
2026-09-03,2026-09-02,Robusta,,TRI,VALID_CERTIFICATE,24,lots
2026-09-04,,Arabica,Brazil,ANT,TOTAL_BAGS_CERTIFIED,6428,bags
2026-09-04,,Arabica,Burundi,ANT,TOTAL_BAGS_CERTIFIED,960,bags
2026-09-04,,Arabica,Colombia,ANT,TOTAL_BAGS_CERTIFIED,25,bags
2026-09-04,,Arabica,El Salvador,ANT,TOTAL_BAGS_CERTIFIED,868,bags
2026-09-04,,Arabica,Honduras,ANT,TOTAL_BAGS_CERTIFIED,13312,bags
2026-09-04,,Arabica,India,ANT,TOTAL_BAGS_CERTIFIED,4984,bags
2026-09-04,,Arabica,Kenya,ANT,TOTAL_BAGS_CERTIFIED,2880,bags
2026-09-04,,Arabica,Mexico,ANT,TOTAL_BAGS_CERTIFIED,12639,bags
2026-09-04,,Arabica,Nicaragua,ANT,TOTAL_BAGS_CERTIFIED,13944,bags
2026-09-04,,Arabica,Papua New Guinea,ANT,TOTAL_BAGS_CERTIFIED,1528,bags
2026-09-04,,Arabica,Peru,ANT,TOTAL_BAGS_CERTIFIED,47627,bags
2026-09-04,,Arabica,Rwanda,ANT,TOTAL_BAGS_CERTIFIED,7196,bags
2026-09-04,,Arabica,Tanzania,ANT,TOTAL_BAGS_CERTIFIED,9344,bags
2026-09-04,,Arabica,Uganda,ANT,TOTAL_BAGS_CERTIFIED,35287,bags
2026-09-04,,Arabica,Burundi,HA/BR,TOTAL_BAGS_CERTIFIED,285,bags
2026-09-04,,Arabica,Honduras,HA/BR,TOTAL_BAGS_CERTIFIED,125,bags
2026-09-04,,Arabica,India,HA/BR,TOTAL_BAGS_CERTIFIED,1709,bags
2026-09-04,,Arabica,Kenya,HA/BR,TOTAL_BAGS_CERTIFIED,1299,bags
2026-09-04,,Arabica,Papua New Guinea,HA/BR,TOTAL_BAGS_CERTIFIED,288,bags
2026-09-04,,Arabica,Peru,HA/BR,TOTAL_BAGS_CERTIFIED,496,bags
2026-09-04,,Arabica,Tanzania,HA/BR,TOTAL_BAGS_CERTIFIED,1725,bags
2026-09-04,,Arabica,Uganda,HA/BR,TOTAL_BAGS_CERTIFIED,35,bags
2026-09-04,,Arabica,Venezuela,HA/BR,TOTAL_BAGS_CERTIFIED,2750,bags
2026-09-04,,Arabica,Guatemala,HOU,TOTAL_BAGS_CERTIFIED,1375,bags
2026-09-04,,Arabica,Honduras,HOU,TOTAL_BAGS_CERTIFIED,39029,bags
2026-09-04,,Arabica,Nicaragua,HOU,TOTAL_BAGS_CERTIFIED,25,bags
2026-09-04,,Arabica,Honduras,MIAMI,TOTAL_BAGS_CERTIFIED,1147,bags
2026-09-04,,Arabica,India,MIAMI,TOTAL_BAGS_CERTIFIED,710,bags
2026-09-04,,Arabica,Peru,MIAMI,TOTAL_BAGS_CERTIFIED,1500,bags
2026-09-04,,Arabica,Venezuela,MIAMI,TOTAL_BAGS_CERTIFIED,3500,bags
2026-09-04,,Arabica,Colombia,NOLA,TOTAL_BAGS_CERTIFIED,225,bags
2026-09-04,,Arabica,Honduras,NOLA,TOTAL_BAGS_CERTIFIED,4396,bags
2026-09-04,,Arabica,Mexico,NOLA,TOTAL_BAGS_CERTIFIED,5367,bags
2026-09-04,,Arabica,Brazil,NY,TOTAL_BAGS_CERTIFIED,320,bags
2026-09-04,,Arabica,Mexico,NY,TOTAL_BAGS_CERTIFIED,36,bags
2026-09-04,,Arabica,Peru,NY,TOTAL_BAGS_CERTIFIED,98,bags
2026-09-04,,Arabica,Venezuela,NY,TOTAL_BAGS_CERTIFIED,250,bags
2026-09-04,2026-09-03,Robusta,,ANT,NON_TENDERABLE,2,lots
2026-09-04,2026-09-03,Robusta,,ANT,VALID_CERTIFICATE,3587,lots
2026-09-04,2026-09-03,Robusta,,LON,VALID_CERTIFICATE,1371,lots
2026-09-04,2026-09-03,Robusta,,TRI,VALID_CERTIFICATE,24,lots
2026-09-07,2026-09-06,Robusta,,ANT,NON_TENDERABLE,2,lots
2026-09-07,2026-09-06,Robusta,,ANT,VALID_CERTIFICATE,3581,lots
2026-09-07,2026-09-06,Robusta,,LON,VALID_CERTIFICATE,1371,lots
2026-09-07,2026-09-06,Robusta,,TRI,VALID_CERTIFICATE,24,lots
2026-09-08,,Arabica,Brazil,ANT,TOTAL_BAGS_CERTIFIED,6428,bags
2026-09-08,,Arabica,Burundi,ANT,TOTAL_BAGS_CERTIFIED,960,bags
2026-09-08,,Arabica,Colombia,ANT,TOTAL_BAGS_CERTIFIED,25,bags
2026-09-08,,Arabica,El Salvador,ANT,TOTAL_BAGS_CERTIFIED,868,bags
2026-09-08,,Arabica,Honduras,ANT,TOTAL_BAGS_CERTIFIED,10937,bags
2026-09-08,,Arabica,India,ANT,TOTAL_BAGS_CERTIFIED,4984,bags
2026-09-08,,Arabica,Kenya,ANT,TOTAL_BAGS_CERTIFIED,2880,bags
2026-09-08,,Arabica,Mexico,ANT,TOTAL_BAGS_CERTIFIED,12639,bags
2026-09-08,,Arabica,Nicaragua,ANT,TOTAL_BAGS_CERTIFIED,12445,bags
2026-09-08,,Arabica,Papua New Guinea,ANT,TOTAL_BAGS_CERTIFIED,1528,bags
2026-09-08,,Arabica,Peru,ANT,TOTAL_BAGS_CERTIFIED,46627,bags
2026-09-08,,Arabica,Rwanda,ANT,TOTAL_BAGS_CERTIFIED,7196,bags
2026-09-08,,Arabica,Tanzania,ANT,TOTAL_BAGS_CERTIFIED,9344,bags
2026-09-08,,Arabica,Uganda,ANT,TOTAL_BAGS_CERTIFIED,35287,bags
2026-09-08,,Arabica,Burundi,HA/BR,TOTAL_BAGS_CERTIFIED,285,bags
2026-09-08,,Arabica,Honduras,HA/BR,TOTAL_BAGS_CERTIFIED,125,bags
2026-09-08,,Arabica,India,HA/BR,TOTAL_BAGS_CERTIFIED,1709,bags
2026-09-08,,Arabica,Kenya,HA/BR,TOTAL_BAGS_CERTIFIED,1299,bags
2026-09-08,,Arabica,Papua New Guinea,HA/BR,TOTAL_BAGS_CERTIFIED,288,bags
2026-09-08,,Arabica,Peru,HA/BR,TOTAL_BAGS_CERTIFIED,496,bags
2026-09-08,,Arabica,Tanzania,HA/BR,TOTAL_BAGS_CERTIFIED,1725,bags
2026-09-08,,Arabica,Uganda,HA/BR,TOTAL_BAGS_CERTIFIED,35,bags
2026-09-08,,Arabica,Venezuela,HA/BR,TOTAL_BAGS_CERTIFIED,2750,bags
2026-09-08,,Arabica,Guatemala,HOU,TOTAL_BAGS_CERTIFIED,1375,bags
2026-09-08,,Arabica,Honduras,HOU,TOTAL_BAGS_CERTIFIED,39029,bags
2026-09-08,,Arabica,Nicaragua,HOU,TOTAL_BAGS_CERTIFIED,25,bags
2026-09-08,,Arabica,Honduras,MIAMI,TOTAL_BAGS_CERTIFIED,1147,bags
2026-09-08,,Arabica,India,MIAMI,TOTAL_BAGS_CERTIFIED,710,bags
2026-09-08,,Arabica,Peru,MIAMI,TOTAL_BAGS_CERTIFIED,1500,bags
2026-09-08,,Arabica,Venezuela,MIAMI,TOTAL_BAGS_CERTIFIED,3500,bags
2026-09-08,,Arabica,Colombia,NOLA,TOTAL_BAGS_CERTIFIED,225,bags
2026-09-08,,Arabica,Honduras,NOLA,TOTAL_BAGS_CERTIFIED,4396,bags
2026-09-08,,Arabica,Mexico,NOLA,TOTAL_BAGS_CERTIFIED,5367,bags
2026-09-08,,Arabica,Brazil,NY,TOTAL_BAGS_CERTIFIED,320,bags
2026-09-08,,Arabica,Mexico,NY,TOTAL_BAGS_CERTIFIED,36,bags
2026-09-08,,Arabica,Peru,NY,TOTAL_BAGS_CERTIFIED,98,bags
2026-09-08,,Arabica,Venezuela,NY,TOTAL_BAGS_CERTIFIED,250,bags
2026-09-08,2026-09-07,Robusta,,ANT,NON_TENDERABLE,1,lots
2026-09-08,2026-09-07,Robusta,,ANT,VALID_CERTIFICATE,3560,lots
2026-09-08,2026-09-07,Robusta,,LON,VALID_CERTIFICATE,1371,lots
2026-09-08,2026-09-07,Robusta,,TRI,VALID_CERTIFICATE,24,lots
2026-09-09,,Arabica,Brazil,ANT,TOTAL_BAGS_CERTIFIED,7710,bags
2026-09-09,,Arabica,Burundi,ANT,TOTAL_BAGS_CERTIFIED,960,bags
2026-09-09,,Arabica,Colombia,ANT,TOTAL_BAGS_CERTIFIED,25,bags
2026-09-09,,Arabica,El Salvador,ANT,TOTAL_BAGS_CERTIFIED,868,bags
2026-09-09,,Arabica,Honduras,ANT,TOTAL_BAGS_CERTIFIED,10937,bags
2026-09-09,,Arabica,India,ANT,TOTAL_BAGS_CERTIFIED,4984,bags
2026-09-09,,Arabica,Kenya,ANT,TOTAL_BAGS_CERTIFIED,2880,bags
2026-09-09,,Arabica,Mexico,ANT,TOTAL_BAGS_CERTIFIED,12389,bags
2026-09-09,,Arabica,Nicaragua,ANT,TOTAL_BAGS_CERTIFIED,12412,bags
2026-09-09,,Arabica,Papua New Guinea,ANT,TOTAL_BAGS_CERTIFIED,1528,bags
2026-09-09,,Arabica,Peru,ANT,TOTAL_BAGS_CERTIFIED,46602,bags
2026-09-09,,Arabica,Rwanda,ANT,TOTAL_BAGS_CERTIFIED,7196,bags
2026-09-09,,Arabica,Tanzania,ANT,TOTAL_BAGS_CERTIFIED,9344,bags
2026-09-09,,Arabica,Uganda,ANT,TOTAL_BAGS_CERTIFIED,35287,bags
2026-09-09,,Arabica,Burundi,HA/BR,TOTAL_BAGS_CERTIFIED,285,bags
2026-09-09,,Arabica,Honduras,HA/BR,TOTAL_BAGS_CERTIFIED,125,bags
2026-09-09,,Arabica,India,HA/BR,TOTAL_BAGS_CERTIFIED,1709,bags
2026-09-09,,Arabica,Kenya,HA/BR,TOTAL_BAGS_CERTIFIED,1299,bags
2026-09-09,,Arabica,Papua New Guinea,HA/BR,TOTAL_BAGS_CERTIFIED,288,bags
2026-09-09,,Arabica,Peru,HA/BR,TOTAL_BAGS_CERTIFIED,496,bags
2026-09-09,,Arabica,Tanzania,HA/BR,TOTAL_BAGS_CERTIFIED,1725,bags
2026-09-09,,Arabica,Uganda,HA/BR,TOTAL_BAGS_CERTIFIED,35,bags
2026-09-09,,Arabica,Venezuela,HA/BR,TOTAL_BAGS_CERTIFIED,2750,bags
2026-09-09,,Arabica,Guatemala,HOU,TOTAL_BAGS_CERTIFIED,1375,bags
2026-09-09,,Arabica,Honduras,HOU,TOTAL_BAGS_CERTIFIED,39029,bags
2026-09-09,,Arabica,Nicaragua,HOU,TOTAL_BAGS_CERTIFIED,25,bags
2026-09-09,,Arabica,Honduras,MIAMI,TOTAL_BAGS_CERTIFIED,1147,bags
2026-09-09,,Arabica,India,MIAMI,TOTAL_BAGS_CERTIFIED,710,bags
2026-09-09,,Arabica,Peru,MIAMI,TOTAL_BAGS_CERTIFIED,1500,bags
2026-09-09,,Arabica,Venezuela,MIAMI,TOTAL_BAGS_CERTIFIED,3500,bags
2026-09-09,,Arabica,Colombia,NOLA,TOTAL_BAGS_CERTIFIED,225,bags
2026-09-09,,Arabica,Honduras,NOLA,TOTAL_BAGS_CERTIFIED,4396,bags
2026-09-09,,Arabica,Mexico,NOLA,TOTAL_BAGS_CERTIFIED,5367,bags
2026-09-09,,Arabica,Brazil,NY,TOTAL_BAGS_CERTIFIED,960,bags
2026-09-09,,Arabica,Mexico,NY,TOTAL_BAGS_CERTIFIED,36,bags
2026-09-09,,Arabica,Peru,NY,TOTAL_BAGS_CERTIFIED,98,bags
2026-09-09,,Arabica,Venezuela,NY,TOTAL_BAGS_CERTIFIED,250,bags
2026-09-09,2026-09-08,Robusta,,ANT,NON_TENDERABLE,1,lots
2026-09-09,2026-09-08,Robusta,,ANT,VALID_CERTIFICATE,3529,lots
2026-09-09,2026-09-08,Robusta,,LON,VALID_CERTIFICATE,1371,lots
2026-09-09,2026-09-08,Robusta,,TRI,VALID_CERTIFICATE,24,lots
2026-09-10,,Arabica,Brazil,ANT,TOTAL_BAGS_CERTIFIED,7710,bags
2026-09-10,,Arabica,Burundi,ANT,TOTAL_BAGS_CERTIFIED,960,bags
2026-09-10,,Arabica,Colombia,ANT,TOTAL_BAGS_CERTIFIED,25,bags
2026-09-10,,Arabica,El Salvador,ANT,TOTAL_BAGS_CERTIFIED,868,bags
2026-09-10,,Arabica,Honduras,ANT,TOTAL_BAGS_CERTIFIED,10937,bags
2026-09-10,,Arabica,India,ANT,TOTAL_BAGS_CERTIFIED,4984,bags
2026-09-10,,Arabica,Kenya,ANT,TOTAL_BAGS_CERTIFIED,885,bags
2026-09-10,,Arabica,Mexico,ANT,TOTAL_BAGS_CERTIFIED,12389,bags
2026-09-10,,Arabica,Nicaragua,ANT,TOTAL_BAGS_CERTIFIED,12412,bags
2026-09-10,,Arabica,Papua New Guinea,ANT,TOTAL_BAGS_CERTIFIED,1528,bags
2026-09-10,,Arabica,Peru,ANT,TOTAL_BAGS_CERTIFIED,46602,bags
2026-09-10,,Arabica,Rwanda,ANT,TOTAL_BAGS_CERTIFIED,7196,bags
2026-09-10,,Arabica,Tanzania,ANT,TOTAL_BAGS_CERTIFIED,9344,bags
2026-09-10,,Arabica,Uganda,ANT,TOTAL_BAGS_CERTIFIED,35287,bags
2026-09-10,,Arabica,Burundi,HA/BR,TOTAL_BAGS_CERTIFIED,285,bags
2026-09-10,,Arabica,Honduras,HA/BR,TOTAL_BAGS_CERTIFIED,125,bags
2026-09-10,,Arabica,India,HA/BR,TOTAL_BAGS_CERTIFIED,1709,bags
2026-09-10,,Arabica,Kenya,HA/BR,TOTAL_BAGS_CERTIFIED,1299,bags
2026-09-10,,Arabica,Papua New Guinea,HA/BR,TOTAL_BAGS_CERTIFIED,288,bags
2026-09-10,,Arabica,Peru,HA/BR,TOTAL_BAGS_CERTIFIED,496,bags
2026-09-10,,Arabica,Tanzania,HA/BR,TOTAL_BAGS_CERTIFIED,1725,bags
2026-09-10,,Arabica,Uganda,HA/BR,TOTAL_BAGS_CERTIFIED,35,bags
2026-09-10,,Arabica,Venezuela,HA/BR,TOTAL_BAGS_CERTIFIED,2750,bags
2026-09-10,,Arabica,Guatemala,HOU,TOTAL_BAGS_CERTIFIED,1375,bags
2026-09-10,,Arabica,Honduras,HOU,TOTAL_BAGS_CERTIFIED,39029,bags
2026-09-10,,Arabica,Nicaragua,HOU,TOTAL_BAGS_CERTIFIED,25,bags
2026-09-10,,Arabica,Honduras,MIAMI,TOTAL_BAGS_CERTIFIED,1147,bags
2026-09-10,,Arabica,India,MIAMI,TOTAL_BAGS_CERTIFIED,710,bags
2026-09-10,,Arabica,Peru,MIAMI,TOTAL_BAGS_CERTIFIED,1500,bags
2026-09-10,,Arabica,Venezuela,MIAMI,TOTAL_BAGS_CERTIFIED,3500,bags
2026-09-10,,Arabica,Colombia,NOLA,TOTAL_BAGS_CERTIFIED,225,bags
2026-09-10,,Arabica,Honduras,NOLA,TOTAL_BAGS_CERTIFIED,4396,bags
2026-09-10,,Arabica,Mexico,NOLA,TOTAL_BAGS_CERTIFIED,5367,bags
2026-09-10,,Arabica,Brazil,NY,TOTAL_BAGS_CERTIFIED,960,bags
2026-09-10,,Arabica,Mexico,NY,TOTAL_BAGS_CERTIFIED,36,bags
2026-09-10,,Arabica,Peru,NY,TOTAL_BAGS_CERTIFIED,98,bags
2026-09-10,,Arabica,Venezuela,NY,TOTAL_BAGS_CERTIFIED,250,bags
2026-09-10,2026-09-09,Robusta,,ANT,NON_TENDERABLE,1,lots
2026-09-10,2026-09-09,Robusta,,ANT,VALID_CERTIFICATE,3507,lots
2026-09-10,2026-09-09,Robusta,,LON,VALID_CERTIFICATE,1371,lots
2026-09-10,2026-09-09,Robusta,,TRI,VALID_CERTIFICATE,24,lots
2026-09-11,,Arabica,Brazil,ANT,TOTAL_BAGS_CERTIFIED,7710,bags
2026-09-11,,Arabica,Burundi,ANT,TOTAL_BAGS_CERTIFIED,960,bags
2026-09-11,,Arabica,Colombia,ANT,TOTAL_BAGS_CERTIFIED,25,bags
2026-09-11,,Arabica,El Salvador,ANT,TOTAL_BAGS_CERTIFIED,868,bags
2026-09-11,,Arabica,Honduras,ANT,TOTAL_BAGS_CERTIFIED,10937,bags
2026-09-11,,Arabica,India,ANT,TOTAL_BAGS_CERTIFIED,4984,bags
2026-09-11,,Arabica,Kenya,ANT,TOTAL_BAGS_CERTIFIED,885,bags
2026-09-11,,Arabica,Mexico,ANT,TOTAL_BAGS_CERTIFIED,12353,bags
2026-09-11,,Arabica,Nicaragua,ANT,TOTAL_BAGS_CERTIFIED,11973,bags
2026-09-11,,Arabica,Papua New Guinea,ANT,TOTAL_BAGS_CERTIFIED,1528,bags
2026-09-11,,Arabica,Peru,ANT,TOTAL_BAGS_CERTIFIED,46602,bags
2026-09-11,,Arabica,Rwanda,ANT,TOTAL_BAGS_CERTIFIED,7196,bags
2026-09-11,,Arabica,Tanzania,ANT,TOTAL_BAGS_CERTIFIED,9344,bags
2026-09-11,,Arabica,Uganda,ANT,TOTAL_BAGS_CERTIFIED,35287,bags
2026-09-11,,Arabica,Burundi,HA/BR,TOTAL_BAGS_CERTIFIED,285,bags
2026-09-11,,Arabica,Honduras,HA/BR,TOTAL_BAGS_CERTIFIED,125,bags
2026-09-11,,Arabica,India,HA/BR,TOTAL_BAGS_CERTIFIED,1709,bags
2026-09-11,,Arabica,Kenya,HA/BR,TOTAL_BAGS_CERTIFIED,1299,bags
2026-09-11,,Arabica,Papua New Guinea,HA/BR,TOTAL_BAGS_CERTIFIED,288,bags
2026-09-11,,Arabica,Peru,HA/BR,TOTAL_BAGS_CERTIFIED,496,bags
2026-09-11,,Arabica,Tanzania,HA/BR,TOTAL_BAGS_CERTIFIED,1725,bags
2026-09-11,,Arabica,Uganda,HA/BR,TOTAL_BAGS_CERTIFIED,35,bags
2026-09-11,,Arabica,Venezuela,HA/BR,TOTAL_BAGS_CERTIFIED,2750,bags
2026-09-11,,Arabica,Guatemala,HOU,TOTAL_BAGS_CERTIFIED,1375,bags
2026-09-11,,Arabica,Honduras,HOU,TOTAL_BAGS_CERTIFIED,38979,bags
2026-09-11,,Arabica,Nicaragua,HOU,TOTAL_BAGS_CERTIFIED,25,bags
2026-09-11,,Arabica,Honduras,MIAMI,TOTAL_BAGS_CERTIFIED,1147,bags
2026-09-11,,Arabica,India,MIAMI,TOTAL_BAGS_CERTIFIED,710,bags
2026-09-11,,Arabica,Peru,MIAMI,TOTAL_BAGS_CERTIFIED,1500,bags
2026-09-11,,Arabica,Venezuela,MIAMI,TOTAL_BAGS_CERTIFIED,3500,bags
2026-09-11,,Arabica,Colombia,NOLA,TOTAL_BAGS_CERTIFIED,225,bags
2026-09-11,,Arabica,Honduras,NOLA,TOTAL_BAGS_CERTIFIED,4396,bags
2026-09-11,,Arabica,Mexico,NOLA,TOTAL_BAGS_CERTIFIED,5367,bags
2026-09-11,,Arabica,Brazil,NY,TOTAL_BAGS_CERTIFIED,960,bags
2026-09-11,,Arabica,Mexico,NY,TOTAL_BAGS_CERTIFIED,36,bags
2026-09-11,,Arabica,Peru,NY,TOTAL_BAGS_CERTIFIED,98,bags
2026-09-11,,Arabica,Venezuela,NY,TOTAL_BAGS_CERTIFIED,250,bags
2026-09-11,2026-09-10,Robusta,,ANT,NON_TENDERABLE,1,lots
2026-09-11,2026-09-10,Robusta,,ANT,VALID_CERTIFICATE,3507,lots
2026-09-11,2026-09-10,Robusta,,LON,VALID_CERTIFICATE,1441,lots
2026-09-11,2026-09-10,Robusta,,TRI,VALID_CERTIFICATE,24,lots
2026-09-14,,Arabica,Brazil,ANT,TOTAL_BAGS_CERTIFIED,7710,bags
2026-09-14,,Arabica,Burundi,ANT,TOTAL_BAGS_CERTIFIED,960,bags
2026-09-14,,Arabica,Colombia,ANT,TOTAL_BAGS_CERTIFIED,25,bags
2026-09-14,,Arabica,El Salvador,ANT,TOTAL_BAGS_CERTIFIED,868,bags
2026-09-14,,Arabica,Honduras,ANT,TOTAL_BAGS_CERTIFIED,10937,bags
2026-09-14,,Arabica,India,ANT,TOTAL_BAGS_CERTIFIED,4984,bags
2026-09-14,,Arabica,Kenya,ANT,TOTAL_BAGS_CERTIFIED,885,bags
2026-09-14,,Arabica,Mexico,ANT,TOTAL_BAGS_CERTIFIED,12353,bags
2026-09-14,,Arabica,Nicaragua,ANT,TOTAL_BAGS_CERTIFIED,11973,bags
2026-09-14,,Arabica,Papua New Guinea,ANT,TOTAL_BAGS_CERTIFIED,1528,bags
2026-09-14,,Arabica,Peru,ANT,TOTAL_BAGS_CERTIFIED,46602,bags
2026-09-14,,Arabica,Rwanda,ANT,TOTAL_BAGS_CERTIFIED,7196,bags
2026-09-14,,Arabica,Tanzania,ANT,TOTAL_BAGS_CERTIFIED,9344,bags
2026-09-14,,Arabica,Uganda,ANT,TOTAL_BAGS_CERTIFIED,35287,bags
2026-09-14,,Arabica,Burundi,HA/BR,TOTAL_BAGS_CERTIFIED,285,bags
2026-09-14,,Arabica,Honduras,HA/BR,TOTAL_BAGS_CERTIFIED,125,bags
2026-09-14,,Arabica,India,HA/BR,TOTAL_BAGS_CERTIFIED,1709,bags
2026-09-14,,Arabica,Kenya,HA/BR,TOTAL_BAGS_CERTIFIED,1299,bags
2026-09-14,,Arabica,Papua New Guinea,HA/BR,TOTAL_BAGS_CERTIFIED,288,bags
2026-09-14,,Arabica,Peru,HA/BR,TOTAL_BAGS_CERTIFIED,496,bags
2026-09-14,,Arabica,Tanzania,HA/BR,TOTAL_BAGS_CERTIFIED,1725,bags
2026-09-14,,Arabica,Uganda,HA/BR,TOTAL_BAGS_CERTIFIED,35,bags
2026-09-14,,Arabica,Venezuela,HA/BR,TOTAL_BAGS_CERTIFIED,2750,bags
2026-09-14,,Arabica,Guatemala,HOU,TOTAL_BAGS_CERTIFIED,1375,bags
2026-09-14,,Arabica,Honduras,HOU,TOTAL_BAGS_CERTIFIED,38979,bags
2026-09-14,,Arabica,Nicaragua,HOU,TOTAL_BAGS_CERTIFIED,25,bags
2026-09-14,,Arabica,Honduras,MIAMI,TOTAL_BAGS_CERTIFIED,1147,bags
2026-09-14,,Arabica,India,MIAMI,TOTAL_BAGS_CERTIFIED,710,bags
2026-09-14,,Arabica,Peru,MIAMI,TOTAL_BAGS_CERTIFIED,1500,bags
2026-09-14,,Arabica,Venezuela,MIAMI,TOTAL_BAGS_CERTIFIED,3500,bags
2026-09-14,,Arabica,Colombia,NOLA,TOTAL_BAGS_CERTIFIED,225,bags
2026-09-14,,Arabica,Honduras,NOLA,TOTAL_BAGS_CERTIFIED,4396,bags
2026-09-14,,Arabica,Mexico,NOLA,TOTAL_BAGS_CERTIFIED,5367,bags
2026-09-14,,Arabica,Brazil,NY,TOTAL_BAGS_CERTIFIED,960,bags
2026-09-14,,Arabica,Mexico,NY,TOTAL_BAGS_CERTIFIED,36,bags
2026-09-14,,Arabica,Peru,NY,TOTAL_BAGS_CERTIFIED,98,bags
2026-09-14,,Arabica,Venezuela,NY,TOTAL_BAGS_CERTIFIED,250,bags
2026-09-14,2026-09-13,Robusta,,ANT,NON_TENDERABLE,1,lots
2026-09-14,2026-09-13,Robusta,,ANT,VALID_CERTIFICATE,3514,lots
2026-09-14,2026-09-13,Robusta,,LON,VALID_CERTIFICATE,1505,lots
2026-09-14,2026-09-13,Robusta,,TRI,VALID_CERTIFICATE,24,lots
2026-09-15,,Arabica,Brazil,ANT,TOTAL_BAGS_CERTIFIED,7710,bags
2026-09-15,,Arabica,Burundi,ANT,TOTAL_BAGS_CERTIFIED,960,bags
2026-09-15,,Arabica,Colombia,ANT,TOTAL_BAGS_CERTIFIED,25,bags
2026-09-15,,Arabica,El Salvador,ANT,TOTAL_BAGS_CERTIFIED,868,bags
2026-09-15,,Arabica,Honduras,ANT,TOTAL_BAGS_CERTIFIED,10937,bags
2026-09-15,,Arabica,India,ANT,TOTAL_BAGS_CERTIFIED,4984,bags
2026-09-15,,Arabica,Kenya,ANT,TOTAL_BAGS_CERTIFIED,885,bags
2026-09-15,,Arabica,Mexico,ANT,TOTAL_BAGS_CERTIFIED,12353,bags
2026-09-15,,Arabica,Nicaragua,ANT,TOTAL_BAGS_CERTIFIED,11973,bags
2026-09-15,,Arabica,Papua New Guinea,ANT,TOTAL_BAGS_CERTIFIED,1528,bags
2026-09-15,,Arabica,Peru,ANT,TOTAL_BAGS_CERTIFIED,46602,bags
2026-09-15,,Arabica,Rwanda,ANT,TOTAL_BAGS_CERTIFIED,7196,bags
2026-09-15,,Arabica,Tanzania,ANT,TOTAL_BAGS_CERTIFIED,9344,bags
2026-09-15,,Arabica,Uganda,ANT,TOTAL_BAGS_CERTIFIED,35287,bags
2026-09-15,,Arabica,Burundi,HA/BR,TOTAL_BAGS_CERTIFIED,285,bags
2026-09-15,,Arabica,Honduras,HA/BR,TOTAL_BAGS_CERTIFIED,125,bags
2026-09-15,,Arabica,India,HA/BR,TOTAL_BAGS_CERTIFIED,1709,bags
2026-09-15,,Arabica,Kenya,HA/BR,TOTAL_BAGS_CERTIFIED,1299,bags
2026-09-15,,Arabica,Papua New Guinea,HA/BR,TOTAL_BAGS_CERTIFIED,288,bags
2026-09-15,,Arabica,Peru,HA/BR,TOTAL_BAGS_CERTIFIED,496,bags
2026-09-15,,Arabica,Tanzania,HA/BR,TOTAL_BAGS_CERTIFIED,1725,bags
2026-09-15,,Arabica,Uganda,HA/BR,TOTAL_BAGS_CERTIFIED,35,bags
2026-09-15,,Arabica,Venezuela,HA/BR,TOTAL_BAGS_CERTIFIED,2750,bags
2026-09-15,,Arabica,Guatemala,HOU,TOTAL_BAGS_CERTIFIED,1375,bags
2026-09-15,,Arabica,Honduras,HOU,TOTAL_BAGS_CERTIFIED,38979,bags
2026-09-15,,Arabica,Nicaragua,HOU,TOTAL_BAGS_CERTIFIED,25,bags
2026-09-15,,Arabica,Honduras,MIAMI,TOTAL_BAGS_CERTIFIED,1147,bags
2026-09-15,,Arabica,India,MIAMI,TOTAL_BAGS_CERTIFIED,710,bags
2026-09-15,,Arabica,Peru,MIAMI,TOTAL_BAGS_CERTIFIED,1500,bags
2026-09-15,,Arabica,Venezuela,MIAMI,TOTAL_BAGS_CERTIFIED,3500,bags
2026-09-15,,Arabica,Colombia,NOLA,TOTAL_BAGS_CERTIFIED,225,bags
2026-09-15,,Arabica,Honduras,NOLA,TOTAL_BAGS_CERTIFIED,4396,bags
2026-09-15,,Arabica,Mexico,NOLA,TOTAL_BAGS_CERTIFIED,5081,bags
2026-09-15,,Arabica,Brazil,NY,TOTAL_BAGS_CERTIFIED,960,bags
2026-09-15,,Arabica,Mexico,NY,TOTAL_BAGS_CERTIFIED,36,bags
2026-09-15,,Arabica,Peru,NY,TOTAL_BAGS_CERTIFIED,98,bags
2026-09-15,,Arabica,Venezuela,NY,TOTAL_BAGS_CERTIFIED,250,bags
2026-09-15,2026-09-14,Robusta,,ANT,NON_TENDERABLE,1,lots
2026-09-15,2026-09-14,Robusta,,ANT,VALID_CERTIFICATE,3514,lots
2026-09-15,2026-09-14,Robusta,,LON,VALID_CERTIFICATE,1505,lots
2026-09-15,2026-09-14,Robusta,,TRI,VALID_CERTIFICATE,24,lots
2026-09-16,,Arabica,Brazil,ANT,TOTAL_BAGS_CERTIFIED,22960,bags
2026-09-16,,Arabica,Burundi,ANT,TOTAL_BAGS_CERTIFIED,960,bags
2026-09-16,,Arabica,Colombia,ANT,TOTAL_BAGS_CERTIFIED,25,bags
2026-09-16,,Arabica,El Salvador,ANT,TOTAL_BAGS_CERTIFIED,868,bags
2026-09-16,,Arabica,Honduras,ANT,TOTAL_BAGS_CERTIFIED,10937,bags
2026-09-16,,Arabica,India,ANT,TOTAL_BAGS_CERTIFIED,4607,bags
2026-09-16,,Arabica,Kenya,ANT,TOTAL_BAGS_CERTIFIED,1845,bags
2026-09-16,,Arabica,Mexico,ANT,TOTAL_BAGS_CERTIFIED,12353,bags
2026-09-16,,Arabica,Nicaragua,ANT,TOTAL_BAGS_CERTIFIED,11973,bags
2026-09-16,,Arabica,Papua New Guinea,ANT,TOTAL_BAGS_CERTIFIED,1528,bags
2026-09-16,,Arabica,Peru,ANT,TOTAL_BAGS_CERTIFIED,46602,bags
2026-09-16,,Arabica,Rwanda,ANT,TOTAL_BAGS_CERTIFIED,7196,bags
2026-09-16,,Arabica,Tanzania,ANT,TOTAL_BAGS_CERTIFIED,9344,bags
2026-09-16,,Arabica,Uganda,ANT,TOTAL_BAGS_CERTIFIED,35287,bags
2026-09-16,,Arabica,Burundi,HA/BR,TOTAL_BAGS_CERTIFIED,285,bags
2026-09-16,,Arabica,Honduras,HA/BR,TOTAL_BAGS_CERTIFIED,125,bags
2026-09-16,,Arabica,India,HA/BR,TOTAL_BAGS_CERTIFIED,1709,bags
2026-09-16,,Arabica,Kenya,HA/BR,TOTAL_BAGS_CERTIFIED,1299,bags
2026-09-16,,Arabica,Papua New Guinea,HA/BR,TOTAL_BAGS_CERTIFIED,288,bags
2026-09-16,,Arabica,Peru,HA/BR,TOTAL_BAGS_CERTIFIED,496,bags
2026-09-16,,Arabica,Tanzania,HA/BR,TOTAL_BAGS_CERTIFIED,1725,bags
2026-09-16,,Arabica,Uganda,HA/BR,TOTAL_BAGS_CERTIFIED,35,bags
2026-09-16,,Arabica,Venezuela,HA/BR,TOTAL_BAGS_CERTIFIED,2750,bags
2026-09-16,,Arabica,Guatemala,HOU,TOTAL_BAGS_CERTIFIED,1375,bags
2026-09-16,,Arabica,Honduras,HOU,TOTAL_BAGS_CERTIFIED,38979,bags
2026-09-16,,Arabica,Nicaragua,HOU,TOTAL_BAGS_CERTIFIED,25,bags
2026-09-16,,Arabica,Honduras,MIAMI,TOTAL_BAGS_CERTIFIED,1147,bags
2026-09-16,,Arabica,India,MIAMI,TOTAL_BAGS_CERTIFIED,710,bags
2026-09-16,,Arabica,Peru,MIAMI,TOTAL_BAGS_CERTIFIED,1500,bags
2026-09-16,,Arabica,Venezuela,MIAMI,TOTAL_BAGS_CERTIFIED,3500,bags
2026-09-16,,Arabica,Colombia,NOLA,TOTAL_BAGS_CERTIFIED,225,bags
2026-09-16,,Arabica,Honduras,NOLA,TOTAL_BAGS_CERTIFIED,4396,bags
2026-09-16,,Arabica,Mexico,NOLA,TOTAL_BAGS_CERTIFIED,5081,bags
2026-09-16,,Arabica,Brazil,NY,TOTAL_BAGS_CERTIFIED,960,bags
2026-09-16,,Arabica,Mexico,NY,TOTAL_BAGS_CERTIFIED,36,bags
2026-09-16,,Arabica,Peru,NY,TOTAL_BAGS_CERTIFIED,98,bags
2026-09-16,,Arabica,Venezuela,NY,TOTAL_BAGS_CERTIFIED,250,bags
2026-09-16,2026-09-15,Robusta,,ANT,NON_TENDERABLE,1,lots
2026-09-16,2026-09-15,Robusta,,ANT,VALID_CERTIFICATE,3509,lots
2026-09-16,2026-09-15,Robusta,,LON,VALID_CERTIFICATE,1505,lots
2026-09-16,2026-09-15,Robusta,,TRI,VALID_CERTIFICATE,24,lots
2026-09-17,,Arabica,Brazil,ANT,TOTAL_BAGS_CERTIFIED,37492,bags
2026-09-17,,Arabica,Burundi,ANT,TOTAL_BAGS_CERTIFIED,960,bags
2026-09-17,,Arabica,Colombia,ANT,TOTAL_BAGS_CERTIFIED,25,bags
2026-09-17,,Arabica,El Salvador,ANT,TOTAL_BAGS_CERTIFIED,868,bags
2026-09-17,,Arabica,Honduras,ANT,TOTAL_BAGS_CERTIFIED,10937,bags
2026-09-17,,Arabica,India,ANT,TOTAL_BAGS_CERTIFIED,4607,bags
2026-09-17,,Arabica,Kenya,ANT,TOTAL_BAGS_CERTIFIED,1845,bags
2026-09-17,,Arabica,Mexico,ANT,TOTAL_BAGS_CERTIFIED,12353,bags
2026-09-17,,Arabica,Nicaragua,ANT,TOTAL_BAGS_CERTIFIED,11935,bags
2026-09-17,,Arabica,Papua New Guinea,ANT,TOTAL_BAGS_CERTIFIED,1528,bags
2026-09-17,,Arabica,Peru,ANT,TOTAL_BAGS_CERTIFIED,46602,bags
2026-09-17,,Arabica,Rwanda,ANT,TOTAL_BAGS_CERTIFIED,7196,bags
2026-09-17,,Arabica,Tanzania,ANT,TOTAL_BAGS_CERTIFIED,9344,bags
2026-09-17,,Arabica,Uganda,ANT,TOTAL_BAGS_CERTIFIED,35287,bags
2026-09-17,,Arabica,Burundi,HA/BR,TOTAL_BAGS_CERTIFIED,285,bags
2026-09-17,,Arabica,Honduras,HA/BR,TOTAL_BAGS_CERTIFIED,125,bags
2026-09-17,,Arabica,India,HA/BR,TOTAL_BAGS_CERTIFIED,1709,bags
2026-09-17,,Arabica,Kenya,HA/BR,TOTAL_BAGS_CERTIFIED,1299,bags
2026-09-17,,Arabica,Papua New Guinea,HA/BR,TOTAL_BAGS_CERTIFIED,288,bags
2026-09-17,,Arabica,Peru,HA/BR,TOTAL_BAGS_CERTIFIED,496,bags
2026-09-17,,Arabica,Tanzania,HA/BR,TOTAL_BAGS_CERTIFIED,1725,bags
2026-09-17,,Arabica,Uganda,HA/BR,TOTAL_BAGS_CERTIFIED,35,bags
2026-09-17,,Arabica,Venezuela,HA/BR,TOTAL_BAGS_CERTIFIED,2750,bags
2026-09-17,,Arabica,Guatemala,HOU,TOTAL_BAGS_CERTIFIED,1375,bags
2026-09-17,,Arabica,Honduras,HOU,TOTAL_BAGS_CERTIFIED,38929,bags
2026-09-17,,Arabica,Nicaragua,HOU,TOTAL_BAGS_CERTIFIED,25,bags
2026-09-17,,Arabica,Honduras,MIAMI,TOTAL_BAGS_CERTIFIED,1147,bags
2026-09-17,,Arabica,India,MIAMI,TOTAL_BAGS_CERTIFIED,710,bags
2026-09-17,,Arabica,Peru,MIAMI,TOTAL_BAGS_CERTIFIED,1500,bags
2026-09-17,,Arabica,Venezuela,MIAMI,TOTAL_BAGS_CERTIFIED,3500,bags
2026-09-17,,Arabica,Colombia,NOLA,TOTAL_BAGS_CERTIFIED,225,bags
2026-09-17,,Arabica,Honduras,NOLA,TOTAL_BAGS_CERTIFIED,4396,bags
2026-09-17,,Arabica,Mexico,NOLA,TOTAL_BAGS_CERTIFIED,5081,bags
2026-09-17,,Arabica,Brazil,NY,TOTAL_BAGS_CERTIFIED,960,bags
2026-09-17,,Arabica,Peru,NY,TOTAL_BAGS_CERTIFIED,98,bags
2026-09-17,,Arabica,Venezuela,NY,TOTAL_BAGS_CERTIFIED,250,bags
2026-09-17,2026-09-16,Robusta,,ANT,NON_TENDERABLE,1,lots
2026-09-17,2026-09-16,Robusta,,ANT,VALID_CERTIFICATE,3509,lots
2026-09-17,2026-09-16,Robusta,,LON,VALID_CERTIFICATE,1505,lots
2026-09-17,2026-09-16,Robusta,,TRI,VALID_CERTIFICATE,24,lots
2026-09-18,,Arabica,Brazil,ANT,TOTAL_BAGS_CERTIFIED,48020,bags
2026-09-18,,Arabica,Burundi,ANT,TOTAL_BAGS_CERTIFIED,960,bags
2026-09-18,,Arabica,Colombia,ANT,TOTAL_BAGS_CERTIFIED,25,bags
2026-09-18,,Arabica,El Salvador,ANT,TOTAL_BAGS_CERTIFIED,868,bags
2026-09-18,,Arabica,Honduras,ANT,TOTAL_BAGS_CERTIFIED,10937,bags
2026-09-18,,Arabica,India,ANT,TOTAL_BAGS_CERTIFIED,4607,bags
2026-09-18,,Arabica,Kenya,ANT,TOTAL_BAGS_CERTIFIED,1845,bags
2026-09-18,,Arabica,Mexico,ANT,TOTAL_BAGS_CERTIFIED,12353,bags
2026-09-18,,Arabica,Nicaragua,ANT,TOTAL_BAGS_CERTIFIED,11935,bags
2026-09-18,,Arabica,Papua New Guinea,ANT,TOTAL_BAGS_CERTIFIED,1528,bags
2026-09-18,,Arabica,Peru,ANT,TOTAL_BAGS_CERTIFIED,46602,bags
2026-09-18,,Arabica,Rwanda,ANT,TOTAL_BAGS_CERTIFIED,7196,bags
2026-09-18,,Arabica,Tanzania,ANT,TOTAL_BAGS_CERTIFIED,9344,bags
2026-09-18,,Arabica,Uganda,ANT,TOTAL_BAGS_CERTIFIED,35287,bags
2026-09-18,,Arabica,Burundi,HA/BR,TOTAL_BAGS_CERTIFIED,285,bags
2026-09-18,,Arabica,Honduras,HA/BR,TOTAL_BAGS_CERTIFIED,125,bags
2026-09-18,,Arabica,India,HA/BR,TOTAL_BAGS_CERTIFIED,1709,bags
2026-09-18,,Arabica,Kenya,HA/BR,TOTAL_BAGS_CERTIFIED,1299,bags
2026-09-18,,Arabica,Papua New Guinea,HA/BR,TOTAL_BAGS_CERTIFIED,288,bags
2026-09-18,,Arabica,Peru,HA/BR,TOTAL_BAGS_CERTIFIED,496,bags
2026-09-18,,Arabica,Tanzania,HA/BR,TOTAL_BAGS_CERTIFIED,1725,bags
2026-09-18,,Arabica,Uganda,HA/BR,TOTAL_BAGS_CERTIFIED,35,bags
2026-09-18,,Arabica,Venezuela,HA/BR,TOTAL_BAGS_CERTIFIED,2750,bags
2026-09-18,,Arabica,Guatemala,HOU,TOTAL_BAGS_CERTIFIED,1375,bags
2026-09-18,,Arabica,Honduras,HOU,TOTAL_BAGS_CERTIFIED,38929,bags
2026-09-18,,Arabica,Nicaragua,HOU,TOTAL_BAGS_CERTIFIED,25,bags
2026-09-18,,Arabica,Honduras,MIAMI,TOTAL_BAGS_CERTIFIED,1147,bags
2026-09-18,,Arabica,India,MIAMI,TOTAL_BAGS_CERTIFIED,710,bags
2026-09-18,,Arabica,Peru,MIAMI,TOTAL_BAGS_CERTIFIED,1500,bags
2026-09-18,,Arabica,Venezuela,MIAMI,TOTAL_BAGS_CERTIFIED,3500,bags
2026-09-18,,Arabica,Colombia,NOLA,TOTAL_BAGS_CERTIFIED,225,bags
2026-09-18,,Arabica,Honduras,NOLA,TOTAL_BAGS_CERTIFIED,4396,bags
2026-09-18,,Arabica,Mexico,NOLA,TOTAL_BAGS_CERTIFIED,5081,bags
2026-09-18,,Arabica,Brazil,NY,TOTAL_BAGS_CERTIFIED,960,bags
2026-09-18,,Arabica,Peru,NY,TOTAL_BAGS_CERTIFIED,98,bags
2026-09-18,,Arabica,Venezuela,NY,TOTAL_BAGS_CERTIFIED,250,bags
2026-09-18,2026-09-17,Robusta,,ANT,NON_TENDERABLE,1,lots
2026-09-18,2026-09-17,Robusta,,ANT,VALID_CERTIFICATE,3461,lots
2026-09-18,2026-09-17,Robusta,,LON,VALID_CERTIFICATE,1505,lots
2026-09-18,2026-09-17,Robusta,,TRI,VALID_CERTIFICATE,24,lots
2026-09-21,,Arabica,Brazil,ANT,TOTAL_BAGS_CERTIFIED,48020,bags
2026-09-21,,Arabica,Burundi,ANT,TOTAL_BAGS_CERTIFIED,960,bags
2026-09-21,,Arabica,Colombia,ANT,TOTAL_BAGS_CERTIFIED,25,bags
2026-09-21,,Arabica,El Salvador,ANT,TOTAL_BAGS_CERTIFIED,868,bags
2026-09-21,,Arabica,Honduras,ANT,TOTAL_BAGS_CERTIFIED,9987,bags
2026-09-21,,Arabica,India,ANT,TOTAL_BAGS_CERTIFIED,4607,bags
2026-09-21,,Arabica,Kenya,ANT,TOTAL_BAGS_CERTIFIED,1845,bags
2026-09-21,,Arabica,Mexico,ANT,TOTAL_BAGS_CERTIFIED,10603,bags
2026-09-21,,Arabica,Nicaragua,ANT,TOTAL_BAGS_CERTIFIED,10785,bags
2026-09-21,,Arabica,Papua New Guinea,ANT,TOTAL_BAGS_CERTIFIED,1528,bags
2026-09-21,,Arabica,Peru,ANT,TOTAL_BAGS_CERTIFIED,46602,bags
2026-09-21,,Arabica,Rwanda,ANT,TOTAL_BAGS_CERTIFIED,7196,bags
2026-09-21,,Arabica,Tanzania,ANT,TOTAL_BAGS_CERTIFIED,9344,bags
2026-09-21,,Arabica,Uganda,ANT,TOTAL_BAGS_CERTIFIED,35287,bags
2026-09-21,,Arabica,Burundi,HA/BR,TOTAL_BAGS_CERTIFIED,285,bags
2026-09-21,,Arabica,Honduras,HA/BR,TOTAL_BAGS_CERTIFIED,125,bags
2026-09-21,,Arabica,India,HA/BR,TOTAL_BAGS_CERTIFIED,1709,bags
2026-09-21,,Arabica,Kenya,HA/BR,TOTAL_BAGS_CERTIFIED,1299,bags
2026-09-21,,Arabica,Papua New Guinea,HA/BR,TOTAL_BAGS_CERTIFIED,288,bags
2026-09-21,,Arabica,Peru,HA/BR,TOTAL_BAGS_CERTIFIED,496,bags
2026-09-21,,Arabica,Tanzania,HA/BR,TOTAL_BAGS_CERTIFIED,1725,bags
2026-09-21,,Arabica,Uganda,HA/BR,TOTAL_BAGS_CERTIFIED,35,bags
2026-09-21,,Arabica,Venezuela,HA/BR,TOTAL_BAGS_CERTIFIED,2750,bags
2026-09-21,,Arabica,Guatemala,HOU,TOTAL_BAGS_CERTIFIED,1375,bags
2026-09-21,,Arabica,Honduras,HOU,TOTAL_BAGS_CERTIFIED,38929,bags
2026-09-21,,Arabica,Nicaragua,HOU,TOTAL_BAGS_CERTIFIED,25,bags
2026-09-21,,Arabica,Honduras,MIAMI,TOTAL_BAGS_CERTIFIED,897,bags
2026-09-21,,Arabica,India,MIAMI,TOTAL_BAGS_CERTIFIED,710,bags
2026-09-21,,Arabica,Peru,MIAMI,TOTAL_BAGS_CERTIFIED,1500,bags
2026-09-21,,Arabica,Venezuela,MIAMI,TOTAL_BAGS_CERTIFIED,3500,bags
2026-09-21,,Arabica,Colombia,NOLA,TOTAL_BAGS_CERTIFIED,225,bags
2026-09-21,,Arabica,Honduras,NOLA,TOTAL_BAGS_CERTIFIED,4396,bags
2026-09-21,,Arabica,Mexico,NOLA,TOTAL_BAGS_CERTIFIED,5081,bags
2026-09-21,,Arabica,Peru,NY,TOTAL_BAGS_CERTIFIED,98,bags
2026-09-21,,Arabica,Venezuela,NY,TOTAL_BAGS_CERTIFIED,250,bags
2026-09-21,2026-09-20,Robusta,,ANT,NON_TENDERABLE,6,lots
2026-09-21,2026-09-20,Robusta,,ANT,VALID_CERTIFICATE,3504,lots
2026-09-21,2026-09-20,Robusta,,LON,VALID_CERTIFICATE,1505,lots
2026-09-21,2026-09-20,Robusta,,TRI,VALID_CERTIFICATE,24,lots
2026-09-22,,Arabica,Brazil,ANT,TOTAL_BAGS_CERTIFIED,52791,bags
2026-09-22,,Arabica,Burundi,ANT,TOTAL_BAGS_CERTIFIED,960,bags
2026-09-22,,Arabica,Colombia,ANT,TOTAL_BAGS_CERTIFIED,25,bags
2026-09-22,,Arabica,El Salvador,ANT,TOTAL_BAGS_CERTIFIED,868,bags
2026-09-22,,Arabica,Honduras,ANT,TOTAL_BAGS_CERTIFIED,9737,bags
2026-09-22,,Arabica,India,ANT,TOTAL_BAGS_CERTIFIED,3544,bags
2026-09-22,,Arabica,Kenya,ANT,TOTAL_BAGS_CERTIFIED,1845,bags
2026-09-22,,Arabica,Mexico,ANT,TOTAL_BAGS_CERTIFIED,10468,bags
2026-09-22,,Arabica,Nicaragua,ANT,TOTAL_BAGS_CERTIFIED,10785,bags
2026-09-22,,Arabica,Papua New Guinea,ANT,TOTAL_BAGS_CERTIFIED,1528,bags
2026-09-22,,Arabica,Peru,ANT,TOTAL_BAGS_CERTIFIED,46602,bags
2026-09-22,,Arabica,Rwanda,ANT,TOTAL_BAGS_CERTIFIED,7196,bags
2026-09-22,,Arabica,Tanzania,ANT,TOTAL_BAGS_CERTIFIED,9344,bags
2026-09-22,,Arabica,Uganda,ANT,TOTAL_BAGS_CERTIFIED,35287,bags
2026-09-22,,Arabica,Burundi,HA/BR,TOTAL_BAGS_CERTIFIED,285,bags
2026-09-22,,Arabica,Honduras,HA/BR,TOTAL_BAGS_CERTIFIED,125,bags
2026-09-22,,Arabica,India,HA/BR,TOTAL_BAGS_CERTIFIED,1709,bags
2026-09-22,,Arabica,Kenya,HA/BR,TOTAL_BAGS_CERTIFIED,1299,bags
2026-09-22,,Arabica,Papua New Guinea,HA/BR,TOTAL_BAGS_CERTIFIED,288,bags
2026-09-22,,Arabica,Peru,HA/BR,TOTAL_BAGS_CERTIFIED,496,bags
2026-09-22,,Arabica,Tanzania,HA/BR,TOTAL_BAGS_CERTIFIED,1725,bags
2026-09-22,,Arabica,Uganda,HA/BR,TOTAL_BAGS_CERTIFIED,35,bags
2026-09-22,,Arabica,Venezuela,HA/BR,TOTAL_BAGS_CERTIFIED,2750,bags
2026-09-22,,Arabica,Guatemala,HOU,TOTAL_BAGS_CERTIFIED,1375,bags
2026-09-22,,Arabica,Honduras,HOU,TOTAL_BAGS_CERTIFIED,38929,bags
2026-09-22,,Arabica,Nicaragua,HOU,TOTAL_BAGS_CERTIFIED,25,bags
2026-09-22,,Arabica,Honduras,MIAMI,TOTAL_BAGS_CERTIFIED,897,bags
2026-09-22,,Arabica,India,MIAMI,TOTAL_BAGS_CERTIFIED,710,bags
2026-09-22,,Arabica,Peru,MIAMI,TOTAL_BAGS_CERTIFIED,1500,bags
2026-09-22,,Arabica,Venezuela,MIAMI,TOTAL_BAGS_CERTIFIED,3500,bags
2026-09-22,,Arabica,Colombia,NOLA,TOTAL_BAGS_CERTIFIED,225,bags
2026-09-22,,Arabica,Honduras,NOLA,TOTAL_BAGS_CERTIFIED,4396,bags
2026-09-22,,Arabica,Mexico,NOLA,TOTAL_BAGS_CERTIFIED,5081,bags
2026-09-22,,Arabica,Peru,NY,TOTAL_BAGS_CERTIFIED,98,bags
2026-09-22,,Arabica,Venezuela,NY,TOTAL_BAGS_CERTIFIED,250,bags
2026-09-22,2026-09-21,Robusta,,ANT,NON_TENDERABLE,11,lots
2026-09-22,2026-09-21,Robusta,,ANT,VALID_CERTIFICATE,3579,lots
2026-09-22,2026-09-21,Robusta,,LON,VALID_CERTIFICATE,1485,lots
2026-09-22,2026-09-21,Robusta,,TRI,VALID_CERTIFICATE,24,lots
2026-09-23,,Arabica,Brazil,ANT,TOTAL_BAGS_CERTIFIED,52791,bags
2026-09-23,,Arabica,Burundi,ANT,TOTAL_BAGS_CERTIFIED,960,bags
2026-09-23,,Arabica,Colombia,ANT,TOTAL_BAGS_CERTIFIED,25,bags
2026-09-23,,Arabica,El Salvador,ANT,TOTAL_BAGS_CERTIFIED,868,bags
2026-09-23,,Arabica,Honduras,ANT,TOTAL_BAGS_CERTIFIED,9737,bags
2026-09-23,,Arabica,India,ANT,TOTAL_BAGS_CERTIFIED,3544,bags
2026-09-23,,Arabica,Kenya,ANT,TOTAL_BAGS_CERTIFIED,1845,bags
2026-09-23,,Arabica,Mexico,ANT,TOTAL_BAGS_CERTIFIED,10468,bags
2026-09-23,,Arabica,Nicaragua,ANT,TOTAL_BAGS_CERTIFIED,10785,bags
2026-09-23,,Arabica,Papua New Guinea,ANT,TOTAL_BAGS_CERTIFIED,1528,bags
2026-09-23,,Arabica,Peru,ANT,TOTAL_BAGS_CERTIFIED,46602,bags
2026-09-23,,Arabica,Rwanda,ANT,TOTAL_BAGS_CERTIFIED,7196,bags
2026-09-23,,Arabica,Tanzania,ANT,TOTAL_BAGS_CERTIFIED,9344,bags
2026-09-23,,Arabica,Uganda,ANT,TOTAL_BAGS_CERTIFIED,35287,bags
2026-09-23,,Arabica,Burundi,HA/BR,TOTAL_BAGS_CERTIFIED,285,bags
2026-09-23,,Arabica,Honduras,HA/BR,TOTAL_BAGS_CERTIFIED,125,bags
2026-09-23,,Arabica,India,HA/BR,TOTAL_BAGS_CERTIFIED,1709,bags
2026-09-23,,Arabica,Kenya,HA/BR,TOTAL_BAGS_CERTIFIED,1299,bags
2026-09-23,,Arabica,Papua New Guinea,HA/BR,TOTAL_BAGS_CERTIFIED,288,bags
2026-09-23,,Arabica,Peru,HA/BR,TOTAL_BAGS_CERTIFIED,496,bags
2026-09-23,,Arabica,Tanzania,HA/BR,TOTAL_BAGS_CERTIFIED,1725,bags
2026-09-23,,Arabica,Uganda,HA/BR,TOTAL_BAGS_CERTIFIED,35,bags
2026-09-23,,Arabica,Venezuela,HA/BR,TOTAL_BAGS_CERTIFIED,2750,bags
2026-09-23,,Arabica,Guatemala,HOU,TOTAL_BAGS_CERTIFIED,1375,bags
2026-09-23,,Arabica,Honduras,HOU,TOTAL_BAGS_CERTIFIED,38684,bags
2026-09-23,,Arabica,Nicaragua,HOU,TOTAL_BAGS_CERTIFIED,25,bags
2026-09-23,,Arabica,Honduras,MIAMI,TOTAL_BAGS_CERTIFIED,897,bags
2026-09-23,,Arabica,India,MIAMI,TOTAL_BAGS_CERTIFIED,285,bags
2026-09-23,,Arabica,Peru,MIAMI,TOTAL_BAGS_CERTIFIED,1500,bags
2026-09-23,,Arabica,Venezuela,MIAMI,TOTAL_BAGS_CERTIFIED,3500,bags
2026-09-23,,Arabica,Colombia,NOLA,TOTAL_BAGS_CERTIFIED,225,bags
2026-09-23,,Arabica,Honduras,NOLA,TOTAL_BAGS_CERTIFIED,4396,bags
2026-09-23,,Arabica,Mexico,NOLA,TOTAL_BAGS_CERTIFIED,3651,bags
2026-09-23,,Arabica,Venezuela,NY,TOTAL_BAGS_CERTIFIED,250,bags
2026-09-23,2026-09-22,Robusta,,ANT,NON_TENDERABLE,11,lots
2026-09-23,2026-09-22,Robusta,,ANT,VALID_CERTIFICATE,3589,lots
2026-09-23,2026-09-22,Robusta,,LON,VALID_CERTIFICATE,1645,lots
2026-09-23,2026-09-22,Robusta,,TRI,VALID_CERTIFICATE,24,lots
2026-09-24,,Arabica,Brazil,ANT,TOTAL_BAGS_CERTIFIED,52791,bags
2026-09-24,,Arabica,Burundi,ANT,TOTAL_BAGS_CERTIFIED,960,bags
2026-09-24,,Arabica,Colombia,ANT,TOTAL_BAGS_CERTIFIED,25,bags
2026-09-24,,Arabica,El Salvador,ANT,TOTAL_BAGS_CERTIFIED,868,bags
2026-09-24,,Arabica,Honduras,ANT,TOTAL_BAGS_CERTIFIED,9737,bags
2026-09-24,,Arabica,India,ANT,TOTAL_BAGS_CERTIFIED,3544,bags
2026-09-24,,Arabica,Kenya,ANT,TOTAL_BAGS_CERTIFIED,1845,bags
2026-09-24,,Arabica,Mexico,ANT,TOTAL_BAGS_CERTIFIED,10468,bags
2026-09-24,,Arabica,Nicaragua,ANT,TOTAL_BAGS_CERTIFIED,10785,bags
2026-09-24,,Arabica,Papua New Guinea,ANT,TOTAL_BAGS_CERTIFIED,1528,bags
2026-09-24,,Arabica,Peru,ANT,TOTAL_BAGS_CERTIFIED,46602,bags
2026-09-24,,Arabica,Rwanda,ANT,TOTAL_BAGS_CERTIFIED,7196,bags
2026-09-24,,Arabica,Tanzania,ANT,TOTAL_BAGS_CERTIFIED,9344,bags
2026-09-24,,Arabica,Uganda,ANT,TOTAL_BAGS_CERTIFIED,35287,bags
2026-09-24,,Arabica,Burundi,HA/BR,TOTAL_BAGS_CERTIFIED,285,bags
2026-09-24,,Arabica,Honduras,HA/BR,TOTAL_BAGS_CERTIFIED,125,bags
2026-09-24,,Arabica,India,HA/BR,TOTAL_BAGS_CERTIFIED,1709,bags
2026-09-24,,Arabica,Kenya,HA/BR,TOTAL_BAGS_CERTIFIED,1299,bags
2026-09-24,,Arabica,Papua New Guinea,HA/BR,TOTAL_BAGS_CERTIFIED,288,bags
2026-09-24,,Arabica,Peru,HA/BR,TOTAL_BAGS_CERTIFIED,496,bags
2026-09-24,,Arabica,Tanzania,HA/BR,TOTAL_BAGS_CERTIFIED,1725,bags
2026-09-24,,Arabica,Uganda,HA/BR,TOTAL_BAGS_CERTIFIED,35,bags
2026-09-24,,Arabica,Venezuela,HA/BR,TOTAL_BAGS_CERTIFIED,2750,bags
2026-09-24,,Arabica,Guatemala,HOU,TOTAL_BAGS_CERTIFIED,1375,bags
2026-09-24,,Arabica,Honduras,HOU,TOTAL_BAGS_CERTIFIED,38508,bags
2026-09-24,,Arabica,Nicaragua,HOU,TOTAL_BAGS_CERTIFIED,25,bags
2026-09-24,,Arabica,Honduras,MIAMI,TOTAL_BAGS_CERTIFIED,897,bags
2026-09-24,,Arabica,India,MIAMI,TOTAL_BAGS_CERTIFIED,285,bags
2026-09-24,,Arabica,Peru,MIAMI,TOTAL_BAGS_CERTIFIED,1500,bags
2026-09-24,,Arabica,Venezuela,MIAMI,TOTAL_BAGS_CERTIFIED,3500,bags
2026-09-24,,Arabica,Colombia,NOLA,TOTAL_BAGS_CERTIFIED,225,bags
2026-09-24,,Arabica,Honduras,NOLA,TOTAL_BAGS_CERTIFIED,4396,bags
2026-09-24,,Arabica,Mexico,NOLA,TOTAL_BAGS_CERTIFIED,3651,bags
2026-09-24,,Arabica,Venezuela,NY,TOTAL_BAGS_CERTIFIED,250,bags
2026-09-24,2026-09-23,Robusta,,ANT,NON_TENDERABLE,11,lots
2026-09-24,2026-09-23,Robusta,,ANT,VALID_CERTIFICATE,3582,lots
2026-09-24,2026-09-23,Robusta,,LON,VALID_CERTIFICATE,1795,lots
2026-09-24,2026-09-23,Robusta,,TRI,VALID_CERTIFICATE,21,lots
2026-09-25,,Arabica,Brazil,ANT,TOTAL_BAGS_CERTIFIED,52791,bags
2026-09-25,,Arabica,Burundi,ANT,TOTAL_BAGS_CERTIFIED,960,bags
2026-09-25,,Arabica,Colombia,ANT,TOTAL_BAGS_CERTIFIED,25,bags
2026-09-25,,Arabica,El Salvador,ANT,TOTAL_BAGS_CERTIFIED,868,bags
2026-09-25,,Arabica,Honduras,ANT,TOTAL_BAGS_CERTIFIED,9737,bags
2026-09-25,,Arabica,India,ANT,TOTAL_BAGS_CERTIFIED,3544,bags
2026-09-25,,Arabica,Kenya,ANT,TOTAL_BAGS_CERTIFIED,1845,bags
2026-09-25,,Arabica,Mexico,ANT,TOTAL_BAGS_CERTIFIED,10468,bags
2026-09-25,,Arabica,Nicaragua,ANT,TOTAL_BAGS_CERTIFIED,10785,bags
2026-09-25,,Arabica,Papua New Guinea,ANT,TOTAL_BAGS_CERTIFIED,1528,bags
2026-09-25,,Arabica,Peru,ANT,TOTAL_BAGS_CERTIFIED,46602,bags
2026-09-25,,Arabica,Rwanda,ANT,TOTAL_BAGS_CERTIFIED,7196,bags
2026-09-25,,Arabica,Tanzania,ANT,TOTAL_BAGS_CERTIFIED,9344,bags
2026-09-25,,Arabica,Uganda,ANT,TOTAL_BAGS_CERTIFIED,35287,bags
2026-09-25,,Arabica,Burundi,HA/BR,TOTAL_BAGS_CERTIFIED,285,bags
2026-09-25,,Arabica,Honduras,HA/BR,TOTAL_BAGS_CERTIFIED,125,bags
2026-09-25,,Arabica,India,HA/BR,TOTAL_BAGS_CERTIFIED,1709,bags
2026-09-25,,Arabica,Kenya,HA/BR,TOTAL_BAGS_CERTIFIED,1299,bags
2026-09-25,,Arabica,Papua New Guinea,HA/BR,TOTAL_BAGS_CERTIFIED,288,bags
2026-09-25,,Arabica,Peru,HA/BR,TOTAL_BAGS_CERTIFIED,496,bags
2026-09-25,,Arabica,Tanzania,HA/BR,TOTAL_BAGS_CERTIFIED,1725,bags
2026-09-25,,Arabica,Uganda,HA/BR,TOTAL_BAGS_CERTIFIED,35,bags
2026-09-25,,Arabica,Venezuela,HA/BR,TOTAL_BAGS_CERTIFIED,2750,bags
2026-09-25,,Arabica,Guatemala,HOU,TOTAL_BAGS_CERTIFIED,1375,bags
2026-09-25,,Arabica,Honduras,HOU,TOTAL_BAGS_CERTIFIED,38508,bags
2026-09-25,,Arabica,Nicaragua,HOU,TOTAL_BAGS_CERTIFIED,25,bags
2026-09-25,,Arabica,Honduras,MIAMI,TOTAL_BAGS_CERTIFIED,897,bags
2026-09-25,,Arabica,India,MIAMI,TOTAL_BAGS_CERTIFIED,285,bags
2026-09-25,,Arabica,Peru,MIAMI,TOTAL_BAGS_CERTIFIED,1500,bags
2026-09-25,,Arabica,Venezuela,MIAMI,TOTAL_BAGS_CERTIFIED,3500,bags
2026-09-25,,Arabica,Colombia,NOLA,TOTAL_BAGS_CERTIFIED,225,bags
2026-09-25,,Arabica,Honduras,NOLA,TOTAL_BAGS_CERTIFIED,4396,bags
2026-09-25,,Arabica,Mexico,NOLA,TOTAL_BAGS_CERTIFIED,3651,bags
2026-09-25,,Arabica,Venezuela,NY,TOTAL_BAGS_CERTIFIED,250,bags
2026-09-25,2026-09-24,Robusta,,ANT,NON_TENDERABLE,11,lots
2026-09-25,2026-09-24,Robusta,,ANT,VALID_CERTIFICATE,3577,lots
2026-09-25,2026-09-24,Robusta,,LON,VALID_CERTIFICATE,1778,lots
2026-09-25,2026-09-24,Robusta,,TRI,VALID_CERTIFICATE,21,lots
2026-09-28,,Arabica,Brazil,ANT,TOTAL_BAGS_CERTIFIED,52791,bags
2026-09-28,,Arabica,Burundi,ANT,TOTAL_BAGS_CERTIFIED,960,bags
2026-09-28,,Arabica,Colombia,ANT,TOTAL_BAGS_CERTIFIED,25,bags
2026-09-28,,Arabica,El Salvador,ANT,TOTAL_BAGS_CERTIFIED,820,bags
2026-09-28,,Arabica,Honduras,ANT,TOTAL_BAGS_CERTIFIED,9737,bags
2026-09-28,,Arabica,India,ANT,TOTAL_BAGS_CERTIFIED,3390,bags
2026-09-28,,Arabica,Kenya,ANT,TOTAL_BAGS_CERTIFIED,1845,bags
2026-09-28,,Arabica,Mexico,ANT,TOTAL_BAGS_CERTIFIED,10277,bags
2026-09-28,,Arabica,Nicaragua,ANT,TOTAL_BAGS_CERTIFIED,10785,bags
2026-09-28,,Arabica,Papua New Guinea,ANT,TOTAL_BAGS_CERTIFIED,1528,bags
2026-09-28,,Arabica,Peru,ANT,TOTAL_BAGS_CERTIFIED,45894,bags
2026-09-28,,Arabica,Rwanda,ANT,TOTAL_BAGS_CERTIFIED,7196,bags
2026-09-28,,Arabica,Tanzania,ANT,TOTAL_BAGS_CERTIFIED,9344,bags
2026-09-28,,Arabica,Uganda,ANT,TOTAL_BAGS_CERTIFIED,35287,bags
2026-09-28,,Arabica,Burundi,HA/BR,TOTAL_BAGS_CERTIFIED,285,bags
2026-09-28,,Arabica,Honduras,HA/BR,TOTAL_BAGS_CERTIFIED,125,bags
2026-09-28,,Arabica,India,HA/BR,TOTAL_BAGS_CERTIFIED,1709,bags
2026-09-28,,Arabica,Kenya,HA/BR,TOTAL_BAGS_CERTIFIED,1299,bags
2026-09-28,,Arabica,Papua New Guinea,HA/BR,TOTAL_BAGS_CERTIFIED,288,bags
2026-09-28,,Arabica,Peru,HA/BR,TOTAL_BAGS_CERTIFIED,496,bags
2026-09-28,,Arabica,Tanzania,HA/BR,TOTAL_BAGS_CERTIFIED,1725,bags
2026-09-28,,Arabica,Uganda,HA/BR,TOTAL_BAGS_CERTIFIED,35,bags
2026-09-28,,Arabica,Venezuela,HA/BR,TOTAL_BAGS_CERTIFIED,2750,bags
2026-09-28,,Arabica,Guatemala,HOU,TOTAL_BAGS_CERTIFIED,1375,bags
2026-09-28,,Arabica,Honduras,HOU,TOTAL_BAGS_CERTIFIED,38508,bags
2026-09-28,,Arabica,Nicaragua,HOU,TOTAL_BAGS_CERTIFIED,25,bags
2026-09-28,,Arabica,Honduras,MIAMI,TOTAL_BAGS_CERTIFIED,897,bags
2026-09-28,,Arabica,India,MIAMI,TOTAL_BAGS_CERTIFIED,285,bags
2026-09-28,,Arabica,Peru,MIAMI,TOTAL_BAGS_CERTIFIED,1500,bags
2026-09-28,,Arabica,Venezuela,MIAMI,TOTAL_BAGS_CERTIFIED,3500,bags
2026-09-28,,Arabica,Colombia,NOLA,TOTAL_BAGS_CERTIFIED,225,bags
2026-09-28,,Arabica,Honduras,NOLA,TOTAL_BAGS_CERTIFIED,4396,bags
2026-09-28,,Arabica,Mexico,NOLA,TOTAL_BAGS_CERTIFIED,3651,bags
2026-09-28,,Arabica,Venezuela,NY,TOTAL_BAGS_CERTIFIED,250,bags
2026-09-28,2026-09-27,Robusta,,ANT,NON_TENDERABLE,11,lots
2026-09-28,2026-09-27,Robusta,,ANT,VALID_CERTIFICATE,3564,lots
2026-09-28,2026-09-27,Robusta,,LON,VALID_CERTIFICATE,1778,lots
2026-09-28,2026-09-27,Robusta,,TRI,VALID_CERTIFICATE,21,lots
2026-09-29,,Arabica,Brazil,ANT,TOTAL_BAGS_CERTIFIED,59676,bags
2026-09-29,,Arabica,Burundi,ANT,TOTAL_BAGS_CERTIFIED,960,bags
2026-09-29,,Arabica,Colombia,ANT,TOTAL_BAGS_CERTIFIED,25,bags
2026-09-29,,Arabica,El Salvador,ANT,TOTAL_BAGS_CERTIFIED,820,bags
2026-09-29,,Arabica,Honduras,ANT,TOTAL_BAGS_CERTIFIED,8412,bags
2026-09-29,,Arabica,India,ANT,TOTAL_BAGS_CERTIFIED,3390,bags
2026-09-29,,Arabica,Kenya,ANT,TOTAL_BAGS_CERTIFIED,1525,bags
2026-09-29,,Arabica,Mexico,ANT,TOTAL_BAGS_CERTIFIED,10277,bags
2026-09-29,,Arabica,Nicaragua,ANT,TOTAL_BAGS_CERTIFIED,9788,bags
2026-09-29,,Arabica,Papua New Guinea,ANT,TOTAL_BAGS_CERTIFIED,1528,bags
2026-09-29,,Arabica,Peru,ANT,TOTAL_BAGS_CERTIFIED,44394,bags
2026-09-29,,Arabica,Rwanda,ANT,TOTAL_BAGS_CERTIFIED,7196,bags
2026-09-29,,Arabica,Tanzania,ANT,TOTAL_BAGS_CERTIFIED,9344,bags
2026-09-29,,Arabica,Uganda,ANT,TOTAL_BAGS_CERTIFIED,35287,bags
2026-09-29,,Arabica,Burundi,HA/BR,TOTAL_BAGS_CERTIFIED,285,bags
2026-09-29,,Arabica,Honduras,HA/BR,TOTAL_BAGS_CERTIFIED,125,bags
2026-09-29,,Arabica,India,HA/BR,TOTAL_BAGS_CERTIFIED,1709,bags
2026-09-29,,Arabica,Kenya,HA/BR,TOTAL_BAGS_CERTIFIED,1299,bags
2026-09-29,,Arabica,Papua New Guinea,HA/BR,TOTAL_BAGS_CERTIFIED,288,bags
2026-09-29,,Arabica,Peru,HA/BR,TOTAL_BAGS_CERTIFIED,496,bags
2026-09-29,,Arabica,Tanzania,HA/BR,TOTAL_BAGS_CERTIFIED,1725,bags
2026-09-29,,Arabica,Uganda,HA/BR,TOTAL_BAGS_CERTIFIED,35,bags
2026-09-29,,Arabica,Venezuela,HA/BR,TOTAL_BAGS_CERTIFIED,2750,bags
2026-09-29,,Arabica,Guatemala,HOU,TOTAL_BAGS_CERTIFIED,1375,bags
2026-09-29,,Arabica,Honduras,HOU,TOTAL_BAGS_CERTIFIED,38283,bags
2026-09-29,,Arabica,Nicaragua,HOU,TOTAL_BAGS_CERTIFIED,25,bags
2026-09-29,,Arabica,Honduras,MIAMI,TOTAL_BAGS_CERTIFIED,897,bags
2026-09-29,,Arabica,India,MIAMI,TOTAL_BAGS_CERTIFIED,285,bags
2026-09-29,,Arabica,Peru,MIAMI,TOTAL_BAGS_CERTIFIED,1500,bags
2026-09-29,,Arabica,Venezuela,MIAMI,TOTAL_BAGS_CERTIFIED,3500,bags
2026-09-29,,Arabica,Colombia,NOLA,TOTAL_BAGS_CERTIFIED,225,bags
2026-09-29,,Arabica,Honduras,NOLA,TOTAL_BAGS_CERTIFIED,4396,bags
2026-09-29,,Arabica,Mexico,NOLA,TOTAL_BAGS_CERTIFIED,3651,bags
2026-09-29,,Arabica,Venezuela,NY,TOTAL_BAGS_CERTIFIED,250,bags
2026-09-29,2026-09-28,Robusta,,ANT,NON_TENDERABLE,11,lots
2026-09-29,2026-09-28,Robusta,,ANT,VALID_CERTIFICATE,3547,lots
2026-09-29,2026-09-28,Robusta,,LON,VALID_CERTIFICATE,1712,lots
2026-09-29,2026-09-28,Robusta,,TRI,VALID_CERTIFICATE,21,lots
2026-09-30,,Arabica,Brazil,ANT,TOTAL_BAGS_CERTIFIED,66017,bags
2026-09-30,,Arabica,Burundi,ANT,TOTAL_BAGS_CERTIFIED,960,bags
2026-09-30,,Arabica,Colombia,ANT,TOTAL_BAGS_CERTIFIED,25,bags
2026-09-30,,Arabica,El Salvador,ANT,TOTAL_BAGS_CERTIFIED,820,bags
2026-09-30,,Arabica,Honduras,ANT,TOTAL_BAGS_CERTIFIED,8412,bags
2026-09-30,,Arabica,India,ANT,TOTAL_BAGS_CERTIFIED,3390,bags
2026-09-30,,Arabica,Kenya,ANT,TOTAL_BAGS_CERTIFIED,1525,bags
2026-09-30,,Arabica,Mexico,ANT,TOTAL_BAGS_CERTIFIED,10277,bags
2026-09-30,,Arabica,Nicaragua,ANT,TOTAL_BAGS_CERTIFIED,9788,bags
2026-09-30,,Arabica,Papua New Guinea,ANT,TOTAL_BAGS_CERTIFIED,1528,bags
2026-09-30,,Arabica,Peru,ANT,TOTAL_BAGS_CERTIFIED,44394,bags
2026-09-30,,Arabica,Rwanda,ANT,TOTAL_BAGS_CERTIFIED,7196,bags
2026-09-30,,Arabica,Tanzania,ANT,TOTAL_BAGS_CERTIFIED,9344,bags
2026-09-30,,Arabica,Uganda,ANT,TOTAL_BAGS_CERTIFIED,35621,bags
2026-09-30,,Arabica,Burundi,HA/BR,TOTAL_BAGS_CERTIFIED,285,bags
2026-09-30,,Arabica,Honduras,HA/BR,TOTAL_BAGS_CERTIFIED,125,bags
2026-09-30,,Arabica,India,HA/BR,TOTAL_BAGS_CERTIFIED,1709,bags
2026-09-30,,Arabica,Kenya,HA/BR,TOTAL_BAGS_CERTIFIED,1299,bags
2026-09-30,,Arabica,Papua New Guinea,HA/BR,TOTAL_BAGS_CERTIFIED,288,bags
2026-09-30,,Arabica,Peru,HA/BR,TOTAL_BAGS_CERTIFIED,496,bags
2026-09-30,,Arabica,Tanzania,HA/BR,TOTAL_BAGS_CERTIFIED,1725,bags
2026-09-30,,Arabica,Uganda,HA/BR,TOTAL_BAGS_CERTIFIED,35,bags
2026-09-30,,Arabica,Venezuela,HA/BR,TOTAL_BAGS_CERTIFIED,2750,bags
2026-09-30,,Arabica,Guatemala,HOU,TOTAL_BAGS_CERTIFIED,1375,bags
2026-09-30,,Arabica,Honduras,HOU,TOTAL_BAGS_CERTIFIED,36733,bags
2026-09-30,,Arabica,Nicaragua,HOU,TOTAL_BAGS_CERTIFIED,25,bags
2026-09-30,,Arabica,Honduras,MIAMI,TOTAL_BAGS_CERTIFIED,897,bags
2026-09-30,,Arabica,India,MIAMI,TOTAL_BAGS_CERTIFIED,285,bags
2026-09-30,,Arabica,Peru,MIAMI,TOTAL_BAGS_CERTIFIED,1500,bags
2026-09-30,,Arabica,Venezuela,MIAMI,TOTAL_BAGS_CERTIFIED,3500,bags
2026-09-30,,Arabica,Colombia,NOLA,TOTAL_BAGS_CERTIFIED,225,bags
2026-09-30,,Arabica,Honduras,NOLA,TOTAL_BAGS_CERTIFIED,3850,bags
2026-09-30,,Arabica,Mexico,NOLA,TOTAL_BAGS_CERTIFIED,3365,bags
2026-09-30,,Arabica,Brazil,NY,TOTAL_BAGS_CERTIFIED,640,bags
2026-09-30,,Arabica,Venezuela,NY,TOTAL_BAGS_CERTIFIED,250,bags
2026-09-30,2026-09-29,Robusta,,ANT,NON_TENDERABLE,11,lots
2026-09-30,2026-09-29,Robusta,,ANT,VALID_CERTIFICATE,3479,lots
2026-09-30,2026-09-29,Robusta,,LON,VALID_CERTIFICATE,1712,lots
2026-09-30,2026-09-29,Robusta,,TRI,VALID_CERTIFICATE,10,lots
2026-10-01,,Arabica,Brazil,ANT,TOTAL_BAGS_CERTIFIED,66017,bags
2026-10-01,,Arabica,Burundi,ANT,TOTAL_BAGS_CERTIFIED,960,bags
2026-10-01,,Arabica,Colombia,ANT,TOTAL_BAGS_CERTIFIED,25,bags
2026-10-01,,Arabica,El Salvador,ANT,TOTAL_BAGS_CERTIFIED,820,bags
2026-10-01,,Arabica,Honduras,ANT,TOTAL_BAGS_CERTIFIED,8412,bags
2026-10-01,,Arabica,India,ANT,TOTAL_BAGS_CERTIFIED,3390,bags
2026-10-01,,Arabica,Kenya,ANT,TOTAL_BAGS_CERTIFIED,1525,bags
2026-10-01,,Arabica,Mexico,ANT,TOTAL_BAGS_CERTIFIED,10277,bags
2026-10-01,,Arabica,Nicaragua,ANT,TOTAL_BAGS_CERTIFIED,9498,bags
2026-10-01,,Arabica,Papua New Guinea,ANT,TOTAL_BAGS_CERTIFIED,1528,bags
2026-10-01,,Arabica,Peru,ANT,TOTAL_BAGS_CERTIFIED,44394,bags
2026-10-01,,Arabica,Rwanda,ANT,TOTAL_BAGS_CERTIFIED,7196,bags
2026-10-01,,Arabica,Tanzania,ANT,TOTAL_BAGS_CERTIFIED,9344,bags
2026-10-01,,Arabica,Uganda,ANT,TOTAL_BAGS_CERTIFIED,35621,bags
2026-10-01,,Arabica,Burundi,HA/BR,TOTAL_BAGS_CERTIFIED,285,bags
2026-10-01,,Arabica,Honduras,HA/BR,TOTAL_BAGS_CERTIFIED,125,bags
2026-10-01,,Arabica,India,HA/BR,TOTAL_BAGS_CERTIFIED,1709,bags
2026-10-01,,Arabica,Kenya,HA/BR,TOTAL_BAGS_CERTIFIED,1299,bags
2026-10-01,,Arabica,Papua New Guinea,HA/BR,TOTAL_BAGS_CERTIFIED,288,bags
2026-10-01,,Arabica,Peru,HA/BR,TOTAL_BAGS_CERTIFIED,496,bags
2026-10-01,,Arabica,Tanzania,HA/BR,TOTAL_BAGS_CERTIFIED,1725,bags
2026-10-01,,Arabica,Uganda,HA/BR,TOTAL_BAGS_CERTIFIED,35,bags
2026-10-01,,Arabica,Venezuela,HA/BR,TOTAL_BAGS_CERTIFIED,2750,bags
2026-10-01,,Arabica,Guatemala,HOU,TOTAL_BAGS_CERTIFIED,1375,bags
2026-10-01,,Arabica,Honduras,HOU,TOTAL_BAGS_CERTIFIED,36733,bags
2026-10-01,,Arabica,Nicaragua,HOU,TOTAL_BAGS_CERTIFIED,25,bags
2026-10-01,,Arabica,Honduras,MIAMI,TOTAL_BAGS_CERTIFIED,897,bags
2026-10-01,,Arabica,India,MIAMI,TOTAL_BAGS_CERTIFIED,285,bags
2026-10-01,,Arabica,Peru,MIAMI,TOTAL_BAGS_CERTIFIED,1500,bags
2026-10-01,,Arabica,Venezuela,MIAMI,TOTAL_BAGS_CERTIFIED,3500,bags
2026-10-01,,Arabica,Colombia,NOLA,TOTAL_BAGS_CERTIFIED,225,bags
2026-10-01,,Arabica,Honduras,NOLA,TOTAL_BAGS_CERTIFIED,3850,bags
2026-10-01,,Arabica,Mexico,NOLA,TOTAL_BAGS_CERTIFIED,3365,bags
2026-10-01,,Arabica,Brazil,NY,TOTAL_BAGS_CERTIFIED,640,bags
2026-10-01,,Arabica,Venezuela,NY,TOTAL_BAGS_CERTIFIED,250,bags
2026-10-01,2026-09-30,Robusta,,ANT,NON_TENDERABLE,11,lots
2026-10-01,2026-09-30,Robusta,,ANT,VALID_CERTIFICATE,3462,lots
2026-10-01,2026-09-30,Robusta,,LON,VALID_CERTIFICATE,1712,lots
2026-10-01,2026-09-30,Robusta,,TRI,VALID_CERTIFICATE,10,lots
2026-10-02,,Arabica,Brazil,ANT,TOTAL_BAGS_CERTIFIED,66017,bags
2026-10-02,,Arabica,Burundi,ANT,TOTAL_BAGS_CERTIFIED,960,bags
2026-10-02,,Arabica,Colombia,ANT,TOTAL_BAGS_CERTIFIED,25,bags
2026-10-02,,Arabica,El Salvador,ANT,TOTAL_BAGS_CERTIFIED,820,bags
2026-10-02,,Arabica,Honduras,ANT,TOTAL_BAGS_CERTIFIED,8412,bags
2026-10-02,,Arabica,India,ANT,TOTAL_BAGS_CERTIFIED,3390,bags
2026-10-02,,Arabica,Kenya,ANT,TOTAL_BAGS_CERTIFIED,1525,bags
2026-10-02,,Arabica,Mexico,ANT,TOTAL_BAGS_CERTIFIED,10277,bags
2026-10-02,,Arabica,Nicaragua,ANT,TOTAL_BAGS_CERTIFIED,9498,bags
2026-10-02,,Arabica,Papua New Guinea,ANT,TOTAL_BAGS_CERTIFIED,1528,bags
2026-10-02,,Arabica,Peru,ANT,TOTAL_BAGS_CERTIFIED,44394,bags
2026-10-02,,Arabica,Rwanda,ANT,TOTAL_BAGS_CERTIFIED,7196,bags
2026-10-02,,Arabica,Tanzania,ANT,TOTAL_BAGS_CERTIFIED,9344,bags
2026-10-02,,Arabica,Uganda,ANT,TOTAL_BAGS_CERTIFIED,35621,bags
2026-10-02,,Arabica,Burundi,HA/BR,TOTAL_BAGS_CERTIFIED,285,bags
2026-10-02,,Arabica,India,HA/BR,TOTAL_BAGS_CERTIFIED,1709,bags
2026-10-02,,Arabica,Kenya,HA/BR,TOTAL_BAGS_CERTIFIED,1299,bags
2026-10-02,,Arabica,Papua New Guinea,HA/BR,TOTAL_BAGS_CERTIFIED,288,bags
2026-10-02,,Arabica,Peru,HA/BR,TOTAL_BAGS_CERTIFIED,496,bags
2026-10-02,,Arabica,Tanzania,HA/BR,TOTAL_BAGS_CERTIFIED,1725,bags
2026-10-02,,Arabica,Uganda,HA/BR,TOTAL_BAGS_CERTIFIED,35,bags
2026-10-02,,Arabica,Venezuela,HA/BR,TOTAL_BAGS_CERTIFIED,2750,bags
2026-10-02,,Arabica,Guatemala,HOU,TOTAL_BAGS_CERTIFIED,1375,bags
2026-10-02,,Arabica,Honduras,HOU,TOTAL_BAGS_CERTIFIED,36733,bags
2026-10-02,,Arabica,Nicaragua,HOU,TOTAL_BAGS_CERTIFIED,25,bags
2026-10-02,,Arabica,Honduras,MIAMI,TOTAL_BAGS_CERTIFIED,897,bags
2026-10-02,,Arabica,India,MIAMI,TOTAL_BAGS_CERTIFIED,285,bags
2026-10-02,,Arabica,Peru,MIAMI,TOTAL_BAGS_CERTIFIED,1500,bags
2026-10-02,,Arabica,Venezuela,MIAMI,TOTAL_BAGS_CERTIFIED,3500,bags
2026-10-02,,Arabica,Colombia,NOLA,TOTAL_BAGS_CERTIFIED,225,bags
2026-10-02,,Arabica,Honduras,NOLA,TOTAL_BAGS_CERTIFIED,3850,bags
2026-10-02,,Arabica,Mexico,NOLA,TOTAL_BAGS_CERTIFIED,3365,bags
2026-10-02,,Arabica,Brazil,NY,TOTAL_BAGS_CERTIFIED,640,bags
2026-10-02,,Arabica,Venezuela,NY,TOTAL_BAGS_CERTIFIED,250,bags
2026-10-02,2026-10-01,Robusta,,ANT,NON_TENDERABLE,11,lots
2026-10-02,2026-10-01,Robusta,,ANT,VALID_CERTIFICATE,3455,lots
2026-10-02,2026-10-01,Robusta,,LON,VALID_CERTIFICATE,1696,lots
2026-10-02,2026-10-01,Robusta,,TRI,VALID_CERTIFICATE,10,lots
